date,home_team,away_team,home_form,away_form,home_goals_avg,away_goals_avg,home_xg_avg,away_xg_avg,h2h_home_win_pct,h2h_draw_pct,h2h_away_win_pct,actual_result
2019-08-16,Athletic Club,Barcelona,0.0,0.0,1.0,1.0,1.0,1.0,0.0,0.0,0.0,Home Win
2019-08-17,Villarreal,Granada,0.0,0.0,1.0,1.0,1.0,1.0,0.0,0.0,0.0,Draw
2019-08-17,Valencia,Real Sociedad,0.0,0.0,1.0,1.0,1.0,1.0,0.0,0.0,0.0,Draw
2019-08-17,Leganes,Osasuna,0.0,0.0,1.0,1.0,1.0,1.0,0.0,0.0,0.0,Away Win
2019-08-17,Celta Vigo,Real Madrid,0.0,0.0,1.0,1.0,1.0,1.0,0.0,0.0,0.0,Away Win
2019-08-17,Mallorca,Eibar,0.0,0.0,1.0,1.0,1.0,1.0,0.0,0.0,0.0,Home Win
2019-08-18,Alaves,Levante,0.0,0.0,1.0,1.0,1.0,1.0,0.0,0.0,0.0,Home Win
2019-08-18,Atletico Madrid,Getafe,0.0,0.0,1.0,1.0,1.0,1.0,0.0,0.0,0.0,Home Win
2019-08-18,Real Betis,Valladolid,0.0,0.0,1.0,1.0,1.0,1.0,0.0,0.0,0.0,Home Win
2019-08-18,Espanyol,Sevilla,0.0,0.0,1.0,1.0,1.0,1.0,0.0,0.0,0.0,Away Win
2019-08-23,Levante,Villarreal,0.0,0.2,0.0,4.0,1.1,1.9,0.0,0.0,0.0,Home Win
2019-08-23,Granada,Sevilla,0.2,0.6,4.0,2.0,1.9,1.6,0.0,0.0,0.0,Away Win
2019-08-24,Osasuna,Eibar,0.6,0.0,1.0,1.0,0.2,0.7,0.0,0.0,0.0,Draw
2019-08-24,Getafe,Athletic Club,0.0,0.6,0.0,1.0,0.3,0.5,0.0,0.0,0.0,Draw
2019-08-24,Real Madrid,Valladolid,0.6,0.0,3.0,0.0,2.1,0.0,0.0,0.0,0.0,Draw
2019-08-24,Celta Vigo,Valencia,0.0,0.2,1.0,1.0,1.6,2.3,0.0,0.0,0.0,Home Win
2019-08-25,Barcelona,Betis,0.0,0.0,0.0,1.0,0.9,1.0,0.0,0.0,0.0,Home Win
2019-08-25,Mallorca,Real Sociedad,0.6,0.2,2.0,1.0,1.6,1.8,0.0,0.0,0.0,Away Win
2019-08-25,Leganes,Atletico Madrid,0.0,0.6,0.0,1.0,1.4,2.2,0.0,0.0,0.0,Away Win
2019-08-25,Alaves,Espanyol,0.6,0.0,1.0,0.0,0.5,0.2,0.0,0.0,0.0,Draw
2019-08-30,Athletic Club,Real Sociedad,0.8,0.8,1.0,1.0,0.5,1.7000000000000002,0.0,0.0,0.0,Home Win
2019-08-30,Sevilla,Celta Vigo,1.2,0.6,1.5,1.0,1.35,1.75,0.0,0.0,0.0,Draw
2019-08-31,Osasuna,Barcelona,0.8,0.6,0.5,2.5,0.35,1.75,0.0,0.0,0.0,Draw
2019-08-31,Real Betis,Leganes,0.6,0.0,1.0,0.0,1.5,0.8999999999999999,0.0,0.0,0.0,Home Win
2019-08-31,Getafe,Alaves,0.2,0.8,0.5,0.5,0.3,0.65,0.0,0.0,0.0,Draw
2019-08-31,Levante,Valladolid,0.6,0.2,1.0,0.5,1.6,0.6,0.0,0.0,0.0,Home Win
2019-09-01,Valencia,Mallorca,0.2,0.6,0.5,1.0,1.65,1.3,0.0,0.0,0.0,Home Win
2019-09-01,Atletico Madrid,Eibar,1.2,0.2,1.0,0.5,2.0,0.75,0.0,0.0,0.0,Home Win
2019-09-01,Villarreal,Real Madrid,0.2,0.8,2.5,2.0,2.45,1.9,0.0,0.0,0.0,Draw
2019-09-01,Espanyol,Granada,0.2,0.2,0.0,2.0,0.2,1.2,0.0,0.0,0.0,Away Win
2019-09-13,Mallorca,Athletic Club,0.6,1.4,0.6666666666666666,1.3333333333333333,1.2666666666666666,0.6666666666666666,0.0,0.0,0.0,Draw
2019-09-14,Leganes,Villarreal,0.0,0.4,0.0,2.3333333333333335,0.6,2.1,0.0,0.0,0.0,Away Win
2019-09-14,Barcelona,Valencia,0.8,0.8,2.3333333333333335,1.0,1.3,1.8666666666666665,0.0,0.0,0.0,Home Win
2019-09-14,Real Sociedad,Atletico Madrid,0.8,1.8,0.6666666666666666,1.6666666666666667,1.2000000000000002,1.8333333333333333,0.0,0.0,0.0,Home Win
2019-09-14,Real Madrid,Levante,1.0,1.2,2.0,1.3333333333333333,1.8999999999999997,1.9666666666666668,0.0,0.0,0.0,Home Win
2019-09-15,Real Betis,Getafe,1.2,0.4,1.5,0.6666666666666666,1.8,0.5333333333333333,0.0,0.0,0.0,Home Win
2019-09-15,Valladolid,Osasuna,0.2,1.0,0.3333333333333333,1.0,0.7666666666666666,0.8333333333333334,0.0,0.0,0.0,Draw
2019-09-15,Alaves,Sevilla,1.0,1.4,0.6666666666666666,1.3333333333333333,0.7666666666666666,1.4000000000000001,0.0,0.0,0.0,Away Win
2019-09-15,Celta Vigo,Granada,0.8,0.8,1.0,2.3333333333333335,1.3,1.2666666666666666,0.0,0.0,0.0,Away Win
2019-09-15,Eibar,Espanyol,0.2,0.2,1.0,0.0,0.7999999999999999,0.6,0.0,0.0,0.0,Away Win
2019-09-20,Osasuna,Betis,1.2,0.0,1.0,0.0,1.25,0.0,0.0,0.0,0.0,Draw
2019-09-21,Atletico Madrid,Celta Vigo,1.8,0.8,1.25,0.75,1.675,1.05,0.0,0.0,0.0,Draw
2019-09-21,Villarreal,Valladolid,1.0,0.4,2.5,0.5,1.975,0.75,0.0,0.0,0.0,Home Win
2019-09-21,Levante,Eibar,1.2,0.2,1.5,1.0,1.7750000000000001,0.7749999999999999,0.0,0.0,0.0,Draw
2019-09-21,Granada,Barcelona,1.4,1.4,2.25,3.0,1.25,1.575,0.0,0.0,0.0,Home Win
2019-09-22,Sevilla,Real Madrid,2.0,1.6,1.25,2.25,1.3250000000000002,2.15,0.0,0.0,0.0,Away Win
2019-09-22,Espanyol,Real Sociedad,0.8,1.4,0.5,1.0,0.8999999999999999,1.4250000000000003,0.0,0.0,0.0,Away Win
2019-09-22,Getafe,Mallorca,0.4,0.8,0.5,0.5,0.4,1.4,0.0,0.0,0.0,Home Win
2019-09-22,Athletic Club,Alaves,1.6,1.0,1.0,0.5,0.875,0.7749999999999999,0.0,0.0,0.0,Home Win
2019-09-22,Valencia,Leganes,0.8,0.0,1.25,0.0,1.775,0.5499999999999999,0.0,0.0,0.0,Draw
2019-09-24,Valladolid,Granada,0.4,2.0,0.4,2.2,0.6799999999999999,1.3800000000000001,0.0,0.0,0.0,Draw
2019-09-24,Barcelona,Villarreal,1.4,1.6,2.4,2.4,1.3599999999999999,2.0,0.0,0.0,0.0,Home Win
2019-09-24,Real Betis,Levante,1.8,1.4,1.3333333333333333,1.2,1.5666666666666667,1.7200000000000002,0.0,0.0,0.0,Home Win
2019-09-25,Mallorca,Atletico Madrid,0.8,2.0,0.8,1.0,1.2799999999999998,1.6800000000000002,0.0,0.0,0.0,Away Win
2019-09-25,Real Madrid,Osasuna,2.2,1.4,2.0,0.8,1.9599999999999997,1.42,0.0,0.0,0.0,Home Win
2019-09-25,Leganes,Athletic Club,0.2,2.2,0.2,1.2,0.6799999999999999,1.1800000000000002,0.0,0.0,0.0,Draw
2019-09-25,Valencia,Getafe,1.0,1.0,1.2,1.2,1.72,0.74,0.0,0.0,0.0,Draw
2019-09-26,Real Sociedad,Alaves,2.0,1.0,1.4,0.4,1.4000000000000001,0.6599999999999999,0.0,0.0,0.0,Home Win
2019-09-26,Celta Vigo,Espanyol,1.0,0.8,0.6,0.6,0.96,0.9,0.0,0.0,0.0,Draw
2019-09-26,Eibar,Sevilla,0.4,2.0,0.8,1.0,0.9,1.1600000000000001,0.0,0.0,0.0,Home Win
2019-09-27,Villarreal,Betis,1.4,0.2,2.1666666666666665,0.0,1.7666666666666666,0.0,0.0,0.0,0.0,Home Win
2019-09-28,Atletico Madrid,Real Madrid,2.0,2.2,1.1666666666666667,2.0,1.5666666666666667,1.8999999999999997,0.0,0.0,0.0,Draw
2019-09-28,Athletic Club,Valencia,1.8,1.0,1.1666666666666667,1.5,1.1833333333333333,1.633333333333333,0.0,0.0,0.0,Away Win
2019-09-28,Getafe,Barcelona,1.2,2.0,1.5,2.3333333333333335,0.9500000000000001,1.2166666666666666,0.0,0.0,0.0,Away Win
2019-09-28,Granada,Leganes,2.0,0.4,2.0,0.3333333333333333,1.25,0.6499999999999999,0.0,0.0,0.0,Home Win
2019-09-29,Levante,Osasuna,1.4,0.8,1.0,0.6666666666666666,1.4333333333333336,1.2166666666666666,0.0,0.0,0.0,Draw
2019-09-29,Sevilla,Real Sociedad,1.4,2.4,1.1666666666666667,1.6666666666666667,1.2000000000000002,1.8,0.0,0.0,0.0,Home Win
2019-09-29,Espanyol,Valladolid,1.0,0.6,0.6666666666666666,0.5,0.9500000000000001,0.7999999999999999,0.0,0.0,0.0,Away Win
2019-09-29,Alaves,Mallorca,0.4,0.2,0.3333333333333333,0.6666666666666666,0.6,1.15,0.0,0.0,0.0,Home Win
2019-09-29,Eibar,Celta Vigo,1.0,1.2,1.1666666666666667,0.6666666666666666,1.0,0.9833333333333334,0.0,0.0,0.0,Home Win
2019-10-04,Real Betis,Eibar,2.4,1.4,1.75,1.2857142857142858,1.9,1.0142857142857142,0.0,0.0,0.0,Home Win
2019-10-05,Valencia,Alaves,1.6,0.8,1.4285714285714286,0.5714285714285714,1.657142857142857,0.8142857142857142,0.0,0.0,0.0,Home Win
2019-10-05,Osasuna,Villarreal,0.8,2.0,0.7142857142857143,2.5714285714285716,1.2,1.9714285714285715,0.0,0.0,0.0,Home Win
2019-10-05,Real Madrid,Granada,2.2,2.6,1.7142857142857142,1.8571428571428572,1.6857142857142855,1.1714285714285713,0.0,0.0,0.0,Home Win
2019-10-05,Leganes,Levante,0.4,1.0,0.2857142857142857,1.0,0.7285714285714285,1.4571428571428573,0.0,0.0,0.0,Away Win
2019-10-06,Valladolid,Atletico Madrid,1.0,1.6,0.7142857142857143,1.0,0.9428571428571428,1.4714285714285715,0.0,0.0,0.0,Draw
2019-10-06,Mallorca,Espanyol,0.2,0.8,0.5714285714285714,0.5714285714285714,1.0142857142857142,1.0,0.0,0.0,0.0,Home Win
2019-10-06,Real Sociedad,Getafe,1.8,1.0,1.7142857142857142,1.2857142857142858,1.6571428571428573,0.9571428571428572,0.0,0.0,0.0,Away Win
2019-10-06,Celta Vigo,Athletic Club,0.6,1.6,0.5714285714285714,1.0,0.9714285714285715,1.2142857142857142,0.0,0.0,0.0,Home Win
2019-10-06,Barcelona,Sevilla,2.0,1.4,2.2857142857142856,1.4285714285714286,1.2285714285714284,1.2714285714285716,0.0,0.0,0.0,Home Win
2019-10-18,Granada,Osasuna,2.0,1.2,1.875,0.875,1.2249999999999999,1.2125000000000001,0.0,0.0,0.0,Home Win
2019-10-19,Atletico Madrid,Valencia,1.2,1.6,0.875,1.5,1.3875000000000002,1.6125,0.0,0.0,0.0,Draw
2019-10-19,Eibar,Barcelona,1.4,2.4,1.125,2.5,0.8875,1.3375,0.0,0.0,0.0,Away Win
2019-10-19,Mallorca,Real Madrid,0.8,2.6,0.75,2.0,0.9874999999999999,1.7999999999999998,0.0,0.0,0.0,Home Win
2019-10-19,Getafe,Leganes,1.4,0.4,1.375,0.375,0.9500000000000001,0.9874999999999999,0.0,0.0,0.0,Home Win
2019-10-20,Real Sociedad,Betis,1.8,0.2,1.625,0.0,1.5250000000000001,0.0,0.0,0.0,0.0,Home Win
2019-10-20,Espanyol,Villarreal,0.8,1.8,0.5,2.375,1.025,2.025,0.0,0.0,0.0,Away Win
2019-10-20,Athletic Club,Valladolid,1.0,1.2,0.875,0.625,1.0875,0.95,0.0,0.0,0.0,Draw
2019-10-20,Alaves,Celta Vigo,0.6,1.0,0.625,0.625,0.9249999999999999,1.0,0.0,0.0,0.0,Home Win
2019-10-20,Sevilla,Levante,1.2,1.0,1.25,1.125,1.425,1.425,0.0,0.0,0.0,Home Win
2019-10-25,Villarreal,Alaves,1.8,1.2,2.2222222222222223,0.7777777777777778,1.9777777777777779,1.0555555555555556,0.0,0.0,0.0,Home Win
2019-10-26,Valladolid,Eibar,1.2,1.4,0.6666666666666666,1.0,0.922222222222222,0.8222222222222222,0.0,0.0,0.0,Home Win
2019-10-26,Atletico Madrid,Athletic Club,1.4,1.0,0.8888888888888888,0.8888888888888888,1.4111111111111112,1.1333333333333333,0.0,0.0,0.0,Home Win
2019-10-26,Leganes,Mallorca,0.4,1.2,0.3333333333333333,0.7777777777777778,0.9444444444444444,0.8999999999999999,0.0,0.0,0.0,Home Win
2019-10-27,Osasuna,Valencia,1.0,1.8,0.7777777777777778,1.4444444444444444,1.1444444444444446,1.511111111111111,0.0,0.0,0.0,Home Win
2019-10-27,Levante,Espanyol,1.0,0.2,1.0,0.4444444444444444,1.3222222222222222,1.0222222222222221,0.0,0.0,0.0,Away Win
2019-10-27,Celta Vigo,Real Sociedad,1.0,1.8,0.5555555555555556,1.7777777777777777,1.0333333333333334,1.5111111111111113,0.0,0.0,0.0,Away Win
2019-10-27,Sevilla,Getafe,1.2,2.0,1.2222222222222223,1.4444444444444444,1.5666666666666669,0.9555555555555557,0.0,0.0,0.0,Home Win
2019-10-27,Granada,Betis,2.0,0.2,1.7777777777777777,0.0,1.1555555555555554,0.0,0.0,0.0,0.0,Home Win
2019-10-29,Alaves,Atletico Madrid,1.2,1.8,0.8,1.0,1.03,1.4200000000000002,0.0,0.0,0.0,Draw
2019-10-29,Barcelona,Valladolid,2.4,1.8,2.5555555555555554,0.8,1.3555555555555554,0.9999999999999998,0.0,0.0,0.0,Home Win
2019-10-30,Valencia,Sevilla,1.6,1.8,1.4,1.3,1.45,1.61,0.0,0.0,0.0,Draw
2019-10-30,Athletic Club,Espanyol,0.4,0.8,0.8,0.5,1.06,1.02,0.0,0.0,0.0,Home Win
2019-10-30,Real Betis,Celta Vigo,3.0,0.8,1.6,0.5,1.9,1.02,0.0,0.0,0.0,Home Win
2019-10-30,Real Madrid,Leganes,2.0,0.8,1.7777777777777777,0.4,1.711111111111111,1.02,0.0,0.0,0.0,Home Win
2019-10-30,Real Sociedad,Levante,1.8,0.8,1.7,0.9,1.4400000000000002,1.2200000000000002,0.0,0.0,0.0,Away Win
2019-10-31,Getafe,Granada,1.4,2.0,1.3,1.7,0.93,1.1999999999999997,0.0,0.0,0.0,Home Win
2019-10-31,Eibar,Villarreal,1.2,1.8,0.9,2.4,0.7999999999999999,2.0300000000000002,0.0,0.0,0.0,Home Win
2019-10-31,Mallorca,Osasuna,1.2,1.4,0.7,1.0,0.89,1.31,0.0,0.0,0.0,Draw
2019-11-02,Levante,Barcelona,1.4,3.0,1.1,2.8,1.2900000000000003,1.4899999999999998,0.0,0.0,0.0,Home Win
2019-11-02,Sevilla,Atletico Madrid,2.0,1.4,1.2,1.0,1.51,1.3699999999999999,0.0,0.0,0.0,Draw
2019-11-02,Real Madrid,Betis,2.0,0.2,2.1,0.0,2.02,0.0,0.0,0.0,0.0,Draw
2019-11-02,Espanyol,Valencia,0.6,1.6,0.5,1.4,1.09,1.3000000000000003,0.0,0.0,0.0,Away Win
2019-11-03,Villarreal,Athletic Club,1.8,0.8,2.1,1.0,1.9899999999999998,1.04,0.0,0.0,0.0,Draw
2019-11-03,Valladolid,Mallorca,1.6,1.4,0.9,0.7,1.1099999999999999,0.97,0.0,0.0,0.0,Home Win
2019-11-03,Granada,Real Sociedad,1.8,1.2,1.4,1.7,1.18,1.4200000000000002,0.0,0.0,0.0,Away Win
2019-11-03,Osasuna,Alaves,1.6,1.4,1.1,0.8,1.3900000000000001,1.04,0.0,0.0,0.0,Home Win
2019-11-03,Celta Vigo,Getafe,0.6,1.8,0.4,1.6,0.86,0.9800000000000001,0.0,0.0,0.0,Away Win
2019-11-03,Leganes,Eibar,0.6,1.2,0.4,1.0,0.9099999999999999,0.97,0.0,0.0,0.0,Away Win
2019-11-08,Real Sociedad,Leganes,1.8,0.6,1.8,0.5,1.36,1.01,0.0,0.0,0.0,Draw
2019-11-09,Alaves,Valladolid,0.8,1.6,1.0,1.1,1.11,1.19,0.0,0.0,0.0,Home Win
2019-11-09,Valencia,Granada,1.6,1.2,1.6,1.5,1.3900000000000001,1.15,0.0,0.0,0.0,Home Win
2019-11-09,Barcelona,Celta Vigo,2.4,0.6,2.9,0.3,1.6300000000000001,0.6900000000000001,0.0,0.0,0.0,Home Win
2019-11-09,Eibar,Real Madrid,1.2,1.6,1.2,1.8,0.9799999999999999,2.0900000000000003,0.0,0.0,0.0,Away Win
2019-11-10,Getafe,Osasuna,2.4,2.0,1.6,1.5,0.99,1.7100000000000002,0.0,0.0,0.0,Draw
2019-11-10,Real Betis,Sevilla,3.0,1.6,1.6666666666666667,1.2,1.75,1.4699999999999998,0.0,0.0,0.0,Home Win
2019-11-10,Athletic Club,Levante,1.0,1.8,0.9,1.2,1.08,1.1800000000000002,0.0,0.0,0.0,Home Win
2019-11-10,Mallorca,Villarreal,1.4,1.4,0.7,2.0,0.9399999999999998,1.77,0.0,0.0,0.0,Home Win
2019-11-10,Atletico Madrid,Espanyol,1.4,0.6,1.0,0.6,1.47,1.2000000000000002,0.0,0.0,0.0,Home Win
2019-11-22,Levante,Mallorca,1.2,1.4,1.1,1.0,0.9700000000000001,0.9899999999999999,0.0,0.0,0.0,Home Win
2019-11-23,Real Madrid,Real Sociedad,2.0,2.0,2.1,1.9,2.21,1.45,0.0,0.0,0.0,Home Win
2019-11-23,Real Betis,Valencia,3.0,1.6,1.5714285714285714,1.6,1.7714285714285716,1.23,0.0,0.0,0.0,Home Win
2019-11-23,Leganes,Barcelona,0.8,2.4,0.6,2.8,1.1099999999999999,1.51,0.0,0.0,0.0,Away Win
2019-11-23,Granada,Atletico Madrid,1.2,1.8,1.2,1.0,1.0599999999999998,1.5899999999999999,0.0,0.0,0.0,Draw
2019-11-24,Valladolid,Sevilla,1.4,1.6,1.1,1.1,1.11,1.3199999999999998,0.0,0.0,0.0,Away Win
2019-11-24,Eibar,Alaves,1.2,1.4,1.0,1.2,0.9899999999999999,1.35,0.0,0.0,0.0,Away Win
2019-11-24,Espanyol,Getafe,0.6,2.0,0.7,1.5,1.1,1.02,0.0,0.0,0.0,Draw
2019-11-24,Osasuna,Athletic Club,1.6,1.6,1.3,0.9,1.54,1.1400000000000001,0.0,0.0,0.0,Away Win
2019-11-24,Villarreal,Celta Vigo,1.4,0.0,1.9,0.3,1.95,0.6900000000000001,0.0,0.0,0.0,Away Win
2019-11-29,Celta Vigo,Valladolid,0.6,1.2,0.6,1.0,0.85,1.09,0.0,0.0,0.0,Draw
2019-11-30,Alaves,Real Madrid,1.4,2.0,1.4,2.2,1.4300000000000002,2.1599999999999997,0.0,0.0,0.0,Away Win
2019-11-30,Mallorca,Betis,0.8,0.4,1.1,0.0,0.9799999999999999,0.0,0.0,0.0,0.0,Home Win
2019-11-30,Valencia,Villarreal,1.4,0.8,1.4,1.7,1.08,1.9100000000000001,0.0,0.0,0.0,Home Win
2019-11-30,Real Sociedad,Eibar,1.4,1.2,1.8,0.9,1.4,1.06,0.0,0.0,0.0,Home Win
2019-12-01,Athletic Club,Granada,2.0,0.8,1.1,1.1,1.1,1.0099999999999998,0.0,0.0,0.0,Home Win
2019-12-01,Espanyol,Osasuna,0.8,1.6,0.6,1.3,1.03,1.4200000000000002,0.0,0.0,0.0,Away Win
2019-12-01,Atletico Madrid,Barcelona,1.8,2.4,1.1,2.8,1.7,1.6400000000000001,0.0,0.0,0.0,Away Win
2019-12-01,Getafe,Levante,1.6,1.8,1.6,1.1,1.09,1.03,0.0,0.0,0.0,Home Win
2019-12-01,Sevilla,Leganes,1.6,0.8,1.1,0.7,1.35,1.1099999999999999,0.0,0.0,0.0,Home Win
2019-12-06,Villarreal,Atletico Madrid,0.2,1.2,1.6,1.1,1.9100000000000001,1.67,0.0,0.0,0.0,Draw
2019-12-07,Barcelona,Mallorca,2.4,1.4,2.4,1.0,1.4900000000000002,1.1800000000000002,0.0,0.0,0.0,Home Win
2019-12-07,Granada,Alaves,0.2,1.4,0.9,1.5,0.9199999999999999,1.5399999999999998,0.0,0.0,0.0,Home Win
2019-12-07,Real Madrid,Espanyol,2.6,0.2,2.1,0.7,2.05,1.1,0.0,0.0,0.0,Home Win
2019-12-07,Levante,Valencia,1.8,2.0,1.1,1.5,0.9399999999999998,1.0799999999999998,0.0,0.0,0.0,Away Win
2019-12-08,Leganes,Celta Vigo,0.2,0.8,0.6,0.6,1.06,0.9,0.0,0.0,0.0,Home Win
2019-12-08,Real Betis,Athletic Club,3.0,2.6,1.625,1.1,1.7625,1.05,0.0,0.0,0.0,Home Win
2019-12-08,Valladolid,Real Sociedad,0.8,1.4,1.0,1.9,1.0900000000000003,1.38,0.0,0.0,0.0,Draw
2019-12-08,Osasuna,Sevilla,1.6,1.6,1.7,1.2,1.48,1.51,0.0,0.0,0.0,Draw
2019-12-08,Eibar,Getafe,1.2,2.2,1.0,1.6,0.9800000000000001,1.06,0.0,0.0,0.0,Away Win
2019-12-13,Alaves,Leganes,1.2,0.8,1.5,0.8,1.5400000000000003,1.1099999999999999,0.0,0.0,0.0,Draw
2019-12-14,Real Sociedad,Barcelona,1.6,2.4,1.6,2.9,1.1699999999999997,1.81,0.0,0.0,0.0,Draw
2019-12-14,Athletic Club,Eibar,2.0,0.6,1.0,0.7,0.9299999999999999,0.8600000000000001,0.0,0.0,0.0,Draw
2019-12-14,Atletico Madrid,Osasuna,1.2,1.6,0.9,1.8,1.73,1.5400000000000003,0.0,0.0,0.0,Home Win
2019-12-14,Granada,Levante,0.8,1.2,1.1,1.3,1.11,1.15,0.0,0.0,0.0,Away Win
2019-12-15,Sevilla,Villarreal,1.6,0.4,1.1,1.5,1.52,2.0,0.0,0.0,0.0,Away Win
2019-12-15,Valencia,Real Madrid,2.4,2.6,1.6,2.2,1.26,2.1699999999999995,0.0,0.0,0.0,Draw
2019-12-15,Espanyol,Betis,0.2,0.2,0.6,0.0,1.03,0.0,0.0,0.0,0.0,Home Win
2019-12-15,Celta Vigo,Mallorca,0.8,1.2,0.7,1.2,0.8400000000000001,1.2600000000000002,0.0,0.0,0.0,Draw
2019-12-15,Getafe,Valladolid,2.2,1.0,1.4,0.9,0.95,1.0100000000000002,0.0,0.0,0.0,Home Win
2019-12-18,Barcelona,Real Madrid,2.6,2.6,2.9,2.1,1.8800000000000001,2.18,0.0,0.0,0.0,Draw
2019-12-20,Eibar,Granada,0.2,0.8,0.5,1.1,0.7899999999999999,1.16,0.0,0.0,0.0,Home Win
2019-12-21,Valladolid,Valencia,0.4,2.0,0.7,1.6,0.8800000000000001,1.31,0.0,0.0,0.0,Draw
2019-12-21,Mallorca,Sevilla,1.4,1.4,1.4,0.9,1.4000000000000001,1.52,0.0,0.0,0.0,Away Win
2019-12-21,Villarreal,Getafe,0.8,2.2,1.2,1.6,1.8299999999999996,1.0,0.0,0.0,0.0,Home Win
2019-12-21,Barcelona,Alaves,2.2,1.4,2.7,1.4,1.8399999999999999,1.45,0.0,0.0,0.0,Home Win
2019-12-22,Leganes,Espanyol,1.0,0.8,0.9,0.8,1.0599999999999998,1.04,0.0,0.0,0.0,Home Win
2019-12-22,Real Betis,Atletico Madrid,3.0,1.6,1.7777777777777777,1.1,1.788888888888889,1.8900000000000001,0.0,0.0,0.0,Home Win
2019-12-22,Levante,Celta Vigo,1.2,1.0,1.4,0.9,1.0899999999999999,0.97,0.0,0.0,0.0,Home Win
2019-12-22,Real Madrid,Athletic Club,2.2,2.0,2.1,1.0,2.2199999999999998,0.8800000000000001,0.0,0.0,0.0,Draw
2019-12-22,Osasuna,Real Sociedad,1.0,1.2,1.7,1.6,1.5,1.3599999999999999,0.0,0.0,0.0,Away Win
2020-01-03,Valladolid,Leganes,0.6,1.4,0.8,1.0,0.86,0.8800000000000001,0.0,0.0,0.0,Draw
2020-01-03,Sevilla,Athletic Club,2.0,1.6,1.1,1.0,1.43,0.9,0.0,0.0,0.0,Draw
2020-01-04,Espanyol,Barcelona,0.8,2.2,0.8,2.7,0.99,1.7599999999999998,0.0,0.0,0.0,Draw
2020-01-04,Valencia,Eibar,1.6,0.8,1.5,0.8,1.3,0.9799999999999999,0.0,0.0,0.0,Home Win
2020-01-04,Atletico Madrid,Levante,1.0,1.8,1.1,1.5,1.81,1.2399999999999998,0.0,0.0,0.0,Home Win
2020-01-04,Getafe,Real Madrid,2.0,1.8,1.4,1.7,0.9700000000000001,2.21,0.0,0.0,0.0,Away Win
2020-01-05,Real Sociedad,Villarreal,1.6,1.4,1.9,1.2,1.52,1.8199999999999998,0.0,0.0,0.0,Away Win
2020-01-05,Celta Vigo,Osasuna,1.0,0.8,0.9,1.8,0.9400000000000001,1.7100000000000002,0.0,0.0,0.0,Draw
2020-01-05,Granada,Mallorca,0.8,0.8,0.9,1.2,1.17,1.4000000000000001,0.0,0.0,0.0,Home Win
2020-01-05,Alaves,Betis,0.8,0.2,1.4,0.0,1.32,0.0,0.0,0.0,0.0,Home Win
2020-01-17,Leganes,Getafe,1.6,1.8,1.2,1.2,1.05,1.0000000000000002,0.0,0.0,1.0,Away Win
2020-01-18,Levante,Alaves,1.2,0.8,1.6,1.3,1.2799999999999998,1.1400000000000001,0.0,0.0,1.0,Away Win
2020-01-18,Eibar,Atletico Madrid,0.8,1.4,0.8,1.2,1.05,1.77,0.0,0.0,1.0,Home Win
2020-01-18,Osasuna,Valladolid,1.0,0.8,1.9,0.9,1.72,0.97,0.0,1.0,0.0,Draw
2020-01-18,Real Madrid,Sevilla,1.8,1.6,2.0,1.1,2.29,1.2899999999999998,1.0,0.0,0.0,Home Win
2020-01-19,Mallorca,Valencia,0.8,2.2,1.1,1.5,1.4900000000000002,1.33,0.0,0.0,1.0,Home Win
2020-01-19,Villarreal,Espanyol,2.0,0.8,1.3,1.0,1.7999999999999996,0.96,1.0,0.0,0.0,Away Win
2020-01-19,Barcelona,Granada,1.8,1.2,2.6,0.9,1.8299999999999996,1.2399999999999998,0.0,0.0,1.0,Home Win
2020-01-19,Real Betis,Real Sociedad,3.0,1.6,1.7,1.7,1.7200000000000002,1.4699999999999998,0.0,0.0,0.0,Home Win
2020-01-19,Athletic Club,Celta Vigo,1.2,0.6,1.0,1.0,0.7700000000000002,0.97,0.0,0.0,1.0,Draw
2020-01-24,Osasuna,Levante,0.6,1.2,1.6,1.6,1.6300000000000001,1.37,0.0,1.0,0.0,Home Win
2020-01-25,Espanyol,Athletic Club,1.4,0.8,1.1,1.1,1.03,1.1,0.0,0.0,1.0,Draw
2020-01-25,Alaves,Villarreal,1.4,2.0,1.3,1.0,1.27,1.7900000000000003,0.0,0.0,1.0,Away Win
2020-01-25,Sevilla,Granada,1.0,1.2,1.0,0.8,1.1300000000000001,1.1,1.0,0.0,0.0,Home Win
2020-01-25,Valencia,Barcelona,1.6,1.8,1.5,2.2,1.2799999999999998,1.6800000000000002,0.0,0.0,1.0,Home Win
2020-01-26,Valladolid,Real Madrid,0.8,1.8,0.7,1.7,0.85,1.9400000000000002,0.0,1.0,0.0,Away Win
2020-01-26,Atletico Madrid,Leganes,1.4,1.6,1.0,1.1,1.73,0.9200000000000002,1.0,0.0,0.0,Draw
2020-01-26,Celta Vigo,Eibar,0.6,1.4,1.1,1.0,0.95,1.0699999999999998,0.0,0.0,1.0,Draw
2020-01-26,Real Sociedad,Mallorca,1.0,0.8,1.6,1.5,1.3900000000000001,1.6,1.0,0.0,0.0,Home Win
2020-01-26,Getafe,Betis,1.8,0.2,1.5,0.0,1.06,0.0,0.0,0.0,0.0,Home Win
2020-02-01,Valencia,Celta Vigo,1.6,0.8,1.6,1.1,1.3199999999999998,1.06,0.0,0.0,1.0,Home Win
2020-02-01,Real Madrid,Atletico Madrid,2.2,1.4,1.8,0.9,1.7200000000000002,1.6599999999999997,0.0,1.0,0.0,Home Win
2020-02-01,Mallorca,Valladolid,0.8,0.6,1.3,0.6,1.41,0.7699999999999999,0.0,0.0,1.0,Away Win
2020-02-01,Granada,Espanyol,0.6,1.6,0.7,1.2,0.99,1.0,1.0,0.0,0.0,Home Win
2020-02-02,Athletic Club,Getafe,1.0,1.8,0.9,1.3,1.1500000000000001,1.12,0.0,1.0,0.0,Away Win
2020-02-02,Villarreal,Osasuna,2.4,1.0,1.1,1.6,1.7400000000000002,1.72,0.0,0.0,1.0,Home Win
2020-02-02,Eibar,Betis,1.6,0.2,0.8,0.0,0.85,0.0,0.0,0.0,0.0,Home Win
2020-02-02,Sevilla,Alaves,1.4,1.4,1.1,1.3,1.1500000000000001,1.3,1.0,0.0,0.0,Draw
2020-02-02,Barcelona,Levante,1.6,1.2,2.1,1.4,1.56,1.25,0.0,0.0,1.0,Home Win
2020-02-02,Leganes,Real Sociedad,1.2,1.4,1.1,1.8,0.93,1.4800000000000002,0.0,1.0,0.0,Home Win
2020-02-07,Alaves,Eibar,1.4,2.0,1.2,0.7,1.22,0.9800000000000001,1.0,0.0,0.0,Home Win
2020-02-08,Atletico Madrid,Granada,0.8,1.2,0.8,0.8,1.42,1.0699999999999998,0.0,1.0,0.0,Home Win
2020-02-08,Valladolid,Villarreal,1.2,2.4,0.4,1.4,0.6900000000000001,1.8700000000000003,0.0,0.0,1.0,Draw
2020-02-08,Getafe,Valencia,1.8,2.0,1.4,1.5,1.25,1.23,0.0,1.0,0.0,Home Win
2020-02-08,Levante,Leganes,0.6,1.6,1.2,1.2,1.29,0.9099999999999999,1.0,0.0,0.0,Home Win
2020-02-09,Osasuna,Real Madrid,1.0,2.6,1.3,1.5,1.44,1.54,0.0,0.0,1.0,Away Win
2020-02-09,Real Sociedad,Athletic Club,1.2,0.8,1.7,0.9,1.4,1.1500000000000001,0.0,0.0,1.0,Home Win
2020-02-09,Espanyol,Mallorca,1.0,0.6,1.2,1.3,1.17,1.4,0.0,0.0,1.0,Home Win
2020-02-09,Celta Vigo,Sevilla,0.6,1.6,1.1,1.1,1.17,1.2500000000000002,0.0,1.0,0.0,Home Win
2020-02-09,Real Betis,Barcelona,3.0,2.0,1.9,1.9,1.75,1.7600000000000002,0.0,0.0,0.0,Home Win
2020-02-14,Valencia,Atletico Madrid,1.8,1.4,1.3,0.6,1.19,1.21,0.0,1.0,0.0,Draw
2020-02-15,Granada,Valladolid,1.2,1.2,0.8,0.5,1.1099999999999999,0.72,0.0,1.0,0.0,Home Win
2020-02-15,Barcelona,Getafe,1.4,2.4,1.7,1.7,1.5900000000000003,1.41,1.0,0.0,0.0,Home Win
2020-02-15,Mallorca,Alaves,0.6,2.0,1.0,1.1,1.29,1.0100000000000002,0.0,0.0,1.0,Home Win
2020-02-15,Villarreal,Levante,2.0,0.6,1.4,1.3,1.6800000000000002,1.3299999999999998,0.0,0.0,1.0,Home Win
2020-02-16,Real Madrid,Celta Vigo,3.0,1.2,1.6,1.2,1.6600000000000001,1.29,1.0,0.0,0.0,Draw
2020-02-16,Sevilla,Espanyol,1.0,1.6,1.2,1.2,1.37,1.29,1.0,0.0,0.0,Draw
2020-02-16,Athletic Club,Osasuna,0.6,1.0,0.8,1.4,1.07,1.52,1.0,0.0,0.0,Away Win
2020-02-16,Leganes,Betis,1.0,0.0,1.1,0.0,0.9299999999999999,0.0,0.0,0.0,0.0,Draw
2020-02-21,Real Betis,Mallorca,3.0,1.2,1.9,1.0,1.64,1.3299999999999998,0.0,0.0,0.0,Home Win
2020-02-22,Barcelona,Eibar,1.8,1.4,1.8,0.8,1.6800000000000002,0.89,1.0,0.0,0.0,Home Win
2020-02-22,Real Sociedad,Valencia,1.2,1.4,1.8,1.5,1.5100000000000002,1.32,0.0,1.0,0.0,Home Win
2020-02-22,Levante,Real Madrid,0.6,2.6,1.2,1.6,1.3,1.6799999999999997,0.0,0.0,1.0,Home Win
2020-02-22,Celta Vigo,Leganes,1.2,1.0,1.1,1.0,1.2000000000000002,0.95,0.0,0.0,1.0,Home Win
2020-02-23,Getafe,Sevilla,2.4,1.0,1.7,1.3,1.47,1.4100000000000001,0.0,0.0,1.0,Away Win
2020-02-23,Alaves,Athletic Club,1.4,0.4,0.9,0.6,0.9400000000000001,1.04,0.0,0.0,1.0,Home Win
2020-02-23,Atletico Madrid,Villarreal,1.0,2.0,0.7,1.5,1.1,1.6300000000000001,0.0,1.0,0.0,Home Win
2020-02-23,Valladolid,Espanyol,1.0,1.6,0.6,1.3,0.74,1.23,1.0,0.0,0.0,Home Win
2020-02-23,Osasuna,Granada,1.4,1.2,1.4,0.9,1.45,1.29,0.0,0.0,1.0,Away Win
2020-02-28,Real Sociedad,Valladolid,1.8,1.4,2.0,0.8,1.53,0.8099999999999999,0.0,1.0,0.0,Home Win
2020-02-29,Leganes,Alaves,1.0,1.4,1.0,1.0,0.9200000000000002,0.99,0.0,1.0,0.0,Draw
2020-02-29,Eibar,Levante,1.4,1.2,0.8,1.3,0.7999999999999999,1.31,0.0,1.0,0.0,Home Win
2020-02-29,Valencia,Betis,1.4,0.2,1.3,0.0,1.2000000000000002,0.0,0.0,0.0,0.0,Home Win
2020-02-29,Granada,Celta Vigo,1.8,1.6,1.2,1.2,1.32,1.1099999999999999,1.0,0.0,0.0,Draw
2020-03-01,Mallorca,Getafe,0.6,1.8,0.9,1.3,1.05,1.34,0.0,0.0,1.0,Away Win
2020-03-01,Sevilla,Osasuna,1.6,1.2,1.5,1.0,1.45,1.27,0.0,1.0,0.0,Home Win
2020-03-01,Real Madrid,Barcelona,2.0,1.8,1.4,1.8,1.6299999999999997,1.7400000000000002,0.0,1.0,0.0,Home Win
2020-03-01,Athletic Club,Villarreal,0.2,2.0,0.5,1.5,0.93,1.46,0.0,1.0,0.0,Home Win
2020-03-01,Espanyol,Atletico Madrid,1.0,1.6,1.2,1.0,1.19,1.13,0.0,0.0,1.0,Draw
2020-03-06,Alaves,Valencia,1.6,1.4,1.1,1.1,1.0500000000000003,1.0000000000000002,0.0,0.0,1.0,Draw
2020-03-07,Barcelona,Real Sociedad,1.8,2.4,1.6,1.7,1.7700000000000002,1.6199999999999999,0.0,1.0,0.0,Home Win
2020-03-07,Atletico Madrid,Sevilla,1.6,1.6,1.1,1.7,1.06,1.54,0.0,1.0,0.0,Draw
2020-03-07,Eibar,Mallorca,1.4,0.6,1.0,0.7,1.01,0.9299999999999999,0.0,0.0,1.0,Away Win
2020-03-07,Getafe,Celta Vigo,1.8,1.6,1.3,1.0,1.34,1.09,1.0,0.0,0.0,Draw
2020-03-08,Real Betis,Real Madrid,3.0,2.0,2.1,1.5,1.8599999999999999,1.5699999999999998,0.0,0.0,0.0,Home Win
2020-03-08,Valladolid,Athletic Club,1.4,0.6,0.8,0.6,0.8300000000000001,1.19,0.0,1.0,0.0,Away Win
2020-03-08,Levante,Granada,1.2,2.0,1.1,0.9,1.17,1.1700000000000002,1.0,0.0,0.0,Draw
2020-03-08,Villarreal,Leganes,1.4,1.0,1.5,0.8,1.41,0.93,1.0,0.0,0.0,Away Win
2020-03-08,Osasuna,Espanyol,0.6,1.0,1.1,1.3,1.3599999999999999,1.2599999999999998,1.0,0.0,0.0,Home Win
2020-03-10,Eibar,Real Sociedad,1.2,1.8,1.1,1.7,1.07,1.5,0.0,0.0,1.0,Away Win
2020-06-11,Sevilla,Betis,1.6,0.2,1.8,0.0,1.54,0.0,0.0,0.0,0.0,Home Win
2020-06-12,Granada,Getafe,1.6,1.4,0.9,1.1,1.1700000000000002,1.3,0.0,0.0,1.0,Home Win
2020-06-12,Valencia,Levante,1.0,1.4,1.1,1.0,0.8399999999999999,1.1599999999999997,1.0,0.0,0.0,Draw
2020-06-13,Celta Vigo,Villarreal,1.8,0.8,0.8,1.4,0.89,1.47,1.0,0.0,0.0,Away Win
2020-06-13,Mallorca,Barcelona,1.2,1.8,0.7,1.7,0.85,1.9,0.0,0.0,1.0,Away Win
2020-06-13,Espanyol,Alaves,1.0,1.6,1.1,1.1,1.15,1.03,0.0,1.0,0.0,Home Win
2020-06-13,Leganes,Valladolid,1.0,0.8,0.9,0.9,1.05,0.99,0.0,1.0,0.0,Away Win
2020-06-14,Real Madrid,Eibar,1.4,0.6,1.5,1.2,1.4899999999999998,1.23,1.0,0.0,0.0,Home Win
2020-06-14,Real Sociedad,Osasuna,2.4,1.2,1.7,1.2,1.35,1.53,1.0,0.0,0.0,Draw
2020-06-14,Athletic Club,Atletico Madrid,1.2,1.8,1.0,1.1,1.21,1.01,0.0,0.0,1.0,Draw
2020-06-15,Real Betis,Granada,3.0,2.2,2.0,1.1,1.7,1.23,0.0,0.0,0.0,Home Win
2020-06-15,Levante,Sevilla,1.0,2.2,0.8,1.8,1.03,1.5499999999999998,0.0,0.0,1.0,Draw
2020-06-16,Villarreal,Mallorca,1.2,1.2,1.4,0.7,1.41,0.8799999999999999,0.0,0.0,1.0,Home Win
2020-06-16,Getafe,Espanyol,0.8,1.0,1.2,1.3,1.3,1.3299999999999998,0.0,1.0,0.0,Draw
2020-06-16,Barcelona,Leganes,2.4,1.0,1.7,0.8,1.9899999999999998,1.09,1.0,0.0,0.0,Home Win
2020-06-17,Valladolid,Celta Vigo,1.2,1.2,1.0,0.7,1.01,0.82,0.0,1.0,0.0,Draw
2020-06-17,Eibar,Athletic Club,0.6,1.4,1.0,1.1,1.09,1.21,0.0,1.0,0.0,Draw
2020-06-17,Osasuna,Atletico Madrid,1.4,1.4,1.0,1.2,1.3,1.1400000000000001,0.0,0.0,1.0,Away Win
2020-06-18,Alaves,Real Sociedad,1.0,2.0,1.0,1.4,1.0,1.23,0.0,0.0,1.0,Home Win
2020-06-18,Real Madrid,Valencia,1.4,1.2,1.8,1.1,1.34,0.82,0.0,1.0,0.0,Home Win
2020-06-19,Granada,Villarreal,1.6,1.2,1.0,1.3,1.1,1.42,0.0,1.0,0.0,Away Win
2020-06-19,Sevilla,Barcelona,2.2,2.4,1.8,1.7,1.51,1.9300000000000002,0.0,0.0,1.0,Draw
2020-06-19,Mallorca,Leganes,0.6,0.8,0.7,0.6,0.9299999999999999,0.9400000000000002,0.0,0.0,1.0,Draw
2020-06-20,Getafe,Eibar,1.0,0.8,1.2,1.2,1.3800000000000001,1.2,1.0,0.0,0.0,Draw
2020-06-20,Athletic Club,Betis,1.6,0.2,1.2,0.0,1.33,0.0,0.0,0.0,0.0,Home Win
2020-06-20,Espanyol,Levante,1.0,1.2,1.1,0.8,1.29,1.03,1.0,0.0,0.0,Away Win
2020-06-20,Atletico Madrid,Valladolid,1.8,1.4,1.5,0.8,1.19,0.8700000000000001,0.0,1.0,0.0,Home Win
2020-06-21,Celta Vigo,Alaves,1.2,1.6,0.6,1.1,0.7700000000000001,1.1199999999999999,0.0,0.0,1.0,Home Win
2020-06-21,Valencia,Osasuna,1.0,0.8,1.0,0.9,0.74,1.33,0.0,0.0,1.0,Home Win
2020-06-21,Real Sociedad,Real Madrid,1.4,1.8,1.3,1.8,1.19,1.35,0.0,0.0,1.0,Away Win
2020-06-22,Leganes,Granada,1.0,1.0,0.7,1.0,1.0300000000000002,1.1800000000000002,0.0,0.0,1.0,Draw
2020-06-22,Villarreal,Sevilla,1.8,1.8,1.3,1.7,1.23,1.55,1.0,0.0,0.0,Draw
2020-06-23,Levante,Atletico Madrid,1.2,1.8,1.1,1.6,1.1,1.19,0.0,0.0,1.0,Away Win
2020-06-23,Valladolid,Getafe,0.8,1.2,0.8,1.0,0.8500000000000002,1.3299999999999998,0.0,0.0,1.0,Draw
2020-06-23,Barcelona,Athletic Club,2.0,2.2,1.6,1.2,1.8900000000000001,1.13,0.0,0.0,1.0,Home Win
2020-06-24,Alaves,Osasuna,1.0,0.8,1.0,0.9,0.93,1.29,0.0,0.0,1.0,Away Win
2020-06-24,Real Sociedad,Celta Vigo,0.8,1.2,1.4,1.1,1.23,0.99,1.0,0.0,0.0,Away Win
2020-06-24,Real Madrid,Mallorca,2.4,0.8,1.8,0.4,1.35,0.78,0.0,0.0,1.0,Home Win
2020-06-25,Eibar,Valencia,0.4,1.6,1.1,1.1,1.1800000000000002,0.85,0.0,0.0,1.0,Home Win
2020-06-25,Real Betis,Espanyol,3.0,1.0,2.1,1.0,1.6800000000000002,1.1800000000000002,0.0,0.0,0.0,Home Win
2020-06-26,Sevilla,Valladolid,1.4,1.0,1.7,0.9,1.56,0.9700000000000001,1.0,0.0,0.0,Draw
2020-06-27,Osasuna,Leganes,1.4,1.0,0.8,0.7,1.21,1.11,1.0,0.0,0.0,Home Win
2020-06-27,Athletic Club,Mallorca,1.6,0.8,1.1,0.4,1.09,0.79,0.0,1.0,0.0,Home Win
2020-06-27,Celta Vigo,Barcelona,1.6,2.6,1.2,1.7,0.9700000000000001,1.9600000000000002,0.0,0.0,1.0,Draw
2020-06-27,Atletico Madrid,Alaves,2.2,0.8,1.7,0.9,1.1800000000000002,0.9299999999999999,0.0,1.0,0.0,Home Win
2020-06-28,Villarreal,Valencia,2.0,1.0,1.3,0.9,1.2200000000000002,0.77,0.0,0.0,1.0,Home Win
2020-06-28,Espanyol,Real Madrid,0.8,2.4,0.9,1.9,1.12,1.4200000000000002,0.0,0.0,1.0,Away Win
2020-06-28,Levante,Betis,1.2,0.2,1.1,0.0,1.1300000000000001,0.0,0.0,0.0,0.0,Home Win
2020-06-28,Granada,Eibar,1.0,1.0,1.0,1.2,1.13,1.22,0.0,0.0,1.0,Away Win
2020-06-29,Getafe,Real Sociedad,0.8,0.8,1.0,1.1,1.26,1.06,1.0,0.0,0.0,Home Win
2020-06-30,Barcelona,Atletico Madrid,2.2,2.6,1.7,1.9,1.77,1.32,1.0,0.0,0.0,Draw
2020-06-30,Leganes,Sevilla,0.4,1.4,0.6,1.7,1.15,1.56,0.0,0.0,1.0,Away Win
2020-06-30,Mallorca,Celta Vigo,0.2,1.6,0.5,1.4,0.8600000000000001,1.03,0.0,1.0,0.0,Home Win
2020-07-01,Real Betis,Villarreal,3.0,2.6,2.0,1.2,1.67,1.22,0.0,0.0,0.0,Draw
2020-07-01,Alaves,Granada,0.6,0.8,0.9,0.9,0.96,1.18,0.0,0.0,1.0,Away Win
2020-07-01,Valencia,Athletic Club,0.8,1.6,0.8,1.4,0.6900000000000002,1.26,1.0,0.0,0.0,Away Win
2020-07-01,Valladolid,Levante,1.2,1.6,0.9,1.4,0.9099999999999999,1.1400000000000001,0.0,0.0,1.0,Draw
2020-07-02,Real Sociedad,Espanyol,0.2,0.8,1.1,0.8,1.12,0.9,1.0,0.0,0.0,Home Win
2020-07-02,Eibar,Osasuna,1.6,1.4,1.3,0.9,1.17,1.22,0.0,1.0,0.0,Away Win
2020-07-02,Real Madrid,Getafe,3.0,1.2,1.9,1.0,1.52,1.23,1.0,0.0,0.0,Home Win
2020-07-03,Atletico Madrid,Mallorca,2.6,0.8,2.0,1.0,1.45,0.95,1.0,0.0,0.0,Home Win
2020-07-04,Celta Vigo,Betis,1.6,0.2,1.3,0.0,1.0100000000000002,0.0,0.0,0.0,0.0,Home Win
2020-07-04,Granada,Valencia,0.8,0.6,1.1,0.8,1.2200000000000002,0.76,0.0,0.0,1.0,Draw
2020-07-04,Valladolid,Alaves,0.8,0.6,0.8,0.7,1.01,0.9400000000000001,0.0,0.0,1.0,Home Win
2020-07-05,Osasuna,Getafe,1.8,1.2,1.0,0.7,1.22,0.99,0.0,1.0,0.0,Draw
2020-07-05,Espanyol,Leganes,0.2,0.4,0.8,0.6,0.7599999999999999,1.1099999999999999,0.0,0.0,1.0,Away Win
2020-07-05,Villarreal,Barcelona,2.2,1.8,1.1,1.9,1.09,1.9599999999999997,0.0,0.0,1.0,Away Win
2020-07-05,Athletic Club,Real Madrid,2.0,3.0,1.5,1.6,1.25,1.4400000000000002,0.0,1.0,0.0,Away Win
2020-07-06,Levante,Real Sociedad,1.6,0.6,1.2,1.1,1.08,1.0500000000000003,1.0,0.0,0.0,Draw
2020-07-06,Sevilla,Eibar,1.4,1.6,1.9,1.2,1.4999999999999998,1.25,0.0,0.0,1.0,Home Win
2020-07-07,Valencia,Valladolid,0.8,1.2,0.8,0.8,0.7000000000000001,0.99,0.0,1.0,0.0,Home Win
2020-07-07,Celta Vigo,Atletico Madrid,2.0,2.6,1.2,2.1,0.93,1.6,0.0,1.0,0.0,Draw
2020-07-08,Barcelona,Espanyol,1.8,0.0,2.1,0.6,2.02,0.7899999999999998,0.0,1.0,0.0,Home Win
2020-07-08,Real Betis,Osasuna,2.6,2.0,1.9,0.9,1.53,1.22,0.0,0.0,0.0,Home Win
2020-07-08,Getafe,Villarreal,1.2,1.6,0.6,1.0,0.89,1.1099999999999999,0.0,0.0,1.0,Away Win
2020-07-09,Athletic Club,Sevilla,1.8,1.8,1.5,1.8,1.2,1.4500000000000002,0.0,1.0,0.0,Away Win
2020-07-09,Mallorca,Levante,0.8,1.6,0.9,1.2,0.82,1.04,0.0,0.0,1.0,Home Win
2020-07-09,Eibar,Leganes,1.4,1.0,1.2,0.7,1.3499999999999999,1.09,1.0,0.0,0.0,Draw
2020-07-10,Real Madrid,Alaves,3.0,0.0,1.5,0.7,1.49,0.8900000000000002,1.0,0.0,0.0,Home Win
2020-07-10,Real Sociedad,Granada,0.8,1.0,0.9,1.1,0.95,1.2,1.0,0.0,0.0,Away Win
2020-07-11,Osasuna,Celta Vigo,2.0,1.6,0.9,1.2,1.13,0.95,0.0,1.0,0.0,Home Win
2020-07-11,Atletico Madrid,Betis,2.2,0.0,1.9,0.0,1.55,0.0,0.0,0.0,0.0,Home Win
2020-07-11,Valladolid,Barcelona,1.2,2.2,0.7,1.7,0.93,1.6900000000000002,0.0,0.0,1.0,Away Win
2020-07-12,Leganes,Valencia,1.0,0.8,0.7,1.0,1.0900000000000003,0.78,0.0,1.0,0.0,Home Win
2020-07-12,Levante,Athletic Club,1.0,1.2,1.1,1.5,1.0799999999999998,1.2100000000000002,0.0,0.0,1.0,Away Win
2020-07-12,Sevilla,Mallorca,2.2,1.2,1.7,1.1,1.3699999999999999,0.95,1.0,0.0,0.0,Home Win
2020-07-12,Espanyol,Eibar,0.0,1.4,0.5,0.9,0.76,1.0999999999999999,1.0,0.0,0.0,Away Win
2020-07-13,Villarreal,Real Sociedad,1.6,0.8,1.2,1.0,1.28,0.9,1.0,0.0,0.0,Away Win
2020-07-13,Alaves,Getafe,0.0,1.0,0.5,0.7,0.8300000000000001,0.8700000000000001,0.0,1.0,0.0,Draw
2020-07-13,Granada,Real Madrid,1.6,3.0,1.1,1.7,1.13,1.52,0.0,0.0,1.0,Away Win
2020-07-16,Real Betis,Alaves,2.6,0.2,2.0,0.4,1.54,0.7600000000000001,0.0,0.0,0.0,Home Win
2020-07-16,Eibar,Valladolid,1.4,1.0,1.0,0.7,1.2099999999999997,0.97,0.0,0.0,1.0,Home Win
2020-07-16,Real Sociedad,Sevilla,1.4,2.6,1.2,1.6,0.9800000000000001,1.3,0.0,0.0,1.0,Draw
2020-07-16,Mallorca,Granada,1.2,1.4,1.1,1.2,0.9800000000000001,1.1199999999999999,0.0,0.0,1.0,Away Win
2020-07-16,Barcelona,Osasuna,2.2,2.0,1.8,0.9,1.6300000000000001,1.1,0.0,1.0,0.0,Away Win
2020-07-16,Celta Vigo,Levante,1.0,1.0,1.3,1.2,1.0100000000000002,1.1199999999999999,0.0,0.0,1.0,Away Win
2020-07-16,Getafe,Atletico Madrid,1.0,2.2,0.6,1.9,0.85,1.53,0.0,0.0,1.0,Away Win
2020-07-16,Athletic Club,Leganes,1.8,1.4,1.6,0.7,1.04,1.1,0.0,1.0,0.0,Away Win
2020-07-16,Real Madrid,Villarreal,3.0,1.4,1.7,1.3,1.4500000000000002,1.2200000000000002,0.0,1.0,0.0,Home Win
2020-07-16,Valencia,Espanyol,0.8,0.0,0.8,0.4,0.8300000000000001,0.7100000000000001,1.0,0.0,0.0,Home Win
2020-07-19,Granada,Athletic Club,2.0,1.2,1.3,1.2,1.09,1.0,0.0,0.0,1.0,Home Win
2020-07-19,Levante,Getafe,1.0,0.4,1.4,0.6,1.18,0.9199999999999999,0.0,0.0,1.0,Home Win
2020-07-19,Villarreal,Eibar,0.8,1.4,1.3,1.2,1.12,1.28,0.0,0.0,1.0,Home Win
2020-07-19,Espanyol,Celta Vigo,0.0,0.8,0.4,1.5,0.8100000000000002,1.15,0.0,1.0,0.0,Draw
2020-07-19,Leganes,Real Madrid,2.0,3.0,0.7,1.9,1.11,1.61,0.0,0.0,1.0,Draw
2020-07-19,Sevilla,Valencia,2.6,1.4,1.4,0.8,1.1999999999999997,0.9000000000000001,0.0,1.0,0.0,Home Win
2020-07-19,Osasuna,Mallorca,2.0,1.2,1.0,1.0,0.9400000000000001,1.03,0.0,1.0,0.0,Draw
2020-07-19,Atletico Madrid,Real Sociedad,2.2,1.6,1.9,1.0,1.4499999999999997,0.9400000000000001,0.0,0.0,1.0,Draw
2020-07-19,Alaves,Barcelona,0.2,2.0,0.3,1.8,0.6600000000000001,1.52,0.0,0.0,1.0,Away Win
2020-07-19,Valladolid,Betis,0.8,0.0,0.7,0.0,0.9600000000000002,0.0,0.0,0.0,0.0,Home Win
2020-09-12,Cadiz,Osasuna,0.0,1.6,1.0,1.1,1.0,0.9200000000000002,0.0,0.0,0.0,Away Win
2020-09-12,Eibar,Celta Vigo,1.4,1.0,1.1,1.5,1.28,1.19,0.5,0.5,0.0,Draw
2020-09-12,Granada,Athletic Club,2.0,0.6,1.5,1.1,1.02,1.0299999999999998,0.5,0.0,0.5,Home Win
2020-09-13,Valladolid,Real Sociedad,1.2,1.2,0.7,1.0,0.9700000000000001,0.8800000000000001,0.0,0.5,0.5,Draw
2020-09-13,Villarreal,Huesca,1.2,0.0,1.6,1.0,1.27,1.0,0.0,0.0,0.0,Draw
2020-09-13,Alaves,Betis,0.2,0.0,0.3,0.0,0.68,0.0,1.0,0.0,0.0,Draw
2020-09-13,Valencia,Levante,1.4,1.4,0.7,1.4,0.8300000000000001,1.2799999999999998,0.5,0.5,0.0,Home Win
2020-09-19,Villarreal,Eibar,1.4,1.6,1.6,0.9,1.3699999999999999,1.1099999999999999,0.5,0.0,0.5,Home Win
2020-09-19,Celta Vigo,Valencia,0.6,1.8,1.5,1.1,1.14,1.0000000000000002,0.5,0.0,0.5,Home Win
2020-09-19,Getafe,Osasuna,0.4,2.0,0.5,1.3,1.0,0.9,0.0,1.0,0.0,Home Win
2020-09-20,Real Betis,Valladolid,2.6,0.8,1.8,0.8,1.55,1.01,1.0,0.0,0.0,Home Win
2020-09-20,Huesca,Cadiz,0.2,0.0,1.0,0.0,0.6,0.7,0.0,0.0,0.0,Away Win
2020-09-20,Granada,Alaves,2.4,0.4,1.7,0.1,1.06,0.65,1.0,0.0,0.0,Home Win
2020-09-20,Real Sociedad,Real Madrid,1.2,2.6,1.1,1.8,0.86,1.5900000000000003,0.0,0.0,1.0,Draw
2020-09-26,Valencia,Huesca,1.2,0.2,1.0,0.5,0.9,0.44999999999999996,0.0,0.0,0.0,Draw
2020-09-26,Elche,Real Sociedad,0.0,1.4,1.0,1.0,1.0,0.8800000000000001,0.0,0.0,0.0,Away Win
2020-09-26,Real Betis,Real Madrid,2.6,2.2,1.9,1.5,1.6,1.49,1.0,0.0,0.0,Home Win
2020-09-26,Alaves,Getafe,0.4,0.8,0.2,0.6,0.7,0.8499999999999999,0.0,1.0,0.0,Draw
2020-09-27,Osasuna,Levante,2.0,1.2,1.3,1.5,0.8,1.3900000000000001,0.5,0.5,0.0,Away Win
2020-09-27,Atletico Madrid,Granada,2.2,2.4,1.9,1.9,1.48,1.1800000000000002,0.5,0.5,0.0,Home Win
2020-09-27,Barcelona,Villarreal,2.4,1.4,1.9,1.7,1.6300000000000001,1.5899999999999999,1.0,0.0,0.0,Home Win
2020-09-27,Valladolid,Celta Vigo,0.8,1.0,0.8,1.1,0.9800000000000001,1.05,0.0,1.0,0.0,Draw
2020-09-27,Cadiz,Sevilla,0.6,2.6,1.0,1.3,0.95,1.1099999999999999,0.0,0.0,0.0,Away Win
2020-09-27,Eibar,Athletic Club,1.4,0.6,0.9,0.9,1.2,0.9400000000000001,0.0,1.0,0.0,Away Win
2020-09-29,Real Sociedad,Valencia,1.4,1.4,1.3,1.1,1.1099999999999999,0.9199999999999999,0.5,0.5,0.0,Away Win
2020-09-29,Getafe,Betis,1.0,0.2,0.5,0.0,0.8799999999999999,0.0,1.0,0.0,0.0,Home Win
2020-09-30,Real Madrid,Valladolid,1.6,1.0,1.3,0.8,1.36,0.9800000000000001,0.5,0.5,0.0,Home Win
2020-09-30,Eibar,Elche,0.8,0.0,0.9,0.0,1.2,1.0,0.0,0.0,0.0,Away Win
2020-09-30,Villarreal,Alaves,1.4,0.4,1.5,0.2,1.52,0.74,1.0,0.0,0.0,Home Win
2020-09-30,Huesca,Atletico Madrid,0.4,2.2,0.6666666666666666,2.0,0.6,1.6399999999999995,0.0,0.0,0.0,Draw
2020-10-01,Athletic Club,Cadiz,1.2,0.6,1.0,1.0,0.8300000000000001,1.0,0.0,0.0,0.0,Away Win
2020-10-01,Celta Vigo,Barcelona,1.2,2.4,1.1,2.1,1.09,1.73,0.0,0.5,0.5,Away Win
2020-10-01,Sevilla,Levante,2.6,1.8,1.5,1.5,1.26,1.51,0.5,0.5,0.0,Home Win
2020-10-03,Real Sociedad,Getafe,1.2,1.4,1.2,0.7,1.0799999999999998,0.8899999999999999,0.0,0.0,1.0,Home Win
2020-10-03,Valladolid,Eibar,1.0,0.2,0.7,0.7,0.9799999999999999,1.15,0.5,0.0,0.5,Away Win
2020-10-03,Atletico Madrid,Villarreal,2.2,2.0,1.9,1.6,1.69,1.5399999999999998,0.5,0.5,0.0,Draw
2020-10-03,Valencia,Betis,1.4,0.2,1.2,0.0,0.9899999999999999,0.0,1.0,0.0,0.0,Draw
2020-10-03,Elche,Huesca,0.6,0.6,0.5,0.5,0.7,0.6749999999999999,0.0,0.0,0.0,Draw
2020-10-04,Alaves,Athletic Club,0.4,0.6,0.2,1.0,0.75,0.85,0.5,0.0,0.5,Home Win
2020-10-04,Osasuna,Celta Vigo,1.4,1.2,1.3,0.9,0.76,0.95,0.5,0.5,0.0,Home Win
2020-10-04,Levante,Real Madrid,1.8,1.6,1.5,1.2,1.44,1.4600000000000002,0.5,0.0,0.5,Away Win
2020-10-04,Cadiz,Granada,1.2,2.4,1.0,2.0,0.8,1.3299999999999998,0.0,0.0,0.0,Draw
2020-10-04,Barcelona,Sevilla,2.4,2.6,2.4,1.6,1.72,1.29,0.5,0.5,0.0,Draw
2020-10-17,Real Madrid,Cadiz,1.6,1.4,1.3,1.0,1.47,0.8400000000000001,0.0,0.0,0.0,Away Win
2020-10-17,Celta Vigo,Atletico Madrid,1.0,1.8,0.8,1.8,0.86,1.6599999999999997,0.0,1.0,0.0,Away Win
2020-10-17,Granada,Sevilla,2.0,2.2,2.0,1.5,1.2399999999999998,1.35,0.0,0.0,1.0,Home Win
2020-10-17,Getafe,Barcelona,1.4,2.0,0.5,2.4,0.7799999999999999,1.64,0.0,0.0,1.0,Home Win
2020-10-18,Alaves,Elche,1.0,0.8,0.3,0.3333333333333333,0.7,0.5,0.0,0.0,0.0,Away Win
2020-10-18,Real Betis,Real Sociedad,2.6,1.6,1.8,1.3,1.5399999999999998,1.15,1.0,0.0,0.0,Draw
2020-10-18,Huesca,Valladolid,0.8,0.4,0.4,0.8,0.86,0.93,0.0,0.0,0.0,Draw
2020-10-18,Athletic Club,Levante,0.6,1.2,0.7,1.1,0.6499999999999999,1.3399999999999999,1.0,0.0,0.0,Home Win
2020-10-18,Eibar,Osasuna,0.8,1.4,0.9,1.3,1.23,0.78,0.0,0.5,0.5,Draw
2020-10-18,Villarreal,Valencia,1.6,1.6,1.6,1.2,1.5699999999999998,0.9399999999999998,0.5,0.0,0.5,Home Win
2020-10-23,Elche,Valencia,1.4,1.0,0.75,1.1,0.575,0.9299999999999999,0.0,0.0,0.0,Home Win
2020-10-24,Atletico Madrid,Betis,1.8,0.4,1.8,0.0,1.6199999999999999,0.0,1.0,0.0,0.0,Home Win
2020-10-24,Osasuna,Athletic Club,1.4,1.2,1.1,0.7,0.79,0.8099999999999998,0.5,0.0,0.5,Home Win
2020-10-24,Sevilla,Eibar,2.0,0.8,1.4,0.9,1.2399999999999998,1.1099999999999999,0.5,0.0,0.5,Away Win
2020-10-24,Barcelona,Real Madrid,2.0,1.4,2.2,1.2,1.56,1.39,0.0,0.5,0.5,Away Win
2020-10-25,Cadiz,Villarreal,2.0,2.0,1.0,1.7,0.9666666666666668,1.6300000000000001,0.0,0.0,0.0,Draw
2020-10-25,Real Sociedad,Huesca,1.6,0.8,1.2,0.6666666666666666,1.0699999999999998,0.9,0.0,0.0,0.0,Home Win
2020-10-25,Getafe,Granada,2.0,2.0,0.6,1.9,0.8899999999999999,1.2400000000000002,0.5,0.0,0.5,Away Win
2020-10-25,Valladolid,Alaves,0.4,0.8,0.9,0.3,0.9800000000000001,0.8299999999999998,0.5,0.0,0.5,Away Win
2020-10-26,Levante,Celta Vigo,0.6,0.8,1.1,0.7,1.33,1.03,1.0,0.0,0.0,Draw
2020-10-30,Eibar,Cadiz,1.4,1.6,1.0,0.8571428571428571,1.1099999999999999,0.8571428571428573,0.0,0.0,0.0,Away Win
2020-10-31,Athletic Club,Sevilla,1.2,1.4,0.7,1.1,0.8499999999999999,1.3499999999999999,0.0,0.5,0.5,Home Win
2020-10-31,Alaves,Barcelona,1.4,1.4,0.5,2.1,0.9600000000000002,1.5499999999999998,0.0,0.0,1.0,Draw
2020-10-31,Real Madrid,Huesca,1.8,0.8,1.4,0.7142857142857143,1.44,0.8428571428571429,0.0,0.0,0.0,Home Win
2020-10-31,Osasuna,Atletico Madrid,1.4,2.2,1.2,1.8,0.85,1.5699999999999998,0.0,0.0,1.0,Away Win
2020-11-01,Celta Vigo,Real Sociedad,0.4,2.0,0.7,1.4,1.07,1.17,0.5,0.0,0.5,Away Win
2020-11-01,Real Betis,Elche,2.6,2.0,1.6,1.0,1.48,0.48,0.0,0.0,0.0,Home Win
2020-11-01,Valencia,Getafe,1.0,1.4,1.0,0.6,0.9799999999999999,0.9499999999999998,0.0,0.5,0.5,Draw
2020-11-01,Granada,Levante,2.0,0.8,1.8,1.1,1.12,1.3399999999999999,0.0,0.5,0.5,Draw
2020-11-02,Villarreal,Valladolid,1.6,0.4,1.4,0.8,1.5,0.9600000000000002,0.5,0.5,0.0,Home Win
2020-11-06,Elche,Celta Vigo,2.0,0.2,0.8333333333333334,0.7,0.39999999999999997,1.1400000000000001,0.0,0.0,0.0,Draw
2020-11-07,Sevilla,Osasuna,0.8,1.4,1.1,1.3,1.3299999999999996,0.96,0.5,0.5,0.0,Home Win
2020-11-07,Huesca,Eibar,0.6,1.4,0.75,0.8,0.8625,0.96,0.0,0.0,0.0,Draw
2020-11-07,Atletico Madrid,Cadiz,2.2,2.2,1.8,1.0,1.58,0.8750000000000001,0.0,0.0,0.0,Home Win
2020-11-07,Barcelona,Betis,1.0,0.4,1.8,0.0,1.5,0.0,1.0,0.0,0.0,Home Win
2020-11-08,Getafe,Villarreal,1.4,2.2,0.7,1.5,1.16,1.6400000000000001,0.0,0.0,1.0,Away Win
2020-11-08,Valladolid,Athletic Club,0.2,1.2,0.8,0.8,0.9099999999999999,0.8799999999999999,0.0,0.5,0.5,Home Win
2020-11-08,Real Sociedad,Granada,2.0,1.6,1.6,1.6,1.24,1.0799999999999998,0.5,0.0,0.5,Home Win
2020-11-08,Valencia,Real Madrid,1.0,2.4,1.2,1.6,0.97,1.45,0.0,0.5,0.5,Home Win
2020-11-08,Levante,Alaves,0.4,1.4,1.2,0.6,1.3199999999999998,1.0599999999999998,0.0,0.0,1.0,Draw
2020-11-20,Osasuna,Huesca,1.4,0.6,1.1,0.7777777777777778,0.89,1.0111111111111113,0.0,0.0,0.0,Draw
2020-11-21,Atletico Madrid,Barcelona,2.6,1.0,2.1,2.2,1.6700000000000004,1.7399999999999998,0.0,0.5,0.5,Home Win
2020-11-21,Levante,Elche,0.6,1.6,1.2,0.8571428571428571,1.42,0.5571428571428572,0.0,0.0,0.0,Draw
2020-11-21,Villarreal,Real Madrid,2.2,1.8,1.7,1.5,1.7600000000000002,1.5400000000000003,0.0,0.5,0.5,Draw
2020-11-21,Sevilla,Celta Vigo,0.8,0.4,1.0,0.6,1.2699999999999998,1.19,0.0,0.5,0.5,Home Win
2020-11-22,Granada,Valladolid,1.6,0.8,1.5,0.9,1.0699999999999998,0.9199999999999999,0.5,0.5,0.0,Away Win
2020-11-22,Eibar,Getafe,1.6,0.8,0.6,0.8,0.78,1.16,0.0,0.5,0.5,Draw
2020-11-22,Cadiz,Real Sociedad,1.6,2.6,0.8888888888888888,1.8,0.8222222222222224,1.5000000000000002,0.0,0.0,0.0,Away Win
2020-11-22,Alaves,Valencia,1.6,1.0,0.7,1.5,1.14,1.08,0.0,0.5,0.5,Draw
2020-11-23,Athletic Club,Betis,1.2,0.4,0.7,0.0,0.96,0.0,1.0,0.0,0.0,Home Win
2020-11-27,Valladolid,Levante,1.4,0.8,1.0,1.0,0.9400000000000001,1.3399999999999999,0.0,0.5,0.5,Draw
2020-11-28,Real Madrid,Alaves,1.4,1.2,1.4,0.9,1.44,1.28,1.0,0.0,0.0,Away Win
2020-11-28,Huesca,Sevilla,0.6,1.2,0.8,1.2,0.9800000000000001,1.3599999999999999,0.0,0.0,0.0,Away Win
2020-11-28,Valencia,Atletico Madrid,1.0,3.0,1.7,2.1,1.24,1.65,0.0,1.0,0.0,Away Win
2020-11-28,Elche,Cadiz,1.6,1.4,0.875,0.8,0.5625,0.7500000000000001,0.0,0.0,0.0,Draw
2020-11-29,Celta Vigo,Granada,0.4,1.4,0.8,1.4,1.34,1.1300000000000001,0.0,0.5,0.5,Home Win
2020-11-29,Real Sociedad,Villarreal,2.6,2.2,1.8,1.4,1.5799999999999998,1.61,0.5,0.0,0.5,Draw
2020-11-29,Barcelona,Osasuna,0.8,1.0,2.1,1.0,1.7399999999999998,0.9099999999999999,0.0,0.5,0.5,Home Win
2020-11-29,Getafe,Athletic Club,1.0,1.8,0.8,1.1,1.02,1.1400000000000001,0.5,0.5,0.0,Draw
2020-11-30,Real Betis,Eibar,2.6,1.2,1.6,0.6,1.47,0.8600000000000001,1.0,0.0,0.0,Draw
2020-12-04,Athletic Club,Celta Vigo,1.4,1.0,1.2,1.1,1.1,1.7,0.0,0.5,0.5,Away Win
2020-12-05,Sevilla,Real Madrid,1.8,1.4,1.3,1.3,1.47,1.5299999999999998,0.0,0.0,1.0,Away Win
2020-12-05,Atletico Madrid,Valladolid,3.0,1.4,2.0,1.0,1.6199999999999999,1.02,0.5,0.5,0.0,Home Win
2020-12-05,Cadiz,Barcelona,1.0,1.4,0.9,2.4,0.73,2.0,0.0,0.0,0.0,Home Win
2020-12-05,Levante,Getafe,1.0,0.6,1.0,0.9,1.2099999999999997,0.93,0.5,0.0,0.5,Home Win
2020-12-06,Villarreal,Elche,1.8,1.2,1.4,0.8888888888888888,1.4799999999999998,0.5111111111111111,0.0,0.0,0.0,Draw
2020-12-06,Alaves,Real Sociedad,1.8,2.6,1.1,1.8,1.3800000000000001,1.72,0.5,0.0,0.5,Draw
2020-12-06,Osasuna,Betis,0.8,0.2,0.8,0.0,0.97,0.0,0.0,1.0,0.0,Draw
2020-12-06,Granada,Huesca,0.8,0.4,1.1,0.7,1.13,0.9399999999999998,0.0,0.0,0.0,Draw
2020-12-07,Eibar,Valencia,1.2,1.0,0.6,1.3,0.8200000000000001,1.0699999999999998,0.5,0.0,0.5,Draw
2020-12-11,Valladolid,Osasuna,1.4,0.4,1.0,0.6,1.09,0.9299999999999999,0.0,1.0,0.0,Home Win
2020-12-12,Real Madrid,Atletico Madrid,1.4,3.0,1.4,2.1,1.59,1.58,0.5,0.5,0.0,Home Win
2020-12-12,Getafe,Sevilla,0.6,1.8,0.8,1.2,0.9199999999999999,1.46,0.0,0.0,1.0,Away Win
2020-12-12,Valencia,Athletic Club,1.2,1.4,1.2,1.2,1.0699999999999998,1.1,0.5,0.0,0.5,Draw
2020-12-12,Huesca,Alaves,0.6,1.4,1.0,1.0,1.0599999999999998,1.3400000000000003,0.0,0.0,0.0,Home Win
2020-12-13,Elche,Granada,0.8,0.4,0.8,1.2,0.4699999999999999,1.24,0.0,0.0,0.0,Away Win
2020-12-13,Real Sociedad,Eibar,2.2,0.8,1.8,0.5,1.8,0.8,1.0,0.0,0.0,Draw
2020-12-13,Barcelona,Levante,1.4,1.4,2.0,1.1,1.8199999999999998,1.23,0.5,0.0,0.5,Home Win
2020-12-13,Real Betis,Villarreal,2.2,1.8,1.4,1.2,1.4099999999999997,1.2699999999999998,0.0,1.0,0.0,Home Win
2020-12-14,Celta Vigo,Cadiz,1.4,1.4,1.1,0.9,1.6199999999999999,0.86,0.0,0.0,0.0,Home Win
2020-12-15,Real Madrid,Athletic Club,1.4,1.0,1.6,1.2,1.6800000000000002,1.2300000000000002,0.5,0.5,0.0,Home Win
2020-12-16,Barcelona,Real Sociedad,1.8,1.8,1.7,1.6,1.7700000000000002,1.6099999999999999,0.5,0.5,0.0,Home Win
2020-12-18,Athletic Club,Huesca,1.0,1.2,1.3,1.0,1.2500000000000002,1.01,0.0,0.0,0.0,Home Win
2020-12-19,Levante,Real Sociedad,1.2,1.2,0.8,1.7,1.02,1.7399999999999998,0.5,0.5,0.0,Home Win
2020-12-19,Osasuna,Villarreal,0.4,1.2,0.8,1.2,1.0699999999999998,1.2499999999999998,0.5,0.0,0.5,Away Win
2020-12-19,Barcelona,Valencia,1.8,1.2,1.6,1.3,1.9500000000000004,1.16,0.5,0.0,0.5,Draw
2020-12-19,Sevilla,Valladolid,2.4,2.0,1.0,1.2,1.27,1.1400000000000001,0.5,0.5,0.0,Draw
2020-12-19,Atletico Madrid,Elche,2.4,0.8,1.5,0.8,1.3199999999999998,0.43000000000000005,0.0,0.0,0.0,Home Win
2020-12-20,Celta Vigo,Alaves,2.0,1.2,1.4,1.0,1.64,1.23,0.5,0.0,0.5,Home Win
2020-12-20,Granada,Betis,0.8,0.4,1.1,0.0,1.18,0.0,1.0,0.0,0.0,Home Win
2020-12-20,Cadiz,Getafe,0.8,0.4,0.8,0.8,0.8099999999999999,0.8600000000000001,0.0,0.0,0.0,Away Win
2020-12-20,Eibar,Real Madrid,1.0,2.0,0.5,1.8,0.9099999999999999,1.67,0.0,0.0,1.0,Away Win
2020-12-22,Valencia,Sevilla,0.8,2.0,1.4,1.0,1.23,1.3299999999999998,0.0,0.5,0.5,Away Win
2020-12-22,Valladolid,Barcelona,1.6,2.0,1.3,1.7,1.18,2.0800000000000005,0.0,0.0,1.0,Away Win
2020-12-22,Villarreal,Athletic Club,1.2,1.0,1.2,1.5,1.25,1.3300000000000003,0.0,0.5,0.5,Draw
2020-12-22,Real Sociedad,Atletico Madrid,0.6,2.4,1.5,1.8,1.7,1.3799999999999997,0.5,0.5,0.0,Away Win
2020-12-22,Elche,Osasuna,0.6,0.4,0.8,0.8,0.45,1.1,0.0,0.0,0.0,Draw
2020-12-22,Huesca,Levante,1.0,1.6,1.0,1.0,0.9400000000000001,1.1800000000000002,0.0,0.0,0.0,Draw
2020-12-23,Getafe,Celta Vigo,1.0,2.4,0.7,1.6,0.8800000000000001,1.75,0.5,0.5,0.0,Draw
2020-12-23,Real Betis,Cadiz,2.2,0.8,1.3,0.7,1.2999999999999998,0.8299999999999998,0.0,0.0,0.0,Home Win
2020-12-23,Alaves,Eibar,1.0,0.8,0.9,0.6,1.19,0.86,1.0,0.0,0.0,Home Win
2020-12-23,Real Madrid,Granada,2.4,1.4,1.9,1.2,1.67,1.16,1.0,0.0,0.0,Home Win
2020-12-29,Levante,Betis,1.6,0.2,1.1,0.0,1.2,0.0,1.0,0.0,0.0,Home Win
2020-12-29,Cadiz,Valladolid,0.8,1.0,0.6,1.2,0.73,1.15,0.0,0.0,0.0,Draw
2020-12-29,Sevilla,Villarreal,2.0,1.2,1.0,1.3,1.3599999999999999,1.3599999999999999,0.0,0.5,0.5,Home Win
2020-12-29,Barcelona,Eibar,2.0,0.6,2.0,0.5,2.3099999999999996,0.79,1.0,0.0,0.0,Draw
2020-12-30,Elche,Real Madrid,0.6,3.0,1.0,2.1,0.56,1.75,0.0,0.0,0.0,Draw
2020-12-30,Granada,Valencia,1.4,0.6,1.1,1.4,1.1800000000000002,1.2399999999999998,0.0,0.5,0.5,Home Win
2020-12-30,Atletico Madrid,Getafe,2.4,1.0,2.0,0.8,1.3699999999999999,0.8800000000000001,1.0,0.0,0.0,Home Win
2020-12-30,Celta Vigo,Huesca,2.6,1.0,1.7,1.1,1.78,0.9200000000000002,0.0,0.0,0.0,Home Win
2020-12-31,Athletic Club,Real Sociedad,1.0,0.4,1.4,1.5,1.1800000000000002,1.73,0.5,0.0,0.5,Away Win
2020-12-31,Osasuna,Alaves,0.4,1.4,0.8,1.0,1.1400000000000001,1.32,1.0,0.0,0.0,Draw
2021-01-02,Villarreal,Levante,1.0,2.0,1.1,1.5,1.27,1.3399999999999999,0.5,0.0,0.5,Home Win
2021-01-02,Real Betis,Sevilla,2.2,2.0,1.3,1.2,1.25,1.52,1.0,0.0,0.0,Home Win
2021-01-02,Real Madrid,Celta Vigo,2.6,2.6,1.9,1.9,1.59,1.8199999999999998,0.5,0.5,0.0,Home Win
2021-01-02,Getafe,Valladolid,0.8,1.0,0.7,1.0,0.8,1.1,0.5,0.5,0.0,Away Win
2021-01-03,Athletic Club,Elche,1.0,0.6,1.4,0.9,1.1300000000000001,0.5800000000000001,0.0,0.0,0.0,Home Win
2021-01-03,Eibar,Granada,0.6,2.0,0.6,1.2,0.8200000000000001,1.2700000000000002,1.0,0.0,0.0,Home Win
2021-01-03,Alaves,Atletico Madrid,1.0,2.4,1.1,1.9,1.31,1.3399999999999996,0.0,0.5,0.5,Away Win
2021-01-03,Huesca,Barcelona,1.0,2.2,1.0,2.0,0.9400000000000002,2.35,0.0,0.0,0.0,Away Win
2021-01-03,Real Sociedad,Osasuna,0.8,0.6,1.2,0.9,1.6400000000000001,1.08,0.5,0.5,0.0,Draw
2021-01-04,Valencia,Cadiz,0.6,0.8,1.4,0.5,1.33,0.64,0.0,0.0,0.0,Draw
2021-01-06,Athletic Club,Barcelona,1.4,2.2,1.3,2.0,1.15,2.46,0.5,0.0,0.5,Away Win
2021-01-08,Celta Vigo,Villarreal,2.0,1.4,1.8,1.3,1.8099999999999998,1.3499999999999999,0.5,0.0,0.5,Away Win
2021-01-09,Osasuna,Real Madrid,0.6,2.6,0.9,1.7,1.04,1.46,0.0,0.0,1.0,Draw
2021-01-09,Sevilla,Real Sociedad,2.0,0.8,1.2,0.9,1.35,1.52,0.5,0.5,0.0,Home Win
2021-01-09,Granada,Barcelona,1.8,2.2,1.1,1.8,1.2500000000000002,2.2800000000000002,0.5,0.0,0.5,Away Win
2021-01-10,Cadiz,Alaves,0.4,0.8,0.6,1.0,0.7,1.09,0.0,0.0,0.0,Home Win
2021-01-10,Valladolid,Valencia,1.6,0.6,1.1,1.4,1.19,1.25,0.0,0.5,0.5,Away Win
2021-01-10,Levante,Eibar,1.4,1.0,1.5,0.7,1.27,0.99,0.0,0.5,0.5,Home Win
2021-01-11,Huesca,Betis,0.8,0.2,0.9,0.0,0.9700000000000003,0.0,0.0,0.0,0.0,Draw
2021-01-11,Elche,Getafe,0.4,0.8,0.7,0.7,0.5900000000000001,0.7899999999999999,0.0,0.0,0.0,Away Win
2021-01-12,Atletico Madrid,Sevilla,2.4,2.0,1.9,1.4,1.4200000000000004,1.5000000000000002,0.0,1.0,0.0,Home Win
2021-01-12,Granada,Osasuna,1.2,0.8,1.0,0.8,1.2800000000000002,0.99,1.0,0.0,0.0,Home Win
2021-01-19,Alaves,Sevilla,0.8,1.8,1.0,1.3,1.06,1.57,0.0,0.5,0.5,Away Win
2021-01-19,Valladolid,Elche,1.0,0.4,1.1,0.8,1.19,0.7,0.0,0.0,0.0,Draw
2021-01-19,Cadiz,Levante,1.0,2.0,0.7,1.6,0.86,1.2799999999999998,0.0,0.0,0.0,Draw
2021-01-20,Getafe,Huesca,1.4,0.4,0.8,0.8,0.86,1.0000000000000002,0.0,0.0,0.0,Home Win
2021-01-20,Real Betis,Celta Vigo,2.6,1.4,1.4,1.7,1.41,1.69,1.0,0.0,0.0,Home Win
2021-01-20,Villarreal,Granada,2.0,1.2,1.5,1.2,1.44,1.2800000000000002,0.5,0.5,0.0,Draw
2021-01-21,Valencia,Osasuna,1.0,0.8,1.3,0.8,1.23,0.99,0.5,0.0,0.5,Draw
2021-01-21,Eibar,Atletico Madrid,0.8,3.0,0.8,1.8,1.05,1.1800000000000002,0.5,0.0,0.5,Away Win
2021-01-22,Levante,Valladolid,1.6,1.0,1.7,1.1,1.26,1.0799999999999998,0.3333333333333333,0.6666666666666666,0.0,Draw
2021-01-23,Sevilla,Cadiz,1.8,1.2,1.1,0.9,1.43,0.9000000000000001,1.0,0.0,0.0,Home Win
2021-01-23,Real Sociedad,Betis,0.8,0.4,0.9,0.0,1.2600000000000002,0.0,1.0,0.0,0.0,Home Win
2021-01-23,Alaves,Real Madrid,0.8,2.2,1.0,1.6,1.1400000000000001,1.3700000000000003,0.3333333333333333,0.0,0.6666666666666666,Away Win
2021-01-23,Huesca,Villarreal,0.4,1.6,0.7,1.4,0.86,1.4499999999999997,0.0,1.0,0.0,Draw
2021-01-24,Celta Vigo,Eibar,0.8,0.8,1.6,0.8,1.48,1.1099999999999999,0.0,0.6666666666666666,0.3333333333333333,Draw
2021-01-24,Atletico Madrid,Valencia,3.0,1.0,1.6,1.0,1.09,1.0299999999999998,0.3333333333333333,0.6666666666666666,0.0,Home Win
2021-01-24,Elche,Barcelona,0.6,2.6,0.9,2.2,0.61,2.2800000000000002,0.0,0.0,0.0,Away Win
2021-01-24,Osasuna,Granada,0.8,1.4,0.8,1.3,1.05,1.15,0.0,0.0,1.0,Home Win
2021-01-25,Athletic Club,Getafe,1.4,1.4,1.4,0.8,1.0399999999999998,0.8700000000000001,0.0,0.6666666666666666,0.3333333333333333,Home Win
2021-01-29,Valladolid,Huesca,1.2,0.4,1.0,0.6,1.01,0.8099999999999999,0.0,1.0,0.0,Away Win
2021-01-30,Real Madrid,Levante,2.2,1.6,1.9,1.8,1.4500000000000002,1.29,0.6666666666666666,0.0,0.3333333333333333,Away Win
2021-01-30,Eibar,Sevilla,1.0,1.8,0.9,1.3,1.0699999999999998,1.48,0.6666666666666666,0.0,0.3333333333333333,Away Win
2021-01-30,Valencia,Elche,1.0,0.4,0.9,0.8,0.8700000000000001,0.6,0.0,0.0,1.0,Home Win
2021-01-30,Villarreal,Real Sociedad,1.6,1.4,1.3,1.0,1.3299999999999998,1.36,0.3333333333333333,0.3333333333333333,0.3333333333333333,Draw
2021-01-31,Getafe,Alaves,1.2,0.2,0.9,0.9,0.9600000000000002,1.0399999999999998,0.0,1.0,0.0,Draw
2021-01-31,Barcelona,Athletic Club,2.6,1.4,2.0,1.5,2.17,0.99,0.6666666666666666,0.0,0.3333333333333333,Home Win
2021-01-31,Granada,Celta Vigo,0.8,0.8,1.3,1.5,1.06,1.4300000000000002,0.3333333333333333,0.3333333333333333,0.3333333333333333,Draw
2021-01-31,Cadiz,Atletico Madrid,1.2,3.0,0.9,1.8,0.96,1.2200000000000002,0.0,0.0,1.0,Away Win
2021-02-01,Real Betis,Osasuna,2.6,1.2,1.3,1.1,1.31,1.0699999999999998,1.0,0.0,0.0,Home Win
2021-02-05,Alaves,Valladolid,0.2,1.0,0.7,1.0,0.8399999999999999,1.03,0.6666666666666666,0.0,0.3333333333333333,Home Win
2021-02-06,Elche,Villarreal,0.2,1.8,0.7,1.3,0.6300000000000001,1.23,0.0,1.0,0.0,Draw
2021-02-06,Huesca,Real Madrid,1.0,1.6,0.9,1.9,0.9099999999999999,1.4100000000000001,0.0,0.0,1.0,Away Win
2021-02-06,Levante,Granada,1.6,1.0,1.9,1.0,1.36,0.9400000000000001,0.3333333333333333,0.6666666666666666,0.0,Draw
2021-02-06,Sevilla,Getafe,2.4,1.4,1.5,0.8,1.56,0.95,1.0,0.0,0.0,Home Win
2021-02-07,Real Sociedad,Cadiz,1.6,1.0,1.0,1.0,1.3200000000000003,1.0299999999999998,1.0,0.0,0.0,Home Win
2021-02-07,Athletic Club,Valencia,1.2,1.6,1.5,1.0,0.99,1.1300000000000001,0.3333333333333333,0.3333333333333333,0.3333333333333333,Draw
2021-02-07,Real Betis,Barcelona,3.0,3.0,1.3,2.1,1.25,2.21,1.0,0.0,0.0,Home Win
2021-02-07,Osasuna,Eibar,1.0,0.8,1.1,0.9,1.0299999999999998,1.16,0.3333333333333333,0.6666666666666666,0.0,Home Win
2021-02-08,Atletico Madrid,Celta Vigo,3.0,0.4,2.1,1.2,1.3199999999999998,1.0699999999999998,0.3333333333333333,0.6666666666666666,0.0,Draw
2021-02-09,Real Madrid,Getafe,2.0,1.4,2.0,0.8,1.6,0.9199999999999999,1.0,0.0,0.0,Home Win
2021-02-12,Celta Vigo,Elche,0.6,0.4,1.2,0.9,1.1,0.75,0.0,1.0,0.0,Home Win
2021-02-13,Granada,Atletico Madrid,1.2,2.6,1.1,2.1,0.9,1.32,0.0,0.3333333333333333,0.6666666666666666,Away Win
2021-02-13,Sevilla,Huesca,2.4,1.0,1.7,0.7,1.73,0.86,1.0,0.0,0.0,Home Win
2021-02-13,Eibar,Valladolid,0.2,0.4,1.0,1.0,1.15,0.97,0.6666666666666666,0.0,0.3333333333333333,Draw
2021-02-13,Barcelona,Alaves,2.4,0.8,2.0,0.8,2.0,0.9600000000000002,0.6666666666666666,0.3333333333333333,0.0,Home Win
2021-02-14,Real Madrid,Valencia,2.0,1.6,2.0,1.1,1.6700000000000004,1.1700000000000002,0.3333333333333333,0.3333333333333333,0.3333333333333333,Home Win
2021-02-14,Getafe,Real Sociedad,0.8,1.6,0.8,1.4,0.8799999999999999,1.64,0.6666666666666666,0.0,0.3333333333333333,Away Win
2021-02-14,Villarreal,Betis,1.4,0.4,1.5,0.0,1.31,0.0,1.0,0.0,0.0,Home Win
2021-02-14,Levante,Osasuna,1.8,1.4,1.8,1.1,1.28,1.0099999999999998,0.3333333333333333,0.3333333333333333,0.3333333333333333,Away Win
2021-02-15,Cadiz,Athletic Club,0.8,1.4,0.9,1.6,0.8300000000000001,1.06,1.0,0.0,0.0,Away Win
2021-02-17,Levante,Atletico Madrid,1.2,2.6,1.8,2.3,1.33,1.3199999999999998,0.0,0.0,1.0,Draw
2021-02-19,Real Betis,Getafe,3.0,0.2,1.3,0.6,1.2700000000000002,0.82,1.0,0.0,0.0,Home Win
2021-02-20,Atletico Madrid,Levante,2.2,1.2,2.1,1.7,1.2099999999999997,1.21,0.6666666666666666,0.3333333333333333,0.0,Away Win
2021-02-20,Valencia,Celta Vigo,1.0,1.2,0.9,1.1,1.03,1.16,0.3333333333333333,0.0,0.6666666666666666,Home Win
2021-02-20,Elche,Eibar,0.4,0.4,1.0,1.0,0.8,1.23,1.0,0.0,0.0,Home Win
2021-02-20,Valladolid,Real Madrid,0.6,2.4,0.8,1.9,0.8699999999999999,1.5300000000000002,0.0,0.3333333333333333,0.6666666666666666,Away Win
2021-02-21,Real Sociedad,Alaves,2.0,0.8,1.4,0.9,1.6200000000000003,1.01,0.3333333333333333,0.3333333333333333,0.3333333333333333,Home Win
2021-02-21,Barcelona,Cadiz,2.4,0.2,2.3,0.9,1.9899999999999998,0.82,0.0,0.0,1.0,Draw
2021-02-21,Huesca,Granada,0.8,0.6,0.6,1.0,0.95,0.8300000000000001,0.0,1.0,0.0,Home Win
2021-02-21,Athletic Club,Villarreal,1.4,1.4,1.8,1.6,1.0899999999999999,1.4400000000000002,0.3333333333333333,0.6666666666666666,0.0,Draw
2021-02-22,Osasuna,Sevilla,2.0,3.0,1.1,1.7,0.9799999999999999,1.7099999999999997,0.0,0.3333333333333333,0.6666666666666666,Away Win
2021-02-24,Barcelona,Elche,2.0,0.8,2.2,1.0,1.9799999999999998,0.78,1.0,0.0,0.0,Home Win
2021-02-26,Levante,Athletic Club,1.6,1.6,1.8,1.8,1.22,1.27,0.0,0.0,1.0,Draw
2021-02-27,Eibar,Huesca,0.4,1.4,0.9,0.9,1.34,1.1600000000000001,0.0,1.0,0.0,Draw
2021-02-27,Getafe,Valencia,0.2,1.4,0.5,0.9,0.79,0.9899999999999999,0.3333333333333333,0.6666666666666666,0.0,Home Win
2021-02-27,Sevilla,Barcelona,3.0,2.0,1.8,2.2,1.6,1.95,0.0,0.6666666666666666,0.3333333333333333,Away Win
2021-02-27,Alaves,Osasuna,0.8,1.8,0.9,0.9,1.02,0.8699999999999999,0.0,0.3333333333333333,0.6666666666666666,Away Win
2021-02-28,Villarreal,Atletico Madrid,1.4,1.6,1.4,1.9,1.2200000000000002,1.3699999999999997,0.0,0.6666666666666666,0.3333333333333333,Away Win
2021-02-28,Celta Vigo,Valladolid,1.2,0.4,0.9,0.7,1.0699999999999998,0.8699999999999999,0.0,1.0,0.0,Draw
2021-02-28,Cadiz,Betis,0.2,0.2,1.0,0.0,0.9199999999999999,0.0,0.0,0.0,0.0,Draw
2021-02-28,Granada,Elche,0.4,0.8,1.2,0.8,0.85,0.69,1.0,0.0,0.0,Home Win
2021-03-01,Real Madrid,Real Sociedad,2.4,2.6,1.7,1.7,1.3900000000000001,1.6800000000000002,0.6666666666666666,0.3333333333333333,0.0,Draw
2021-03-05,Valencia,Villarreal,1.4,1.2,0.9,1.3,0.96,1.2600000000000002,0.3333333333333333,0.0,0.6666666666666666,Home Win
2021-03-06,Elche,Sevilla,0.8,2.4,0.8,1.6,0.71,1.4,0.0,0.0,0.0,Home Win
2021-03-06,Cadiz,Eibar,0.4,0.4,1.0,0.9,0.9399999999999998,1.4,1.0,0.0,0.0,Home Win
2021-03-06,Osasuna,Barcelona,1.8,2.0,0.9,2.3,0.9800000000000001,1.8900000000000001,0.3333333333333333,0.3333333333333333,0.3333333333333333,Away Win
2021-03-06,Valladolid,Getafe,0.4,0.6,0.8,0.8,0.86,0.8,0.3333333333333333,0.3333333333333333,0.3333333333333333,Home Win
2021-03-07,Athletic Club,Granada,1.2,1.0,1.7,1.2,1.3199999999999998,0.74,0.3333333333333333,0.0,0.6666666666666666,Home Win
2021-03-07,Huesca,Celta Vigo,1.4,1.2,0.9,0.9,1.0699999999999998,1.0799999999999998,0.0,0.0,1.0,Away Win
2021-03-07,Atletico Madrid,Real Madrid,1.6,2.6,2.0,1.6,1.3199999999999998,1.4300000000000002,0.0,0.3333333333333333,0.6666666666666666,Draw
2021-03-07,Real Sociedad,Levante,2.2,1.2,1.7,1.5,1.58,1.17,0.0,0.3333333333333333,0.6666666666666666,Home Win
2021-03-08,Real Betis,Alaves,3.0,0.8,1.2,0.7,1.4100000000000001,0.8700000000000001,1.0,0.0,0.0,Home Win
2021-03-10,Atletico Madrid,Athletic Club,1.6,1.8,1.9,1.8,1.24,1.37,0.5,0.5,0.0,Home Win
2021-03-12,Levante,Valencia,1.0,1.4,1.4,1.0,1.14,1.0,0.0,0.3333333333333333,0.6666666666666666,Home Win
2021-03-13,Real Madrid,Elche,2.2,1.2,1.6,1.0,1.4500000000000002,0.78,0.0,1.0,0.0,Home Win
2021-03-13,Osasuna,Valladolid,1.8,1.0,0.8,1.0,0.9800000000000001,0.9299999999999999,0.0,0.6666666666666666,0.3333333333333333,Draw
2021-03-13,Getafe,Atletico Madrid,0.6,1.6,0.9,1.9,0.8100000000000002,1.35,0.0,0.0,1.0,Draw
2021-03-13,Alaves,Cadiz,0.6,1.0,0.6,1.1,0.7100000000000001,1.0299999999999998,0.0,0.0,1.0,Draw
2021-03-14,Eibar,Villarreal,0.4,1.0,0.8,1.4,1.51,1.3900000000000001,0.3333333333333333,0.0,0.6666666666666666,Away Win
2021-03-14,Granada,Real Sociedad,0.8,2.6,1.3,1.8,0.85,2.0200000000000005,0.3333333333333333,0.0,0.6666666666666666,Home Win
2021-03-14,Celta Vigo,Athletic Club,1.6,1.6,1.1,1.9,0.9400000000000001,1.4100000000000001,0.6666666666666666,0.3333333333333333,0.0,Draw
2021-03-14,Sevilla,Betis,1.8,0.4,1.7,0.0,1.52,0.0,1.0,0.0,0.0,Home Win
2021-03-15,Barcelona,Huesca,2.6,0.8,2.4,1.1,1.67,1.1600000000000001,1.0,0.0,0.0,Home Win
2021-03-17,Sevilla,Elche,1.8,1.2,1.5,1.0,1.3199999999999998,0.72,0.0,0.0,1.0,Home Win
2021-03-19,Real Betis,Levante,3.0,1.6,1.5,1.3,1.57,1.1199999999999999,1.0,0.0,0.0,Home Win
2021-03-20,Valladolid,Sevilla,1.2,1.8,0.9,1.7,0.9099999999999999,1.2899999999999996,0.0,0.6666666666666666,0.3333333333333333,Draw
2021-03-20,Huesca,Osasuna,0.8,1.4,1.2,0.8,1.3,0.9800000000000001,0.0,1.0,0.0,Draw
2021-03-20,Athletic Club,Eibar,1.2,0.4,1.8,0.7,1.34,1.4600000000000002,0.3333333333333333,0.6666666666666666,0.0,Draw
2021-03-20,Celta Vigo,Real Madrid,1.6,2.2,1.1,1.6,0.9899999999999999,1.5100000000000002,0.0,0.3333333333333333,0.6666666666666666,Away Win
2021-03-21,Getafe,Elche,0.8,0.6,0.6,0.8,0.5700000000000001,0.7300000000000001,1.0,0.0,0.0,Draw
2021-03-21,Villarreal,Cadiz,1.4,1.2,1.5,1.1,1.5100000000000002,1.1,0.0,1.0,0.0,Home Win
2021-03-21,Atletico Madrid,Alaves,1.6,0.2,1.7,0.6,1.3900000000000001,0.8300000000000001,0.6666666666666666,0.3333333333333333,0.0,Home Win
2021-03-21,Valencia,Granada,1.2,1.2,0.9,1.4,0.9899999999999999,0.8400000000000001,0.3333333333333333,0.3333333333333333,0.3333333333333333,Home Win
2021-03-21,Real Sociedad,Barcelona,2.0,2.6,1.7,2.5,1.9,1.6199999999999999,0.0,0.3333333333333333,0.6666666666666666,Away Win
2021-04-02,Levante,Huesca,1.4,1.0,1.1,1.2,0.9299999999999999,1.25,0.0,1.0,0.0,Away Win
2021-04-03,Real Madrid,Eibar,2.2,0.4,1.9,0.7,1.72,1.41,1.0,0.0,0.0,Home Win
2021-04-03,Osasuna,Getafe,1.0,1.0,0.8,0.6,0.97,0.67,0.0,0.6666666666666666,0.3333333333333333,Draw
2021-04-03,Granada,Villarreal,1.2,1.4,1.3,1.3,0.8799999999999999,1.4599999999999997,0.0,0.6666666666666666,0.3333333333333333,Away Win
2021-04-04,Elche,Betis,0.8,0.4,0.9,0.0,0.8300000000000001,0.0,0.0,0.0,0.0,Home Win
2021-04-04,Sevilla,Atletico Madrid,1.4,2.2,1.6,1.5,1.2699999999999998,1.26,0.0,0.6666666666666666,0.3333333333333333,Home Win
2021-04-04,Cadiz,Valencia,1.2,1.8,0.9,1.0,0.93,1.06,0.0,1.0,0.0,Home Win
2021-04-04,Alaves,Celta Vigo,0.2,1.0,0.5,1.2,0.86,1.01,0.3333333333333333,0.0,0.6666666666666666,Away Win
2021-04-05,Barcelona,Valladolid,3.0,1.2,2.7,1.0,1.81,0.93,1.0,0.0,0.0,Home Win
2021-04-07,Real Sociedad,Athletic Club,1.4,1.2,1.7,1.7,1.9099999999999997,1.44,0.6666666666666666,0.0,0.3333333333333333,Draw
2021-04-09,Huesca,Elche,1.0,1.4,1.4,1.0,1.25,0.89,0.0,1.0,0.0,Home Win
2021-04-10,Real Madrid,Barcelona,2.2,3.0,1.7,2.6,1.7600000000000002,1.7100000000000002,0.6666666666666666,0.3333333333333333,0.0,Home Win
2021-04-10,Eibar,Levante,0.4,0.8,0.6,0.9,1.3,0.89,0.3333333333333333,0.3333333333333333,0.3333333333333333,Away Win
2021-04-10,Athletic Club,Alaves,1.2,0.2,1.3,0.5,1.31,0.9,0.3333333333333333,0.0,0.6666666666666666,Draw
2021-04-10,Getafe,Cadiz,1.2,1.6,0.5,0.9,0.57,0.9099999999999999,1.0,0.0,0.0,Away Win
2021-04-11,Valencia,Real Sociedad,1.2,1.0,1.0,1.6,1.13,1.9199999999999995,0.3333333333333333,0.3333333333333333,0.3333333333333333,Draw
2021-04-11,Valladolid,Granada,1.2,1.2,0.8,1.1,0.8700000000000001,1.0,0.3333333333333333,0.3333333333333333,0.3333333333333333,Away Win
2021-04-11,Real Betis,Atletico Madrid,3.0,1.6,1.4,1.1,1.47,1.15,1.0,0.0,0.0,Home Win
2021-04-11,Villarreal,Osasuna,1.8,1.2,1.4,0.7,1.5399999999999998,0.8299999999999998,0.6666666666666666,0.0,0.3333333333333333,Away Win
2021-04-12,Celta Vigo,Sevilla,1.6,2.0,1.5,1.4,1.21,1.24,0.3333333333333333,0.3333333333333333,0.3333333333333333,Away Win
2021-04-18,Real Betis,Valencia,3.0,1.4,1.5,1.1,1.48,1.3299999999999996,1.0,0.0,0.0,Home Win
2021-04-18,Real Sociedad,Sevilla,1.0,2.6,1.6,1.6,1.8,1.25,0.0,0.3333333333333333,0.6666666666666666,Away Win
2021-04-18,Levante,Villarreal,1.2,1.8,0.8,1.5,0.74,1.65,0.3333333333333333,0.0,0.6666666666666666,Away Win
2021-04-18,Osasuna,Elche,1.2,0.8,0.6,0.9,0.7899999999999999,0.8600000000000001,0.0,1.0,0.0,Home Win
2021-04-18,Getafe,Real Madrid,0.6,2.6,0.5,1.8,0.74,1.78,0.0,0.0,1.0,Draw
2021-04-18,Cadiz,Celta Vigo,2.0,1.4,1.0,1.7,0.9099999999999999,1.31,0.0,0.0,1.0,Draw
2021-04-18,Atletico Madrid,Eibar,1.4,0.2,0.9,0.5,1.03,1.25,0.6666666666666666,0.0,0.3333333333333333,Home Win
2021-04-18,Alaves,Huesca,0.4,1.4,0.4,1.7,0.8800000000000001,1.35,0.0,0.0,1.0,Home Win
2021-04-21,Real Betis,Athletic Club,3.0,0.8,1.6,1.2,1.4899999999999998,1.46,1.0,0.0,0.0,Draw
2021-04-21,Elche,Valladolid,0.8,1.0,0.8,0.7,0.82,0.93,0.0,1.0,0.0,Draw
2021-04-21,Osasuna,Valencia,1.8,0.8,0.8,1.0,0.8399999999999999,1.05,0.3333333333333333,0.3333333333333333,0.3333333333333333,Home Win
2021-04-21,Cadiz,Real Madrid,1.6,2.6,0.8,1.6,0.8300000000000001,1.49,1.0,0.0,0.0,Away Win
2021-04-21,Levante,Sevilla,1.2,2.6,0.7,1.5,0.7,1.3699999999999999,0.0,0.3333333333333333,0.6666666666666666,Away Win
2021-04-21,Alaves,Villarreal,1.0,2.4,0.5,1.9,0.9000000000000001,1.78,0.0,0.0,1.0,Home Win
2021-04-22,Real Sociedad,Celta Vigo,0.4,1.0,1.6,1.7,1.7000000000000004,1.3,0.6666666666666666,0.0,0.3333333333333333,Home Win
2021-04-22,Atletico Madrid,Huesca,1.4,1.4,1.2,1.4,1.1500000000000001,1.32,0.0,1.0,0.0,Home Win
2021-04-22,Barcelona,Getafe,2.4,0.8,2.5,0.5,1.65,0.9,0.6666666666666666,0.0,0.3333333333333333,Home Win
2021-04-22,Granada,Eibar,1.2,0.2,1.2,0.5,1.08,1.16,0.0,0.0,1.0,Home Win
2021-04-24,Valladolid,Cadiz,0.6,1.4,0.7,0.7,0.8600000000000001,0.8800000000000001,0.0,1.0,0.0,Draw
2021-04-24,Elche,Levante,1.0,0.6,0.8,0.7,0.93,0.5799999999999998,0.0,1.0,0.0,Home Win
2021-04-24,Real Madrid,Betis,2.6,0.2,1.7,0.0,1.65,0.0,0.0,1.0,0.0,Draw
2021-04-24,Valencia,Alaves,0.8,1.4,1.0,0.6,1.0699999999999998,0.9199999999999999,0.3333333333333333,0.6666666666666666,0.0,Draw
2021-04-25,Villarreal,Barcelona,1.8,2.4,1.8,3.0,1.7899999999999998,1.8199999999999998,0.0,0.0,1.0,Away Win
2021-04-25,Celta Vigo,Osasuna,0.8,2.2,1.6,0.9,1.2099999999999997,0.96,0.0,0.3333333333333333,0.6666666666666666,Home Win
2021-04-25,Sevilla,Granada,2.6,1.8,1.5,1.6,1.42,1.19,0.6666666666666666,0.0,0.3333333333333333,Home Win
2021-04-25,Athletic Club,Atletico Madrid,1.0,1.8,1.1,1.3,1.34,1.2600000000000002,0.0,0.3333333333333333,0.6666666666666666,Home Win
2021-04-25,Huesca,Getafe,1.4,0.6,1.3,0.7,1.37,1.04,0.0,0.0,1.0,Away Win
2021-04-26,Eibar,Real Sociedad,0.2,1.0,0.5,1.4,1.21,1.4600000000000002,0.0,0.3333333333333333,0.6666666666666666,Away Win
2021-04-28,Athletic Club,Valladolid,1.4,0.6,0.9,0.8,1.2399999999999998,1.1400000000000001,0.3333333333333333,0.3333333333333333,0.3333333333333333,Draw
2021-04-29,Barcelona,Granada,2.4,1.2,2.7,1.5,1.8599999999999999,1.1600000000000001,0.6666666666666666,0.0,0.3333333333333333,Away Win
2021-04-30,Celta Vigo,Levante,1.4,0.6,1.5,0.6,1.0699999999999998,0.55,0.0,0.3333333333333333,0.6666666666666666,Home Win
2021-05-01,Elche,Atletico Madrid,1.4,1.2,0.9,1.4,0.9400000000000001,1.1300000000000001,0.0,0.0,1.0,Away Win
2021-05-01,Real Madrid,Osasuna,2.2,2.0,1.5,0.9,1.67,1.03,0.6666666666666666,0.3333333333333333,0.0,Home Win
2021-05-01,Huesca,Real Sociedad,1.2,1.6,1.3,1.4,1.32,1.4300000000000002,0.0,0.0,1.0,Home Win
2021-05-01,Eibar,Alaves,0.0,1.6,0.4,0.6,1.0799999999999998,0.95,0.0,0.0,1.0,Home Win
2021-05-02,Valencia,Barcelona,0.4,1.8,1.1,2.7,1.16,1.7799999999999998,0.3333333333333333,0.3333333333333333,0.3333333333333333,Away Win
2021-05-02,Villarreal,Getafe,1.2,1.0,1.8,0.9,1.75,1.0699999999999998,1.0,0.0,0.0,Home Win
2021-05-02,Valladolid,Betis,0.6,0.4,0.9,0.0,1.12,0.0,1.0,0.0,0.0,Home Win
2021-05-02,Granada,Cadiz,1.8,1.6,1.6,0.8,1.16,0.9400000000000001,0.0,1.0,0.0,Away Win
2021-05-03,Sevilla,Athletic Club,3.0,1.4,1.5,1.0,1.48,1.13,0.3333333333333333,0.3333333333333333,0.3333333333333333,Away Win
2021-05-07,Real Sociedad,Elche,1.4,0.8,1.0,0.8,1.2200000000000002,0.9399999999999998,1.0,0.0,0.0,Home Win
2021-05-08,Athletic Club,Osasuna,1.8,1.8,1.0,0.9,1.0099999999999998,0.99,0.3333333333333333,0.0,0.6666666666666666,Draw
2021-05-08,Barcelona,Atletico Madrid,1.8,1.8,2.7,1.3,1.81,1.16,0.3333333333333333,0.3333333333333333,0.3333333333333333,Draw
2021-05-08,Cadiz,Huesca,1.6,1.2,0.8,1.1,0.9199999999999999,1.15,1.0,0.0,0.0,Home Win
2021-05-08,Alaves,Levante,1.6,0.6,0.6,0.4,0.8899999999999999,0.59,0.6666666666666666,0.3333333333333333,0.0,Draw
2021-05-09,Valencia,Valladolid,0.4,1.2,1.1,1.0,1.1599999999999997,1.1400000000000001,0.6666666666666666,0.3333333333333333,0.0,Home Win
2021-05-09,Getafe,Eibar,0.8,0.6,0.9,0.7,1.13,1.05,0.3333333333333333,0.6666666666666666,0.0,Away Win
2021-05-09,Villarreal,Celta Vigo,1.2,1.4,1.8,1.7,1.7599999999999998,1.2299999999999998,0.6666666666666666,0.0,0.3333333333333333,Away Win
2021-05-09,Real Madrid,Sevilla,2.2,2.4,1.6,1.5,1.7600000000000002,1.57,1.0,0.0,0.0,Draw
2021-05-10,Real Betis,Granada,2.6,1.8,1.5,1.4,1.47,1.15,1.0,0.0,0.0,Home Win
2021-05-11,Elche,Alaves,0.8,1.6,0.6,0.8,0.8699999999999999,0.97,1.0,0.0,0.0,Away Win
2021-05-11,Levante,Barcelona,0.2,2.0,0.5,2.5,0.55,1.7399999999999998,0.3333333333333333,0.0,0.6666666666666666,Draw
2021-05-11,Osasuna,Cadiz,1.4,1.6,1.0,1.0,0.9700000000000001,0.99,1.0,0.0,0.0,Home Win
2021-05-12,Sevilla,Valencia,2.0,0.8,1.6,1.4,1.5699999999999998,1.26,0.6666666666666666,0.3333333333333333,0.0,Home Win
2021-05-12,Huesca,Athletic Club,0.6,1.8,1.1,1.0,1.17,1.0399999999999998,0.0,0.0,1.0,Home Win
2021-05-12,Atletico Madrid,Real Sociedad,2.0,1.8,1.2,1.1,1.1,1.3800000000000003,0.3333333333333333,0.3333333333333333,0.3333333333333333,Home Win
2021-05-12,Celta Vigo,Getafe,2.0,0.8,2.0,0.6,1.3399999999999999,1.12,0.0,0.6666666666666666,0.3333333333333333,Home Win
2021-05-13,Valladolid,Villarreal,1.2,1.2,0.9,2.0,1.1700000000000002,1.8799999999999997,0.0,0.3333333333333333,0.6666666666666666,Away Win
2021-05-13,Eibar,Betis,1.2,0.4,0.7,0.0,1.0,0.0,1.0,0.0,0.0,Home Win
2021-05-13,Granada,Real Madrid,1.2,1.8,1.2,1.7,1.04,1.6299999999999997,0.0,0.0,1.0,Away Win
2021-05-16,Cadiz,Elche,1.4,0.8,1.1,0.5,1.0,0.9,0.0,1.0,0.0,Away Win
2021-05-16,Atletico Madrid,Osasuna,2.0,1.4,1.2,1.3,1.0900000000000003,1.1,1.0,0.0,0.0,Home Win
2021-05-16,Getafe,Levante,0.6,0.4,0.5,0.8,1.16,0.64,0.3333333333333333,0.0,0.6666666666666666,Home Win
2021-05-16,Athletic Club,Real Madrid,1.6,2.2,0.9,2.0,0.9999999999999998,1.6,0.0,0.3333333333333333,0.6666666666666666,Away Win
2021-05-16,Barcelona,Celta Vigo,1.6,2.4,2.6,1.7,1.9300000000000002,1.29,0.6666666666666666,0.3333333333333333,0.0,Away Win
2021-05-16,Real Sociedad,Valladolid,1.8,1.0,1.1,0.7,1.0799999999999998,1.15,0.3333333333333333,0.6666666666666666,0.0,Home Win
2021-05-16,Alaves,Granada,1.6,0.6,1.0,1.2,1.13,1.03,0.0,0.0,1.0,Home Win
2021-05-16,Real Betis,Huesca,2.6,1.2,1.6,0.9,1.4299999999999997,1.05,0.0,0.0,0.0,Home Win
2021-05-16,Valencia,Eibar,0.8,1.8,1.2,0.8,1.1099999999999999,0.95,0.3333333333333333,0.3333333333333333,0.3333333333333333,Home Win
2021-05-16,Villarreal,Sevilla,1.2,2.0,2.1,1.6,1.75,1.6,0.3333333333333333,0.3333333333333333,0.3333333333333333,Home Win
2021-05-21,Levante,Cadiz,0.4,1.4,0.8,1.1,0.61,0.96,0.0,1.0,0.0,Draw
2021-05-22,Huesca,Valencia,1.2,1.4,0.8,1.6,0.8299999999999998,1.1700000000000002,0.0,1.0,0.0,Draw
2021-05-22,Valladolid,Atletico Madrid,0.8,2.0,0.8,1.4,1.21,1.19,0.0,0.3333333333333333,0.6666666666666666,Away Win
2021-05-22,Elche,Athletic Club,1.2,1.0,0.8,0.9,1.07,0.9999999999999998,0.0,0.0,1.0,Home Win
2021-05-22,Eibar,Barcelona,1.8,1.0,0.8,2.3,1.0399999999999998,2.07,0.0,0.3333333333333333,0.6666666666666666,Away Win
2021-05-22,Osasuna,Real Sociedad,0.8,1.8,1.4,1.5,1.07,1.22,0.0,0.6666666666666666,0.3333333333333333,Away Win
2021-05-22,Real Madrid,Villarreal,2.2,1.8,1.9,2.2,1.54,1.5899999999999999,0.3333333333333333,0.6666666666666666,0.0,Home Win
2021-05-22,Celta Vigo,Betis,3.0,0.2,1.9,0.0,1.24,0.0,1.0,0.0,0.0,Home Win
2021-05-23,Sevilla,Alaves,1.4,1.6,1.4,1.3,1.61,1.2200000000000002,0.6666666666666666,0.3333333333333333,0.0,Home Win
2021-05-23,Granada,Getafe,0.6,1.2,1.3,0.7,1.07,1.1400000000000001,0.6666666666666666,0.0,0.3333333333333333,Draw
2021-08-13,Valencia,Getafe,1.4,0.8,1.4,0.6,1.03,1.02,0.0,0.5,0.5,Home Win
2021-08-14,Cadiz,Levante,1.4,0.6,1.2,1.0,0.9200000000000002,0.76,0.0,1.0,0.0,Draw
2021-08-14,Osasuna,Espanyol,0.8,0.2,1.4,0.2,1.0500000000000003,0.6,1.0,0.0,0.0,Draw
2021-08-14,Mallorca,Betis,0.8,0.2,1.2,0.0,1.0000000000000002,0.0,1.0,0.0,0.0,Home Win
2021-08-14,Alaves,Real Madrid,1.4,2.6,1.3,1.8,1.21,1.41,0.25,0.0,0.75,Away Win
2021-08-15,Barcelona,Real Sociedad,1.6,1.8,1.8,1.5,1.8200000000000003,1.33,0.75,0.25,0.0,Home Win
2021-08-15,Sevilla,Rayo Vallecano,1.4,0.0,1.4,1.0,1.55,1.0,0.0,0.0,0.0,Home Win
2021-08-15,Celta Vigo,Atletico Madrid,3.0,2.6,2.0,1.5,1.31,1.28,0.0,0.75,0.25,Away Win
2021-08-16,Elche,Athletic Club,1.2,0.8,0.9,0.8,1.02,0.89,0.5,0.0,0.5,Draw
2021-08-16,Villarreal,Granada,1.8,0.2,2.1,1.2,1.43,0.9900000000000002,0.5,0.5,0.0,Draw
2021-08-20,Real Betis,Cadiz,2.6,1.0,1.5,1.1,1.46,0.9200000000000002,1.0,0.0,0.0,Home Win
2021-08-21,Granada,Valencia,0.4,2.0,1.2,1.4,0.8800000000000002,1.06,0.25,0.25,0.5,Draw
2021-08-21,Alaves,Mallorca,1.4,1.4,1.3,1.3,1.18,0.89,0.5,0.0,0.5,Away Win
2021-08-21,Athletic Club,Barcelona,0.4,1.6,0.7,2.1,0.8800000000000001,1.9400000000000002,0.25,0.0,0.75,Draw
2021-08-21,Espanyol,Villarreal,0.4,1.4,0.2,1.8,0.62,1.2199999999999998,0.5,0.0,0.5,Draw
2021-08-22,Real Sociedad,Rayo Vallecano,1.8,0.0,1.6,0.0,1.32,0.4,0.0,0.0,0.0,Home Win
2021-08-22,Levante,Real Madrid,0.8,2.6,1.1,2.0,0.79,1.4,0.5,0.0,0.5,Draw
2021-08-22,Atletico Madrid,Elche,2.6,1.4,1.7,0.8,1.35,1.0299999999999998,1.0,0.0,0.0,Home Win
2021-08-23,Osasuna,Celta Vigo,1.0,2.4,1.4,1.8,1.12,1.3399999999999999,0.5,0.25,0.25,Draw
2021-08-23,Getafe,Sevilla,0.8,2.0,0.6,1.6,1.1300000000000001,1.72,0.0,0.0,1.0,Away Win
2021-08-27,Valencia,Alaves,1.6,1.2,1.3,1.3,0.9800000000000001,1.18,0.25,0.75,0.0,Home Win
2021-08-27,Mallorca,Espanyol,1.4,0.6,1.3,0.1,0.9199999999999999,0.6900000000000001,0.5,0.0,0.5,Home Win
2021-08-28,Elche,Sevilla,1.4,2.4,0.7,1.3,0.9499999999999998,1.6800000000000002,0.5,0.0,0.5,Draw
2021-08-28,Celta Vigo,Athletic Club,2.0,0.4,1.5,0.8,1.09,0.8400000000000001,0.5,0.5,0.0,Away Win
2021-08-28,Real Betis,Real Madrid,2.6,2.6,1.5,2.1,1.42,1.41,1.0,0.0,0.0,Draw
2021-08-28,Real Sociedad,Levante,1.8,0.8,1.5,1.3,1.4100000000000001,0.95,0.25,0.25,0.5,Home Win
2021-08-29,Barcelona,Getafe,1.6,0.8,2.1,0.6,1.9100000000000001,0.97,0.75,0.0,0.25,Home Win
2021-08-29,Atletico Madrid,Villarreal,3.0,1.6,1.8,1.7,1.47,1.1199999999999997,0.5,0.5,0.0,Draw
2021-08-29,Rayo Vallecano,Granada,0.0,0.6,0.0,1.1,0.45,0.8400000000000001,0.0,0.0,0.0,Home Win
2021-08-29,Cadiz,Osasuna,0.4,1.0,1.0,1.2,0.85,1.19,0.0,0.0,1.0,Away Win
2021-09-11,Athletic Club,Mallorca,1.0,2.0,0.9,1.4,0.9800000000000001,0.96,0.5,0.5,0.0,Home Win
2021-09-11,Levante,Rayo Vallecano,0.6,0.6,1.2,1.3333333333333333,0.89,1.0333333333333334,0.0,0.0,0.0,Draw
2021-09-12,Osasuna,Valencia,1.0,2.2,1.3,1.6,1.3800000000000001,1.1400000000000001,0.5,0.25,0.25,Away Win
2021-09-12,Real Madrid,Celta Vigo,2.2,1.4,2.1,1.5,1.3599999999999999,1.15,0.75,0.25,0.0,Home Win
2021-09-12,Cadiz,Real Sociedad,0.4,2.4,1.2,1.5,0.97,1.48,0.0,0.0,1.0,Away Win
2021-09-12,Espanyol,Atletico Madrid,0.6,2.6,0.1,1.5,0.7300000000000001,1.4499999999999997,0.0,0.5,0.5,Away Win
2021-09-13,Granada,Betis,0.6,0.2,0.7,0.0,0.75,0.0,1.0,0.0,0.0,Home Win
2021-09-13,Getafe,Elche,0.8,1.6,0.7,0.8,0.8300000000000001,0.9299999999999999,0.5,0.5,0.0,Away Win
2021-09-17,Celta Vigo,Cadiz,0.8,0.4,1.6,1.2,1.27,0.9,0.5,0.5,0.0,Away Win
2021-09-18,Alaves,Osasuna,0.6,1.0,1.2,1.1,1.1800000000000002,1.15,0.0,0.25,0.75,Away Win
2021-09-18,Rayo Vallecano,Getafe,0.8,0.2,1.25,0.5,1.3250000000000002,0.7099999999999999,0.0,0.0,0.0,Home Win
2021-09-18,Elche,Levante,1.6,0.8,0.8,1.3,0.86,0.9600000000000002,0.5,0.5,0.0,Draw
2021-09-18,Atletico Madrid,Athletic Club,2.6,1.6,1.5,0.9,1.31,1.0,0.5,0.25,0.25,Draw
2021-09-19,Mallorca,Villarreal,2.0,1.2,1.3,1.4,0.85,1.0,0.5,0.0,0.5,Draw
2021-09-19,Valencia,Real Madrid,2.2,2.2,1.9,2.3,1.1199999999999999,1.36,0.25,0.25,0.5,Away Win
2021-09-19,Real Betis,Espanyol,2.2,0.6,1.3,0.2,1.2999999999999996,0.6900000000000001,1.0,0.0,0.0,Home Win
2021-09-19,Real Sociedad,Sevilla,2.4,2.0,1.5,1.2,1.45,1.4700000000000002,0.0,0.25,0.75,Draw
2021-09-20,Barcelona,Granada,2.0,1.2,1.8,0.7,1.8500000000000003,0.72,0.5,0.0,0.5,Draw
2021-09-21,Levante,Celta Vigo,0.8,0.2,1.4,1.5,1.04,1.3,0.5,0.25,0.25,Away Win
2021-09-21,Athletic Club,Rayo Vallecano,1.8,1.4,0.7,1.6,0.95,1.5000000000000002,0.0,0.0,0.0,Away Win
2021-09-21,Getafe,Atletico Madrid,0.0,2.2,0.3,1.4,0.75,1.3199999999999998,0.0,0.25,0.75,Away Win
2021-09-22,Villarreal,Elche,0.8,1.2,1.3,0.8,0.99,0.86,0.0,1.0,0.0,Home Win
2021-09-22,Real Madrid,Mallorca,2.2,2.0,2.5,0.8,1.3900000000000001,0.75,0.5,0.0,0.5,Home Win
2021-09-22,Espanyol,Alaves,0.4,0.0,0.1,1.0,0.6700000000000002,1.06,0.5,0.5,0.0,Home Win
2021-09-22,Sevilla,Valencia,2.2,2.0,1.1,1.9,1.3200000000000003,1.11,0.75,0.25,0.0,Home Win
2021-09-23,Cadiz,Barcelona,0.8,2.2,1.3,1.7,0.9,1.75,0.5,0.5,0.0,Draw
2021-09-23,Granada,Real Sociedad,1.2,2.0,0.6,1.4,0.73,1.5100000000000002,0.5,0.0,0.5,Away Win
2021-09-23,Osasuna,Betis,1.6,0.0,1.2,0.0,1.15,0.0,0.0,1.0,0.0,Home Win
2021-09-25,Real Madrid,Villarreal,2.2,1.4,2.9,1.6,1.4800000000000002,1.22,0.5,0.5,0.0,Draw
2021-09-25,Sevilla,Espanyol,2.2,0.8,1.2,0.2,1.29,0.7600000000000001,0.5,0.5,0.0,Home Win
2021-09-25,Alaves,Atletico Madrid,0.0,2.2,0.9,1.5,1.01,1.34,0.0,0.25,0.75,Home Win
2021-09-25,Valencia,Athletic Club,1.4,1.6,1.8,0.7,1.03,0.9700000000000001,0.25,0.5,0.25,Draw
2021-09-26,Real Sociedad,Elche,2.6,1.0,1.7,0.9,1.65,0.86,1.0,0.0,0.0,Home Win
2021-09-26,Mallorca,Osasuna,1.4,2.0,0.9,1.3,0.8099999999999999,1.24,0.0,1.0,0.0,Away Win
2021-09-26,Rayo Vallecano,Cadiz,2.0,0.8,1.6666666666666667,1.2,1.4166666666666667,0.9100000000000001,0.0,0.0,0.0,Home Win
2021-09-26,Real Betis,Getafe,2.6,0.0,1.4,0.4,1.23,0.72,1.0,0.0,0.0,Home Win
2021-09-26,Barcelona,Levante,1.8,0.6,1.6,1.4,1.6499999999999997,1.09,0.5,0.25,0.25,Home Win
2021-09-27,Celta Vigo,Granada,0.8,1.0,1.5,0.8,1.14,0.7699999999999999,0.25,0.5,0.25,Home Win
2021-10-01,Athletic Club,Alaves,1.6,0.6,0.6,1.0,0.89,1.06,0.25,0.25,0.5,Home Win
2021-10-02,Osasuna,Rayo Vallecano,2.4,2.6,1.4,1.8571428571428572,1.2,1.4000000000000001,0.0,0.0,0.0,Home Win
2021-10-02,Cadiz,Valencia,0.8,1.4,1.1,1.6,0.9200000000000002,0.9900000000000002,0.5,0.5,0.0,Draw
2021-10-02,Mallorca,Levante,0.8,0.4,0.9,1.2,0.9400000000000001,1.09,0.5,0.0,0.5,Home Win
2021-10-02,Atletico Madrid,Barcelona,1.6,1.8,1.5,1.6,1.3299999999999998,1.64,0.25,0.5,0.25,Home Win
2021-10-03,Elche,Celta Vigo,1.0,1.2,0.9,1.2,0.89,1.0699999999999998,0.0,0.5,0.5,Home Win
2021-10-03,Villarreal,Betis,1.4,0.0,1.5,0.0,1.25,0.0,1.0,0.0,0.0,Home Win
2021-10-03,Espanyol,Real Madrid,0.6,2.2,0.2,2.7,0.7400000000000001,1.5,0.0,0.0,1.0,Home Win
2021-10-03,Getafe,Real Sociedad,0.0,2.6,0.4,1.6,0.6399999999999999,1.65,0.5,0.0,0.5,Draw
2021-10-03,Granada,Sevilla,0.8,2.2,0.8,1.4,0.85,1.36,0.25,0.0,0.75,Home Win
2021-10-16,Levante,Getafe,0.4,0.2,0.9,0.5,1.1,0.58,0.5,0.0,0.5,Draw
2021-10-16,Real Sociedad,Mallorca,2.2,0.8,1.6,1.0,1.55,0.96,1.0,0.0,0.0,Home Win
2021-10-17,Barcelona,Valencia,1.6,1.0,1.6,1.6,1.6200000000000003,1.06,0.5,0.25,0.25,Home Win
2021-10-17,Celta Vigo,Sevilla,1.2,1.6,1.1,1.2,1.08,1.37,0.25,0.25,0.5,Away Win
2021-10-17,Rayo Vallecano,Elche,2.0,1.4,1.625,1.0,1.25,0.9400000000000002,0.0,0.0,0.0,Home Win
2021-10-17,Villarreal,Osasuna,1.8,2.4,1.5,1.2,1.21,1.04,0.5,0.0,0.5,Away Win
2021-10-18,Alaves,Betis,0.6,0.0,0.8,0.0,1.0299999999999998,0.0,0.5,0.5,0.0,Draw
2021-10-18,Espanyol,Cadiz,1.2,1.0,0.4,0.9,0.79,0.7700000000000001,0.0,0.0,0.0,Home Win
2021-10-22,Osasuna,Granada,3.0,1.4,1.3,0.8,1.0699999999999998,0.67,0.25,0.0,0.75,Draw
2021-10-23,Athletic Club,Villarreal,1.6,1.6,0.7,1.4,1.07,1.1999999999999997,0.25,0.75,0.0,Home Win
2021-10-23,Elche,Espanyol,0.8,1.8,0.8,0.6,0.7400000000000001,0.79,0.0,0.0,0.0,Draw
2021-10-23,Cadiz,Alaves,1.0,0.8,0.8,0.6,0.7,0.9600000000000002,0.5,0.5,0.0,Away Win
2021-10-23,Valencia,Mallorca,0.4,0.8,1.3,0.9,0.9700000000000001,0.8499999999999999,0.5,0.0,0.5,Draw
2021-10-24,Sevilla,Levante,2.0,0.4,1.2,0.8,1.3800000000000003,1.1400000000000001,0.75,0.25,0.0,Home Win
2021-10-24,Atletico Madrid,Real Sociedad,2.0,2.2,1.5,1.3,1.31,1.41,0.5,0.25,0.25,Draw
2021-10-24,Real Betis,Rayo Vallecano,2.6,2.4,1.3,1.6666666666666667,1.2200000000000002,1.2444444444444445,0.0,0.0,0.0,Home Win
2021-10-24,Barcelona,Real Madrid,1.6,2.0,1.6,2.4,1.54,1.5299999999999998,0.0,0.25,0.75,Away Win
2021-10-25,Getafe,Celta Vigo,0.4,1.2,0.3,0.9,0.59,1.13,0.25,0.5,0.25,Away Win
2021-10-26,Alaves,Elche,1.4,0.8,0.4,0.8,0.85,0.7300000000000001,0.5,0.0,0.5,Home Win
2021-10-26,Espanyol,Athletic Club,2.0,1.6,0.8,0.9,0.8300000000000001,1.28,0.0,0.5,0.5,Draw
2021-10-26,Villarreal,Cadiz,1.4,0.4,1.1,0.6,1.1300000000000001,0.8,0.5,0.5,0.0,Draw
2021-10-27,Real Madrid,Osasuna,2.0,2.6,2.5,1.4,1.5799999999999998,1.13,0.75,0.25,0.0,Draw
2021-10-27,Mallorca,Sevilla,0.8,2.4,0.9,1.7,0.8300000000000001,1.3800000000000003,0.0,0.0,1.0,Draw
2021-10-27,Real Betis,Valencia,2.6,0.6,1.4,1.5,1.1400000000000001,1.1,1.0,0.0,0.0,Home Win
2021-10-27,Rayo Vallecano,Barcelona,1.8,1.4,1.5,1.6,1.1199999999999999,1.4499999999999997,0.0,0.0,0.0,Home Win
2021-10-28,Granada,Getafe,1.0,0.4,0.7,0.3,0.6399999999999999,0.5799999999999998,0.5,0.25,0.25,Draw
2021-10-28,Celta Vigo,Real Sociedad,1.8,2.2,1.0,1.4,1.16,1.29,0.25,0.0,0.75,Away Win
2021-10-28,Levante,Atletico Madrid,0.2,1.6,0.9,1.5,1.18,1.2199999999999998,0.25,0.25,0.5,Draw
2021-10-30,Barcelona,Alaves,1.2,2.0,1.5,0.5,1.67,0.9099999999999999,0.75,0.25,0.0,Draw
2021-10-30,Valencia,Villarreal,0.6,1.0,1.4,1.3,0.9500000000000002,1.2399999999999998,0.5,0.0,0.5,Home Win
2021-10-30,Sevilla,Osasuna,2.0,2.2,1.7,1.4,1.4200000000000002,1.09,0.75,0.25,0.0,Home Win
2021-10-30,Elche,Real Madrid,0.8,1.6,0.8,2.3,0.65,1.5299999999999998,0.0,0.5,0.5,Away Win
2021-10-31,Getafe,Espanyol,0.6,1.6,0.4,0.9,0.4800000000000001,0.9099999999999999,0.0,1.0,0.0,Home Win
2021-10-31,Atletico Madrid,Betis,1.6,0.2,1.5,0.0,1.1700000000000002,0.0,1.0,0.0,0.0,Home Win
2021-10-31,Cadiz,Mallorca,0.4,1.0,0.8,0.9,0.8800000000000001,0.93,0.0,0.0,0.0,Draw
2021-10-31,Real Sociedad,Athletic Club,2.2,1.6,1.4,1.0,1.38,1.56,0.5,0.25,0.25,Draw
2021-11-01,Rayo Vallecano,Celta Vigo,1.8,1.2,1.6,0.9,1.1600000000000001,1.07,0.0,0.0,0.0,Draw
2021-11-01,Levante,Granada,0.4,1.0,1.0,0.8,1.27,0.7999999999999999,0.25,0.75,0.0,Away Win
2021-11-05,Athletic Club,Cadiz,1.8,0.6,1.1,0.9,1.6,1.05,0.5,0.0,0.5,Away Win
2021-11-06,Espanyol,Granada,1.6,1.6,1.0,1.1,0.8400000000000001,0.8699999999999999,0.0,0.0,1.0,Home Win
2021-11-06,Alaves,Levante,1.6,0.4,0.5,0.7,0.8299999999999998,1.19,0.5,0.5,0.0,Home Win
2021-11-06,Real Madrid,Rayo Vallecano,1.6,1.4,2.1,1.6,1.47,1.17,0.0,0.0,0.0,Home Win
2021-11-06,Celta Vigo,Barcelona,0.8,0.8,0.9,1.2,1.12,1.52,0.25,0.25,0.5,Draw
2021-11-07,Osasuna,Real Sociedad,1.6,1.8,1.4,1.4,0.95,1.3,0.0,0.5,0.5,Away Win
2021-11-07,Valencia,Atletico Madrid,1.0,1.6,1.5,1.6,0.9100000000000001,1.25,0.0,0.5,0.5,Draw
2021-11-07,Villarreal,Getafe,0.8,1.2,1.3,0.6,1.21,0.51,1.0,0.0,0.0,Home Win
2021-11-07,Mallorca,Elche,1.2,0.8,0.9,0.9,0.9499999999999998,0.74,0.0,0.0,0.0,Draw
2021-11-07,Real Betis,Sevilla,2.6,2.0,1.7,1.6,1.26,1.25,1.0,0.0,0.0,Draw
2021-11-19,Levante,Athletic Club,0.4,1.6,0.8,1.0,1.23,1.5100000000000002,0.0,0.25,0.75,Draw
2021-11-20,Celta Vigo,Villarreal,1.0,0.8,1.2,1.4,1.16,1.29,0.5,0.0,0.5,Draw
2021-11-20,Sevilla,Alaves,2.2,2.2,1.5,0.7,1.1300000000000001,0.93,0.75,0.25,0.0,Draw
2021-11-20,Barcelona,Espanyol,1.0,1.6,1.4,1.2,1.5100000000000002,0.96,0.5,0.5,0.0,Home Win
2021-11-20,Atletico Madrid,Osasuna,1.8,1.0,1.8,1.1,1.36,0.75,1.0,0.0,0.0,Home Win
2021-11-21,Granada,Real Madrid,1.6,2.0,1.0,2.0,0.96,1.5199999999999998,0.0,0.0,1.0,Away Win
2021-11-21,Elche,Betis,0.4,0.2,1.0,0.0,0.77,0.0,1.0,0.0,0.0,Draw
2021-11-21,Getafe,Cadiz,1.0,1.0,0.5,0.8,0.49000000000000005,0.9400000000000001,0.5,0.0,0.5,Home Win
2021-11-21,Real Sociedad,Valencia,2.2,1.0,1.5,1.5,1.35,0.86,0.25,0.5,0.25,Draw
2021-11-22,Rayo Vallecano,Mallorca,1.4,0.8,1.3,1.0,1.09,1.0799999999999996,0.0,0.0,0.0,Home Win
2021-11-26,Athletic Club,Granada,1.2,1.0,0.9,1.1,1.42,0.9799999999999999,0.5,0.0,0.5,Draw
2021-11-27,Villarreal,Barcelona,1.0,1.0,1.3,1.3,1.5399999999999998,1.54,0.0,0.0,1.0,Away Win
2021-11-27,Valencia,Rayo Vallecano,1.2,1.4,1.1,1.5,0.8399999999999999,1.1099999999999999,0.0,0.0,0.0,Draw
2021-11-27,Alaves,Celta Vigo,2.2,1.2,0.9,1.1,1.0,1.08,0.25,0.0,0.75,Away Win
2021-11-27,Mallorca,Getafe,0.8,1.4,1.1,0.9,1.1299999999999997,0.5800000000000001,0.0,0.0,1.0,Draw
2021-11-28,Espanyol,Real Sociedad,1.0,1.8,1.1,1.3,1.02,1.19,0.0,0.0,1.0,Home Win
2021-11-28,Real Betis,Levante,2.6,0.4,1.5,0.7,1.2200000000000002,1.1800000000000002,1.0,0.0,0.0,Home Win
2021-11-28,Real Madrid,Sevilla,2.6,1.8,2.4,1.6,1.8699999999999997,1.1800000000000002,0.75,0.25,0.0,Home Win
2021-11-28,Cadiz,Atletico Madrid,1.0,1.8,0.8,1.7,0.95,1.2900000000000003,0.0,0.0,1.0,Away Win
2021-11-29,Osasuna,Elche,0.4,0.6,1.0,0.9,0.74,0.7699999999999999,0.5,0.5,0.0,Draw
2021-12-01,Real Madrid,Athletic Club,2.6,0.8,2.1,0.9,1.67,1.3900000000000001,0.75,0.25,0.0,Home Win
2021-12-03,Granada,Alaves,1.0,1.6,1.2,1.0,1.0299999999999998,1.04,0.75,0.0,0.25,Home Win
2021-12-04,Real Sociedad,Real Madrid,1.6,3.0,1.3,2.0,1.23,1.72,0.0,0.5,0.5,Away Win
2021-12-04,Atletico Madrid,Mallorca,2.2,0.8,1.9,1.1,1.5900000000000003,1.1199999999999999,1.0,0.0,0.0,Away Win
2021-12-04,Sevilla,Villarreal,1.2,1.0,1.7,1.4,1.2,1.51,0.25,0.25,0.5,Home Win
2021-12-04,Barcelona,Betis,1.6,0.4,1.5,0.0,1.6800000000000002,0.0,1.0,0.0,0.0,Draw
2021-12-05,Celta Vigo,Valencia,1.2,1.2,1.2,1.1,1.1,0.9100000000000001,0.5,0.0,0.5,Away Win
2021-12-05,Elche,Cadiz,0.6,1.0,0.9,0.7,0.8699999999999999,0.9400000000000001,0.5,0.5,0.0,Home Win
2021-12-05,Levante,Osasuna,0.4,0.4,0.6,0.9,1.07,0.78,0.25,0.25,0.5,Draw
2021-12-05,Rayo Vallecano,Espanyol,1.6,1.4,1.3,1.2,1.01,1.06,0.0,0.0,0.0,Home Win
2021-12-06,Getafe,Athletic Club,1.6,0.6,0.9,0.9,0.55,1.53,0.25,0.5,0.25,Draw
2021-12-10,Mallorca,Celta Vigo,1.2,1.2,1.2,1.1,1.0399999999999998,1.1199999999999999,0.5,0.5,0.0,Draw
2021-12-11,Athletic Club,Sevilla,0.6,1.6,0.8,1.5,1.4899999999999998,1.1400000000000001,0.5,0.25,0.25,Away Win
2021-12-11,Alaves,Getafe,1.0,1.6,1.1,0.8,1.2,0.64,0.0,1.0,0.0,Draw
2021-12-11,Espanyol,Levante,1.2,0.4,1.1,0.6,0.95,0.95,0.5,0.0,0.5,Home Win
2021-12-11,Valencia,Elche,1.8,1.2,1.2,1.1,1.0000000000000002,0.99,0.5,0.0,0.5,Home Win
2021-12-12,Villarreal,Rayo Vallecano,0.8,1.6,1.0,1.2,1.3599999999999999,0.95,0.0,0.0,0.0,Home Win
2021-12-12,Osasuna,Barcelona,0.4,1.8,0.8,1.5,0.71,1.7400000000000002,0.25,0.25,0.5,Draw
2021-12-12,Real Betis,Real Sociedad,2.6,1.0,1.8,1.0,1.4600000000000002,1.13,0.5,0.5,0.0,Home Win
2021-12-12,Real Madrid,Atletico Madrid,3.0,2.0,1.6,2.0,1.6199999999999999,1.65,0.5,0.5,0.0,Home Win
2021-12-13,Cadiz,Granada,0.8,1.4,0.8,1.3,0.9800000000000001,1.05,0.5,0.5,0.0,Draw
2021-12-17,Celta Vigo,Espanyol,1.2,1.8,1.0,1.5,1.0899999999999999,1.1099999999999999,0.0,1.0,0.0,Home Win
2021-12-18,Rayo Vallecano,Alaves,1.4,1.0,0.9,1.1,0.97,1.2,0.0,0.0,0.0,Home Win
2021-12-18,Barcelona,Elche,1.8,1.2,1.4,1.2,1.54,1.03,1.0,0.0,0.0,Home Win
2021-12-18,Real Sociedad,Villarreal,0.8,1.4,0.9,1.2,0.8899999999999999,1.55,0.25,0.5,0.25,Away Win
2021-12-18,Sevilla,Atletico Madrid,1.6,1.4,1.4,1.8,0.9799999999999999,1.6099999999999999,0.25,0.5,0.25,Home Win
2021-12-19,Getafe,Osasuna,1.2,0.6,0.9,0.7,0.74,0.6499999999999999,0.25,0.75,0.0,Home Win
2021-12-19,Granada,Mallorca,1.0,1.2,1.2,1.0,1.02,0.86,1.0,0.0,0.0,Home Win
2021-12-19,Real Madrid,Cadiz,3.0,0.8,1.8,0.8,1.55,0.95,0.5,0.0,0.5,Draw
2021-12-19,Athletic Club,Betis,0.6,0.6,0.7,0.0,1.55,0.0,1.0,0.0,0.0,Home Win
2021-12-20,Levante,Valencia,0.4,1.8,0.9,1.3,1.16,1.07,0.25,0.25,0.5,Away Win
2021-12-21,Sevilla,Barcelona,2.0,2.2,1.6,1.7,0.9,1.7400000000000002,0.0,0.5,0.5,Draw
2021-12-21,Villarreal,Alaves,1.4,0.4,1.3,1.1,1.58,1.13,0.75,0.0,0.25,Home Win
2021-12-22,Athletic Club,Real Madrid,1.0,2.6,0.9,1.7,1.48,1.59,0.0,0.2,0.8,Away Win
2021-12-22,Granada,Atletico Madrid,1.6,1.2,1.6,1.9,1.1300000000000001,1.64,0.0,0.25,0.75,Home Win
2021-12-31,Valencia,Espanyol,2.2,1.2,1.7,1.4,1.1700000000000002,1.0299999999999998,1.0,0.0,0.0,Away Win
2022-01-02,Getafe,Real Madrid,1.8,2.6,0.9,1.7,0.78,1.55,0.0,0.25,0.75,Home Win
2022-01-02,Mallorca,Barcelona,1.0,1.8,1.0,1.5,0.89,1.73,0.0,0.0,1.0,Away Win
2022-01-02,Alaves,Real Sociedad,0.2,0.2,1.3,0.9,1.1199999999999999,0.9099999999999999,0.25,0.25,0.5,Draw
2022-01-02,Elche,Granada,1.0,2.2,1.3,1.7,1.03,1.1800000000000002,0.0,0.0,1.0,Draw
2022-01-02,Real Betis,Celta Vigo,2.6,1.6,2.0,1.3,1.45,1.1599999999999997,1.0,0.0,0.0,Draw
2022-01-02,Atletico Madrid,Rayo Vallecano,0.6,2.0,1.8,1.1,1.67,1.1300000000000001,0.0,0.0,0.0,Home Win
2022-01-03,Cadiz,Sevilla,0.4,2.0,0.8,1.6,0.9499999999999998,0.8300000000000001,0.0,0.0,1.0,Away Win
2022-01-03,Villarreal,Levante,1.8,0.4,1.7,1.2,1.86,1.3099999999999998,0.75,0.0,0.25,Home Win
2022-01-03,Osasuna,Athletic Club,0.6,0.8,0.6,0.8,0.6599999999999999,1.3000000000000003,0.5,0.25,0.25,Away Win
2022-01-08,Levante,Mallorca,0.2,1.0,1.2,1.0,1.26,0.95,0.3333333333333333,0.0,0.6666666666666666,Home Win
2022-01-08,Granada,Barcelona,2.2,1.8,1.6,1.5,1.24,1.7000000000000004,0.4,0.2,0.4,Draw
2022-01-08,Real Madrid,Valencia,2.0,2.0,1.7,1.7,1.55,1.2,0.6,0.2,0.2,Home Win
2022-01-08,Real Sociedad,Celta Vigo,0.2,1.6,0.9,1.3,0.96,1.0399999999999998,0.8,0.0,0.2,Home Win
2022-01-09,Sevilla,Getafe,2.6,1.8,1.2,1.0,0.76,0.8100000000000002,1.0,0.0,0.0,Home Win
2022-01-09,Alaves,Athletic Club,0.4,1.4,1.2,1.0,1.1599999999999997,1.11,0.4,0.2,0.4,Draw
2022-01-09,Rayo Vallecano,Betis,1.4,0.6,0.9,0.0,1.02,0.0,0.0,0.0,0.0,Home Win
2022-01-09,Osasuna,Cadiz,0.6,0.4,0.5,0.8,0.69,0.9299999999999997,1.0,0.0,0.0,Home Win
2022-01-09,Villarreal,Atletico Madrid,2.4,0.6,2.1,1.8,2.1499999999999995,1.67,0.0,0.6,0.4,Draw
2022-01-10,Espanyol,Elche,1.8,1.0,1.4,1.2,1.1,1.1099999999999999,0.0,1.0,0.0,Away Win
2022-01-16,Elche,Villarreal,1.4,2.6,1.2,2.0,1.12,2.19,0.0,0.6666666666666666,0.3333333333333333,Home Win
2022-01-18,Real Betis,Alaves,2.2,0.6,1.9,1.1,1.48,1.04,1.0,0.0,0.0,Home Win
2022-01-18,Cadiz,Espanyol,0.4,1.2,0.8,1.3,0.8,1.15,0.0,0.0,1.0,Draw
2022-01-19,Valencia,Sevilla,1.8,2.6,1.6,1.2,1.15,0.7500000000000001,0.0,0.2,0.8,Draw
2022-01-19,Celta Vigo,Osasuna,1.0,1.0,1.0,0.6,0.9200000000000002,0.8099999999999999,0.2,0.4,0.4,Home Win
2022-01-20,Getafe,Granada,1.6,1.8,1.0,1.6,0.7700000000000001,1.1300000000000001,0.2,0.4,0.4,Home Win
2022-01-21,Espanyol,Betis,1.4,0.4,1.4,0.0,1.19,0.0,1.0,0.0,0.0,Home Win
2022-01-22,Villarreal,Mallorca,2.0,0.8,2.0,0.8,2.17,1.01,0.3333333333333333,0.3333333333333333,0.3333333333333333,Home Win
2022-01-22,Atletico Madrid,Valencia,0.8,1.4,1.8,1.7,1.6499999999999997,1.2,0.4,0.6,0.0,Home Win
2022-01-22,Sevilla,Celta Vigo,2.2,1.6,1.1,1.2,0.64,0.9,0.6,0.2,0.2,Draw
2022-01-22,Levante,Cadiz,0.8,0.6,1.1,0.7,1.19,0.7500000000000001,0.0,1.0,0.0,Away Win
2022-01-23,Alaves,Barcelona,0.4,1.8,1.0,1.6,0.95,1.5100000000000002,0.0,0.4,0.6,Away Win
2022-01-23,Granada,Osasuna,1.6,0.8,1.5,0.6,1.1,0.8099999999999999,0.6,0.2,0.2,Away Win
2022-01-23,Real Madrid,Elche,2.0,1.4,1.9,1.3,1.8299999999999996,1.1099999999999999,0.6666666666666666,0.3333333333333333,0.0,Draw
2022-01-23,Rayo Vallecano,Athletic Club,1.8,1.4,1.0,0.9,1.1400000000000001,1.09,1.0,0.0,0.0,Away Win
2022-01-23,Real Sociedad,Getafe,0.8,2.0,0.8,1.3,1.05,0.8200000000000001,0.4,0.2,0.4,Draw
2022-02-04,Getafe,Levante,2.0,0.6,1.1,0.9,0.77,1.1099999999999999,0.4,0.2,0.4,Home Win
2022-02-05,Osasuna,Sevilla,1.2,1.8,0.8,1.3,0.96,0.75,0.0,0.2,0.8,Draw
2022-02-05,Mallorca,Cadiz,0.2,1.0,0.7,0.8,0.9799999999999999,0.6500000000000001,0.0,1.0,0.0,Home Win
2022-02-05,Celta Vigo,Rayo Vallecano,1.6,1.2,1.4,0.9,0.9099999999999999,1.26,0.0,1.0,0.0,Home Win
2022-02-05,Elche,Alaves,1.6,0.4,1.4,0.8,1.06,0.86,0.3333333333333333,0.0,0.6666666666666666,Home Win
2022-02-06,Real Betis,Villarreal,2.2,2.0,2.2,2.2,1.61,2.2199999999999998,0.5,0.5,0.0,Draw
2022-02-06,Real Madrid,Granada,1.6,1.0,1.9,1.5,1.9599999999999997,0.9699999999999998,1.0,0.0,0.0,Home Win
2022-02-06,Valencia,Real Sociedad,0.8,1.0,1.7,0.6,1.16,0.9600000000000002,0.2,0.6,0.2,Draw
2022-02-06,Barcelona,Atletico Madrid,2.2,1.4,1.6,1.8,1.5300000000000002,1.6699999999999995,0.2,0.4,0.4,Home Win
2022-02-07,Athletic Club,Espanyol,2.0,1.4,1.0,1.4,1.08,1.27,0.3333333333333333,0.6666666666666666,0.0,Home Win
2022-02-11,Sevilla,Elche,1.8,2.2,1.1,1.5,0.7000000000000001,1.0699999999999998,0.3333333333333333,0.3333333333333333,0.3333333333333333,Home Win
2022-02-12,Villarreal,Real Madrid,1.6,2.0,2.1,1.6,1.94,1.8199999999999998,0.0,0.6,0.4,Draw
2022-02-12,Rayo Vallecano,Osasuna,1.2,1.4,0.9,0.8,1.28,0.96,0.0,0.0,1.0,Away Win
2022-02-12,Atletico Madrid,Getafe,1.4,2.0,1.7,1.4,1.5699999999999998,0.8300000000000001,0.8,0.2,0.0,Home Win
2022-02-12,Cadiz,Celta Vigo,0.8,1.6,0.8,1.3,0.68,0.8300000000000001,0.3333333333333333,0.3333333333333333,0.3333333333333333,Draw
2022-02-13,Espanyol,Barcelona,1.4,2.2,1.3,1.7,1.17,1.54,0.0,0.3333333333333333,0.6666666666666666,Draw
2022-02-13,Alaves,Valencia,0.4,0.4,0.7,1.4,0.8400000000000001,1.1599999999999997,0.0,0.6,0.4,Home Win
2022-02-13,Real Sociedad,Granada,1.2,0.4,0.5,1.4,0.8900000000000002,0.9599999999999997,0.6,0.0,0.4,Home Win
2022-02-13,Levante,Betis,0.6,0.4,0.9,0.0,1.05,0.0,1.0,0.0,0.0,Home Win
2022-02-14,Mallorca,Athletic Club,0.6,2.0,0.8,1.2,1.1199999999999999,1.11,0.0,0.3333333333333333,0.6666666666666666,Home Win
2022-02-16,Atletico Madrid,Levante,2.0,1.2,2.0,1.0,1.72,1.14,0.4,0.4,0.2,Away Win
2022-02-18,Elche,Rayo Vallecano,2.0,0.6,1.5,0.8,1.02,1.23,0.0,0.0,1.0,Home Win
2022-02-19,Granada,Villarreal,0.2,1.2,1.2,2.0,0.97,1.8699999999999999,0.0,0.6,0.4,Away Win
2022-02-19,Real Madrid,Alaves,1.6,0.8,1.4,0.8,1.8699999999999999,0.93,0.8,0.0,0.2,Home Win
2022-02-19,Cadiz,Getafe,1.0,1.4,0.8,1.3,0.7100000000000002,0.9199999999999999,0.3333333333333333,0.0,0.6666666666666666,Draw
2022-02-19,Osasuna,Atletico Madrid,2.0,1.4,1.1,1.6,1.0699999999999998,1.4700000000000002,0.0,0.0,1.0,Away Win
2022-02-20,Athletic Club,Real Sociedad,2.0,1.8,1.2,0.5,1.1600000000000001,1.03,0.2,0.4,0.4,Home Win
2022-02-20,Espanyol,Sevilla,1.0,1.8,1.5,1.2,1.18,0.71,0.0,0.3333333333333333,0.6666666666666666,Draw
2022-02-20,Valencia,Barcelona,0.4,2.2,1.5,1.8,1.2099999999999997,1.5500000000000003,0.2,0.2,0.6,Away Win
2022-02-20,Real Betis,Mallorca,2.2,1.2,2.2,0.9,1.61,1.08,1.0,0.0,0.0,Home Win
2022-02-21,Celta Vigo,Levante,1.6,1.8,1.2,1.1,0.8300000000000001,1.15,0.4,0.2,0.4,Draw
2022-02-25,Levante,Elche,1.4,2.0,1.2,1.6,1.3199999999999998,1.1300000000000001,0.0,0.6666666666666666,0.3333333333333333,Home Win
2022-02-26,Rayo Vallecano,Real Madrid,0.6,2.2,0.6,1.6,1.06,1.9799999999999998,0.0,0.0,1.0,Away Win
2022-02-26,Atletico Madrid,Celta Vigo,1.8,1.8,1.8,1.1,1.4300000000000002,0.8299999999999998,0.4,0.6,0.0,Home Win
2022-02-26,Getafe,Alaves,1.6,0.6,1.4,0.7,0.93,0.78,0.0,1.0,0.0,Draw
2022-02-26,Mallorca,Valencia,1.2,0.4,0.8,1.5,1.01,1.13,0.3333333333333333,0.3333333333333333,0.3333333333333333,Away Win
2022-02-27,Villarreal,Espanyol,1.6,1.2,2.4,1.5,2.19,1.2899999999999998,0.3333333333333333,0.3333333333333333,0.3333333333333333,Home Win
2022-02-27,Sevilla,Betis,1.4,0.2,1.2,0.0,0.72,0.0,1.0,0.0,0.0,Home Win
2022-02-27,Real Sociedad,Osasuna,1.6,1.4,0.5,1.0,1.04,0.95,0.6,0.4,0.0,Home Win
2022-02-27,Barcelona,Athletic Club,2.2,2.0,1.9,1.6,1.43,1.2,0.6,0.2,0.2,Home Win
2022-02-28,Granada,Cadiz,0.0,1.2,1.1,0.8,1.1,0.66,0.0,0.6666666666666666,0.3333333333333333,Draw
2022-03-02,Mallorca,Real Sociedad,1.2,1.6,0.8,0.6,1.15,0.9700000000000001,0.0,0.0,1.0,Away Win
2022-03-04,Alaves,Sevilla,0.8,1.8,0.8,1.3,0.8099999999999999,0.8400000000000001,0.0,0.4,0.6,Draw
2022-03-05,Osasuna,Villarreal,1.4,2.2,1.0,2.7,0.96,2.3899999999999997,0.6,0.0,0.4,Home Win
2022-03-05,Valencia,Granada,0.8,0.2,1.4,1.0,1.06,1.02,0.4,0.4,0.2,Home Win
2022-03-05,Espanyol,Getafe,1.0,1.2,1.6,1.6,1.3399999999999999,0.9199999999999999,0.0,0.6666666666666666,0.3333333333333333,Home Win
2022-03-05,Real Madrid,Real Sociedad,2.2,2.0,1.5,0.8,2.0300000000000002,1.06,0.6,0.4,0.0,Home Win
2022-03-06,Celta Vigo,Mallorca,1.2,1.2,1.0,0.6,0.8200000000000001,1.1400000000000001,0.0,0.6666666666666666,0.3333333333333333,Home Win
2022-03-06,Cadiz,Rayo Vallecano,1.2,0.0,0.7,0.5,0.5599999999999999,1.0299999999999998,0.0,0.0,1.0,Home Win
2022-03-06,Elche,Barcelona,1.4,2.6,1.3,2.3,0.95,1.6400000000000001,0.0,0.0,1.0,Away Win
2022-03-06,Real Betis,Atletico Madrid,2.2,1.8,2.2,2.0,1.5699999999999998,1.4200000000000002,1.0,0.0,0.0,Home Win
2022-03-07,Athletic Club,Levante,1.8,2.0,1.6,1.5,1.1800000000000002,1.4799999999999998,0.6,0.4,0.0,Home Win
2022-03-11,Atletico Madrid,Cadiz,1.8,1.2,1.9,0.8,1.3199999999999998,0.6,1.0,0.0,0.0,Home Win
2022-03-12,Getafe,Valencia,1.0,1.4,1.5,1.5,0.86,1.06,0.4,0.4,0.2,Draw
2022-03-12,Granada,Elche,0.2,1.2,0.7,1.3,0.8699999999999999,0.97,0.6666666666666666,0.3333333333333333,0.0,Away Win
2022-03-12,Villarreal,Celta Vigo,1.6,1.6,2.4,1.4,2.15,0.99,0.4,0.2,0.4,Home Win
2022-03-12,Levante,Espanyol,2.0,1.0,1.3,1.4,1.2399999999999998,1.1199999999999999,0.3333333333333333,0.0,0.6666666666666666,Draw
2022-03-13,Real Betis,Athletic Club,2.2,1.8,2.1,1.9,1.48,1.35,0.5,0.5,0.0,Home Win
2022-03-13,Barcelona,Osasuna,2.6,1.4,2.3,0.9,1.9599999999999997,1.0100000000000002,0.4,0.4,0.2,Home Win
2022-03-13,Rayo Vallecano,Sevilla,0.0,1.8,0.4,1.1,1.0999999999999999,0.9099999999999999,0.0,0.0,1.0,Draw
2022-03-13,Real Sociedad,Alaves,1.8,1.0,0.9,0.8,1.1400000000000001,0.9299999999999999,0.4,0.4,0.2,Home Win
2022-03-14,Mallorca,Real Madrid,0.6,2.6,0.9,1.7,1.2100000000000002,2.19,0.3333333333333333,0.0,0.6666666666666666,Away Win
2022-03-18,Athletic Club,Getafe,1.2,0.6,1.6,1.4,1.2200000000000002,0.8400000000000001,0.2,0.6,0.2,Draw
2022-03-19,Rayo Vallecano,Atletico Madrid,0.2,1.8,0.5,2.0,0.99,1.2,0.0,0.0,1.0,Away Win
2022-03-19,Osasuna,Levante,1.2,1.6,0.9,1.1,0.9700000000000001,1.0799999999999998,0.4,0.4,0.2,Home Win
2022-03-19,Alaves,Granada,1.0,0.2,0.6,0.5,0.93,0.95,0.2,0.0,0.8,Away Win
2022-03-19,Elche,Valencia,1.2,1.4,1.2,1.1,0.96,0.8699999999999999,0.3333333333333333,0.0,0.6666666666666666,Away Win
2022-03-20,Cadiz,Villarreal,1.2,2.0,0.9,2.0,0.66,1.9500000000000004,0.0,0.6666666666666666,0.3333333333333333,Home Win
2022-03-20,Celta Vigo,Betis,1.0,0.0,1.1,0.0,0.95,0.0,1.0,0.0,0.0,Draw
2022-03-20,Real Madrid,Barcelona,2.6,2.6,2.0,2.4,2.17,2.05,0.8,0.2,0.0,Away Win
2022-03-20,Sevilla,Real Sociedad,1.8,1.8,1.1,0.9,0.9099999999999999,1.2700000000000002,0.6,0.4,0.0,Draw
2022-03-20,Espanyol,Mallorca,1.2,0.0,1.4,0.8,1.1199999999999999,1.2600000000000002,0.3333333333333333,0.0,0.6666666666666666,Home Win
2022-04-02,Atletico Madrid,Alaves,2.4,0.4,1.9,0.7,1.1700000000000002,0.9299999999999999,0.6,0.2,0.2,Home Win
2022-04-02,Celta Vigo,Real Madrid,1.0,2.4,1.1,1.8,1.04,2.14,0.0,0.2,0.8,Away Win
2022-04-02,Levante,Villarreal,1.0,1.8,1.2,1.5,1.1400000000000001,1.6300000000000001,0.2,0.0,0.8,Home Win
2022-04-02,Getafe,Mallorca,0.8,0.0,1.4,0.8,0.7900000000000003,1.23,0.6666666666666666,0.3333333333333333,0.0,Home Win
2022-04-03,Granada,Rayo Vallecano,0.8,0.2,0.8,0.3,1.05,0.9500000000000002,0.0,0.0,1.0,Draw
2022-04-03,Barcelona,Sevilla,3.0,1.4,2.7,1.0,2.21,0.85,0.4,0.6,0.0,Home Win
2022-04-03,Valencia,Cadiz,2.0,1.6,1.1,1.0,0.8899999999999999,0.8099999999999999,0.0,0.6666666666666666,0.3333333333333333,Draw
2022-04-03,Athletic Club,Elche,1.4,1.2,1.6,1.2,1.3199999999999998,0.8999999999999998,0.3333333333333333,0.3333333333333333,0.3333333333333333,Home Win
2022-04-03,Real Betis,Osasuna,2.6,1.2,1.9,1.1,1.41,1.11,1.0,0.0,0.0,Home Win
2022-04-04,Real Sociedad,Espanyol,2.0,1.6,0.8,1.3,1.29,1.05,0.6666666666666666,0.0,0.3333333333333333,Home Win
2022-04-08,Sevilla,Granada,1.2,1.0,0.9,0.9,0.8400000000000001,1.17,0.6,0.0,0.4,Home Win
2022-04-09,Villarreal,Athletic Club,1.2,1.4,1.3,1.5,1.54,1.37,0.0,0.6,0.4,Draw
2022-04-09,Cadiz,Betis,1.6,0.2,1.0,0.0,0.8,0.0,0.0,1.0,0.0,Home Win
2022-04-09,Real Madrid,Getafe,2.4,1.2,2.0,1.5,2.3600000000000003,0.95,0.6,0.2,0.2,Home Win
2022-04-09,Mallorca,Atletico Madrid,0.0,2.4,0.8,2.1,1.15,1.4,0.3333333333333333,0.0,0.6666666666666666,Home Win
2022-04-10,Espanyol,Celta Vigo,1.4,0.8,1.2,1.2,0.9600000000000002,1.1600000000000001,0.0,0.6666666666666666,0.3333333333333333,Home Win
2022-04-10,Osasuna,Alaves,1.2,0.4,0.9,0.8,0.8899999999999999,0.93,0.8,0.2,0.0,Home Win
2022-04-10,Levante,Barcelona,1.4,3.0,1.2,2.7,1.22,2.2699999999999996,0.2,0.2,0.6,Away Win
2022-04-10,Elche,Real Sociedad,0.6,2.0,1.1,0.8,0.85,1.3399999999999999,0.0,0.0,1.0,Away Win
2022-04-11,Rayo Vallecano,Valencia,0.4,2.2,0.5,1.0,1.0200000000000002,0.78,0.0,1.0,0.0,Draw
2022-04-15,Real Sociedad,Betis,2.0,0.2,1.0,0.0,1.4299999999999997,0.0,1.0,0.0,0.0,Draw
2022-04-16,Getafe,Villarreal,1.0,0.8,1.1,1.4,0.9000000000000001,1.61,0.0,0.0,1.0,Away Win
2022-04-16,Alaves,Rayo Vallecano,0.2,0.6,0.8,0.5,0.9800000000000001,0.9600000000000002,0.0,0.0,1.0,Home Win
2022-04-16,Elche,Mallorca,0.6,0.6,1.1,0.9,0.89,1.14,0.0,1.0,0.0,Home Win
2022-04-16,Valencia,Osasuna,1.8,1.8,1.0,1.0,0.78,1.0499999999999998,0.4,0.2,0.4,Away Win
2022-04-17,Sevilla,Real Madrid,1.2,2.4,1.2,1.8,1.0399999999999998,2.13,0.0,0.2,0.8,Away Win
2022-04-17,Atletico Madrid,Espanyol,1.8,2.0,1.8,1.1,1.1999999999999997,0.9199999999999999,0.6666666666666666,0.3333333333333333,0.0,Home Win
2022-04-17,Granada,Levante,0.8,0.8,0.9,1.4,1.19,1.46,0.2,0.6,0.2,Away Win
2022-04-17,Athletic Club,Celta Vigo,1.6,0.8,1.6,1.0,1.4700000000000002,1.1199999999999999,0.2,0.4,0.4,Away Win
2022-04-18,Barcelona,Cadiz,3.0,2.0,2.9,0.9,2.3299999999999996,0.8400000000000001,0.0,0.6666666666666666,0.3333333333333333,Away Win
2022-04-19,Real Betis,Elche,2.6,1.2,1.9,1.2,1.65,0.99,1.0,0.0,0.0,Draw
2022-04-19,Mallorca,Alaves,0.6,0.6,0.7,0.9,1.06,0.9700000000000001,0.6666666666666666,0.0,0.3333333333333333,Home Win
2022-04-19,Villarreal,Valencia,1.4,1.2,1.3,0.9,1.6900000000000002,0.8400000000000001,0.4,0.0,0.6,Home Win
2022-04-20,Celta Vigo,Getafe,0.8,1.0,1.0,1.2,1.09,0.9600000000000002,0.4,0.4,0.2,Away Win
2022-04-20,Atletico Madrid,Granada,2.4,0.8,1.8,1.0,1.19,1.22,0.6,0.2,0.2,Draw
2022-04-20,Osasuna,Real Madrid,1.8,2.4,1.0,1.9,0.95,1.9100000000000001,0.0,0.4,0.6,Away Win
2022-04-21,Espanyol,Rayo Vallecano,1.4,0.6,1.1,0.5,0.85,0.8600000000000001,0.0,0.0,1.0,Away Win
2022-04-21,Cadiz,Athletic Club,2.0,1.0,0.8,1.5,0.9400000000000001,1.48,0.6666666666666666,0.0,0.3333333333333333,Away Win
2022-04-21,Real Sociedad,Barcelona,2.2,2.4,1.0,2.8,1.48,2.3,0.0,0.2,0.8,Away Win
2022-04-21,Levante,Sevilla,1.4,1.0,1.8,1.2,1.8,1.02,0.0,0.2,0.8,Away Win
2022-04-24,Barcelona,Rayo Vallecano,2.4,1.0,2.5,0.6,2.3099999999999996,0.8400000000000001,0.0,0.0,1.0,Away Win
2022-04-29,Sevilla,Cadiz,1.4,2.0,1.5,0.9,1.07,1.17,1.0,0.0,0.0,Draw
2022-04-30,Athletic Club,Atletico Madrid,1.6,2.0,1.6,1.4,1.56,1.0499999999999998,0.2,0.4,0.4,Home Win
2022-04-30,Valencia,Levante,1.0,1.2,0.9,1.8,0.76,1.9,0.6,0.2,0.2,Draw
2022-04-30,Real Madrid,Espanyol,2.4,1.2,2.1,1.0,2.15,0.8300000000000001,0.6666666666666666,0.0,0.3333333333333333,Home Win
2022-04-30,Alaves,Villarreal,0.6,1.4,0.9,1.5,0.9400000000000001,1.9300000000000002,0.2,0.0,0.8,Home Win
2022-05-01,Granada,Celta Vigo,1.0,0.8,1.0,0.8,1.18,1.06,0.2,0.4,0.4,Draw
2022-05-01,Barcelona,Mallorca,1.8,1.2,2.3,0.6,2.3299999999999996,0.95,1.0,0.0,0.0,Home Win
2022-05-01,Elche,Osasuna,0.8,1.8,0.9,1.1,0.9,1.02,0.0,0.6666666666666666,0.3333333333333333,Draw
2022-05-01,Rayo Vallecano,Real Sociedad,1.6,1.6,0.7,0.8,0.7799999999999999,1.27,0.0,0.0,1.0,Draw
2022-05-02,Getafe,Betis,1.4,0.4,1.1,0.0,0.99,0.0,1.0,0.0,0.0,Draw
2022-05-06,Levante,Real Sociedad,1.4,1.6,1.8,0.9,1.9700000000000002,1.3000000000000003,0.4,0.2,0.4,Home Win
2022-05-07,Cadiz,Elche,1.6,1.0,1.0,1.0,1.19,0.9299999999999999,0.0,0.3333333333333333,0.6666666666666666,Home Win
2022-05-07,Real Betis,Barcelona,2.6,1.8,1.9,2.1,1.7399999999999998,2.2499999999999996,1.0,0.0,0.0,Home Win
2022-05-07,Athletic Club,Valencia,2.0,0.6,1.6,0.9,1.53,0.6900000000000001,0.2,0.6,0.2,Draw
2022-05-07,Mallorca,Granada,1.2,0.6,0.7,1.1,1.05,1.13,0.0,0.0,1.0,Away Win
2022-05-07,Celta Vigo,Alaves,0.8,1.2,0.9,0.9,1.07,1.0,0.8,0.0,0.2,Home Win
2022-05-08,Villarreal,Sevilla,1.4,1.4,1.6,1.4,2.02,1.06,0.4,0.2,0.4,Draw
2022-05-08,Getafe,Rayo Vallecano,1.4,1.6,0.8,0.7,0.85,0.8499999999999999,0.0,0.0,1.0,Draw
2022-05-08,Espanyol,Osasuna,0.6,1.4,0.8,0.9,0.8500000000000002,0.97,0.0,0.3333333333333333,0.6666666666666666,Draw
2022-05-08,Atletico Madrid,Real Madrid,1.4,3.0,1.4,2.5,0.9899999999999999,2.16,0.0,0.4,0.6,Home Win
2022-05-10,Barcelona,Celta Vigo,1.2,1.4,1.7,1.2,1.94,1.1400000000000001,0.4,0.4,0.2,Home Win
2022-05-10,Granada,Athletic Club,1.0,1.6,1.6,1.2,1.0599999999999998,1.3800000000000003,0.4,0.2,0.4,Home Win
2022-05-10,Valencia,Betis,0.6,0.6,0.8,0.0,0.6199999999999999,0.0,0.5,0.5,0.0,Draw
2022-05-11,Elche,Atletico Madrid,1.0,1.4,0.8,1.2,0.6899999999999998,1.1099999999999999,0.0,0.0,1.0,Away Win
2022-05-11,Sevilla,Mallorca,1.6,1.2,1.4,0.9,1.09,1.01,0.6666666666666666,0.3333333333333333,0.0,Draw
2022-05-11,Osasuna,Getafe,1.6,1.0,1.0,0.7,0.97,0.8200000000000001,0.0,0.6,0.4,Draw
2022-05-11,Alaves,Espanyol,1.2,0.8,0.9,0.8,0.99,0.76,0.0,0.3333333333333333,0.6666666666666666,Home Win
2022-05-12,Real Sociedad,Cadiz,1.0,2.0,0.9,1.2,1.4100000000000001,1.32,1.0,0.0,0.0,Home Win
2022-05-12,Real Madrid,Levante,2.4,1.4,2.2,1.9,1.98,2.0100000000000002,0.4,0.2,0.4,Home Win
2022-05-12,Rayo Vallecano,Villarreal,1.6,1.6,0.7,1.3,0.8299999999999998,1.7500000000000004,0.0,0.0,1.0,Away Win
2022-05-14,Espanyol,Valencia,0.2,0.6,0.8,0.7,0.74,0.6799999999999999,0.3333333333333333,0.0,0.6666666666666666,Draw
2022-05-15,Villarreal,Real Sociedad,2.0,1.0,1.3,1.0,1.5500000000000003,1.55,0.4,0.4,0.2,Away Win
2022-05-15,Cadiz,Real Madrid,1.4,2.4,1.2,2.7,1.32,2.12,0.3333333333333333,0.3333333333333333,0.3333333333333333,Draw
2022-05-15,Mallorca,Rayo Vallecano,0.8,1.6,0.9,0.8,1.02,0.8999999999999998,0.0,0.0,1.0,Home Win
2022-05-15,Levante,Alaves,1.4,1.8,1.6,0.9,1.9000000000000004,1.15,0.0,0.4,0.6,Home Win
2022-05-15,Real Betis,Granada,2.6,1.6,1.7,1.7,1.5499999999999998,1.13,1.0,0.0,0.0,Home Win
2022-05-15,Celta Vigo,Elche,1.4,1.0,1.3,0.8,1.1300000000000001,0.6499999999999999,0.3333333333333333,0.3333333333333333,0.3333333333333333,Home Win
2022-05-15,Getafe,Barcelona,1.2,1.8,0.6,1.8,0.74,1.64,0.2,0.0,0.8,Draw
2022-05-15,Athletic Club,Osasuna,1.4,1.2,1.2,1.1,1.3800000000000003,0.9899999999999999,0.4,0.2,0.4,Home Win
2022-05-15,Atletico Madrid,Sevilla,2.0,1.2,1.2,1.2,1.24,1.1,0.2,0.4,0.4,Draw
2022-05-20,Rayo Vallecano,Levante,1.0,1.4,0.8,1.8,0.9799999999999999,2.04,0.0,1.0,0.0,Away Win
2022-05-20,Real Madrid,Betis,2.0,0.8,2.4,0.0,2.08,0.0,0.0,1.0,0.0,Draw
2022-05-21,Valencia,Celta Vigo,0.8,1.4,0.5,1.0,0.68,1.07,0.6,0.0,0.4,Home Win
2022-05-22,Osasuna,Mallorca,0.6,1.4,1.0,0.8,0.9999999999999998,0.95,0.3333333333333333,0.6666666666666666,0.0,Away Win
2022-05-22,Barcelona,Villarreal,1.4,1.4,1.4,1.4,1.2999999999999998,1.57,1.0,0.0,0.0,Away Win
2022-05-22,Sevilla,Athletic Club,1.4,2.0,1.3,1.1,1.05,1.1800000000000002,0.4,0.2,0.4,Home Win
2022-05-22,Real Sociedad,Atletico Madrid,1.4,1.6,1.1,1.3,1.6800000000000002,1.3599999999999999,0.2,0.4,0.4,Away Win
2022-05-22,Alaves,Cadiz,1.2,1.0,1.0,1.1,1.06,1.48,0.3333333333333333,0.3333333333333333,0.3333333333333333,Away Win
2022-05-22,Elche,Getafe,0.4,1.4,0.7,0.6,0.59,0.73,0.3333333333333333,0.3333333333333333,0.3333333333333333,Home Win
2022-05-22,Granada,Espanyol,1.6,0.4,1.6,0.7,1.09,0.8,0.6666666666666666,0.0,0.3333333333333333,Draw
2022-08-12,Osasuna,Sevilla,0.6,1.4,1.0,1.3,1.06,1.14,0.0,0.3333333333333333,0.6666666666666666,Home Win
2022-08-13,Barcelona,Rayo Vallecano,1.4,0.4,1.0,1.0,1.02,1.0899999999999999,0.0,0.0,1.0,Draw
2022-08-13,Celta Vigo,Espanyol,1.4,0.6,1.0,0.6,1.08,0.79,0.25,0.5,0.25,Draw
2022-08-13,Valladolid,Villarreal,0.6,1.4,0.8,1.5,1.23,1.52,0.0,0.25,0.75,Away Win
2022-08-14,Valencia,Girona,1.4,0.0,0.7,1.0,0.8099999999999999,1.0,0.0,0.0,0.0,Home Win
2022-08-14,Almeria,Real Madrid,0.0,1.6,1.0,2.1,1.0,2.02,0.0,0.0,0.0,Away Win
2022-08-14,Cadiz,Real Sociedad,1.6,1.4,1.1,1.1,1.58,1.7100000000000002,0.0,0.0,1.0,Away Win
2022-08-15,Real Betis,Elche,2.6,0.8,1.5,0.9,1.6199999999999999,0.74,0.5,0.5,0.0,Home Win
2022-08-15,Athletic Club,Mallorca,1.4,1.4,1.1,1.0,1.2500000000000002,0.9299999999999999,0.5,0.25,0.25,Draw
2022-08-15,Getafe,Atletico Madrid,0.8,2.0,0.7,1.3,0.7699999999999999,1.4,0.0,0.16666666666666666,0.8333333333333334,Away Win
2022-08-19,Sevilla,Valladolid,1.2,0.0,1.4,0.8,1.1999999999999997,1.2899999999999998,0.25,0.75,0.0,Draw
2022-08-19,Espanyol,Rayo Vallecano,0.8,0.4,0.7,0.8,0.7700000000000001,1.06,0.0,0.0,1.0,Away Win
2022-08-20,Mallorca,Betis,1.6,0.8,1.0,0.0,0.9199999999999999,0.0,1.0,0.0,0.0,Home Win
2022-08-20,Celta Vigo,Real Madrid,1.4,1.6,1.2,2.3,1.0300000000000002,2.1500000000000004,0.0,0.16666666666666666,0.8333333333333334,Away Win
2022-08-20,Osasuna,Cadiz,1.0,1.4,0.9,1.0,0.9800000000000001,1.4300000000000002,1.0,0.0,0.0,Home Win
2022-08-21,Real Sociedad,Barcelona,1.8,1.0,1.2,0.9,1.77,1.02,0.0,0.16666666666666666,0.8333333333333334,Away Win
2022-08-21,Athletic Club,Valencia,1.0,1.8,1.0,0.7,1.21,0.8799999999999999,0.16666666666666666,0.6666666666666666,0.16666666666666666,Home Win
2022-08-21,Atletico Madrid,Villarreal,2.6,2.0,1.5,1.8,1.38,1.65,0.3333333333333333,0.6666666666666666,0.0,Away Win
2022-08-22,Elche,Almeria,0.6,0.0,0.9,1.0,0.68,0.7,0.0,0.0,0.0,Draw
2022-08-22,Girona,Getafe,0.0,0.6,0.0,0.6,0.1,0.7999999999999999,0.0,0.0,0.0,Home Win
2022-08-26,Real Betis,Osasuna,2.6,1.4,1.8,1.1,1.7900000000000003,1.25,1.0,0.0,0.0,Home Win
2022-08-26,Girona,Celta Vigo,0.6,0.8,1.5,1.2,0.6000000000000001,1.0100000000000002,0.0,0.0,0.0,Away Win
2022-08-27,Rayo Vallecano,Mallorca,0.8,2.2,0.9,1.1,1.1400000000000001,0.9400000000000001,0.5,0.0,0.5,Away Win
2022-08-27,Elche,Real Sociedad,0.8,1.8,0.9,1.2,0.7300000000000001,1.6300000000000001,0.0,0.0,1.0,Away Win
2022-08-27,Almeria,Sevilla,0.2,1.2,1.0,1.5,0.7,1.3399999999999999,0.0,0.0,0.0,Home Win
2022-08-28,Barcelona,Valladolid,1.6,0.2,1.0,0.8,1.1099999999999999,1.22,1.0,0.0,0.0,Home Win
2022-08-28,Getafe,Villarreal,0.4,2.4,0.6,2.0,0.6900000000000001,1.7100000000000002,0.0,0.0,1.0,Draw
2022-08-28,Espanyol,Real Madrid,0.6,2.2,0.7,2.5,0.8100000000000002,2.23,0.25,0.0,0.75,Away Win
2022-08-29,Cadiz,Athletic Club,0.8,1.4,1.0,0.9,1.52,1.1199999999999999,0.5,0.0,0.5,Away Win
2022-08-29,Valencia,Atletico Madrid,1.6,2.0,0.7,1.1,0.9299999999999999,1.2399999999999998,0.0,0.5,0.5,Away Win
2022-09-02,Celta Vigo,Cadiz,1.4,0.8,1.3,0.9,1.03,1.43,0.25,0.5,0.25,Home Win
2022-09-03,Real Madrid,Betis,2.2,0.8,2.6,0.0,2.2800000000000002,0.0,0.0,1.0,0.0,Home Win
2022-09-03,Mallorca,Girona,2.6,0.6,1.2,1.0,0.9099999999999999,0.7333333333333334,0.0,0.0,0.0,Draw
2022-09-03,Sevilla,Barcelona,1.0,1.6,1.2,1.4,1.15,1.2499999999999998,0.0,0.5,0.5,Away Win
2022-09-03,Real Sociedad,Atletico Madrid,1.8,2.0,1.1,1.2,1.64,1.3399999999999996,0.16666666666666666,0.3333333333333333,0.5,Draw
2022-09-04,Villarreal,Elche,2.0,0.8,1.9,0.8,1.6900000000000002,0.7400000000000001,0.25,0.5,0.25,Home Win
2022-09-04,Osasuna,Rayo Vallecano,1.2,0.8,1.0,0.9,1.04,1.1099999999999999,1.0,0.0,0.0,Home Win
2022-09-04,Athletic Club,Espanyol,2.0,0.6,1.2,0.7,1.1800000000000002,0.8099999999999999,0.5,0.5,0.0,Away Win
2022-09-04,Valencia,Getafe,1.4,0.4,0.6,0.6,0.9299999999999999,0.6799999999999999,0.16666666666666666,0.5,0.3333333333333333,Home Win
2022-09-05,Valladolid,Almeria,0.2,0.8,0.7,1.3333333333333333,1.19,1.2333333333333332,0.0,0.0,0.0,Home Win
2022-09-09,Girona,Valladolid,0.8,0.8,1.0,0.7,0.8500000000000001,1.02,0.0,0.0,0.0,Home Win
2022-09-10,Atletico Madrid,Celta Vigo,2.0,1.4,1.1,1.4,1.3299999999999998,1.06,0.5,0.5,0.0,Home Win
2022-09-10,Espanyol,Sevilla,1.0,0.8,0.7,1.0,0.8,1.1600000000000001,0.0,0.5,0.5,Away Win
2022-09-10,Cadiz,Barcelona,0.6,2.0,0.8,1.6,1.29,1.5399999999999998,0.5,0.5,0.0,Away Win
2022-09-10,Rayo Vallecano,Valencia,0.8,1.8,0.9,1.0,1.0699999999999998,1.03,0.0,1.0,0.0,Home Win
2022-09-11,Real Betis,Villarreal,2.6,2.6,1.5,2.1,1.5999999999999999,1.7600000000000002,0.3333333333333333,0.6666666666666666,0.0,Home Win
2022-09-11,Getafe,Real Sociedad,0.2,1.4,0.6,1.2,0.61,1.69,0.3333333333333333,0.3333333333333333,0.3333333333333333,Home Win
2022-09-11,Real Madrid,Mallorca,2.6,2.2,2.5,1.3,2.45,0.8300000000000001,0.75,0.0,0.25,Home Win
2022-09-11,Elche,Athletic Club,0.8,1.4,0.5,1.2,0.6399999999999999,1.25,0.25,0.25,0.5,Away Win
2022-09-12,Almeria,Osasuna,0.8,1.8,1.0,1.0,1.0499999999999998,1.1700000000000002,0.0,0.0,0.0,Away Win
2022-09-16,Valladolid,Cadiz,0.8,0.0,0.6,0.6,0.99,1.02,0.0,1.0,0.0,Away Win
2022-09-17,Barcelona,Elche,2.6,0.2,2.0,0.6,1.7099999999999997,0.73,1.0,0.0,0.0,Home Win
2022-09-17,Mallorca,Almeria,1.6,0.8,1.2,0.8,0.8,0.8799999999999999,0.0,0.0,0.0,Home Win
2022-09-17,Valencia,Celta Vigo,1.2,1.4,1.1,1.5,1.17,1.19,0.6666666666666666,0.0,0.3333333333333333,Home Win
2022-09-17,Athletic Club,Rayo Vallecano,2.0,1.4,1.3,1.0,1.36,1.2099999999999997,0.5,0.0,0.5,Home Win
2022-09-18,Osasuna,Getafe,2.4,0.8,1.0,0.6,1.26,0.61,0.0,0.6666666666666666,0.3333333333333333,Away Win
2022-09-18,Real Betis,Girona,3.0,1.4,1.6,1.2,1.6800000000000002,1.06,0.0,0.0,0.0,Home Win
2022-09-18,Atletico Madrid,Real Madrid,2.0,3.0,1.5,2.6,1.2899999999999998,2.23,0.16666666666666666,0.3333333333333333,0.5,Away Win
2022-09-18,Real Sociedad,Espanyol,1.4,0.8,1.3,0.9,1.73,1.01,0.75,0.0,0.25,Home Win
2022-09-18,Villarreal,Sevilla,2.0,0.8,1.9,1.0,1.52,1.1800000000000002,0.3333333333333333,0.3333333333333333,0.3333333333333333,Draw
2022-09-30,Athletic Club,Almeria,2.4,0.8,1.4,0.6666666666666666,1.4200000000000002,0.7999999999999999,0.0,0.0,0.0,Home Win
2022-10-01,Cadiz,Villarreal,0.6,1.6,0.6,1.9,0.9600000000000002,1.54,0.25,0.5,0.25,Draw
2022-10-01,Mallorca,Barcelona,2.0,3.0,1.2,2.1,0.76,1.98,0.0,0.0,1.0,Away Win
2022-10-01,Getafe,Valladolid,1.4,0.8,0.8,0.5,0.62,1.02,0.25,0.25,0.5,Away Win
2022-10-01,Sevilla,Atletico Madrid,1.0,1.4,1.0,1.6,1.1700000000000002,1.3199999999999998,0.3333333333333333,0.5,0.16666666666666666,Away Win
2022-10-02,Girona,Real Sociedad,1.4,1.4,1.0,1.4,0.8833333333333334,1.85,0.0,0.0,0.0,Away Win
2022-10-02,Real Madrid,Osasuna,3.0,1.8,2.4,0.9,2.1399999999999997,1.2,0.6666666666666666,0.3333333333333333,0.0,Draw
2022-10-02,Celta Vigo,Betis,1.2,0.6,1.4,0.0,1.13,0.0,0.6666666666666666,0.3333333333333333,0.0,Home Win
2022-10-02,Espanyol,Valencia,0.6,1.2,1.0,1.3,0.9600000000000002,1.2899999999999998,0.25,0.25,0.5,Draw
2022-10-03,Rayo Vallecano,Elche,1.2,0.2,1.1,0.5,1.1399999999999997,0.67,0.5,0.0,0.5,Home Win
2022-10-07,Osasuna,Valencia,1.4,1.4,0.9,1.5,1.19,1.39,0.5,0.16666666666666666,0.3333333333333333,Away Win
2022-10-08,Sevilla,Athletic Club,0.8,2.4,0.9,1.8,1.1400000000000001,1.5,0.5,0.16666666666666666,0.3333333333333333,Draw
2022-10-08,Getafe,Real Madrid,1.4,2.6,1.0,2.5,0.8399999999999999,2.2800000000000002,0.16666666666666666,0.16666666666666666,0.6666666666666666,Away Win
2022-10-08,Almeria,Rayo Vallecano,0.6,1.2,0.5714285714285714,1.3,0.7857142857142857,1.1599999999999997,0.0,0.0,0.0,Home Win
2022-10-08,Atletico Madrid,Girona,2.0,0.8,1.7,1.2857142857142858,1.3099999999999998,0.9000000000000001,0.0,0.0,0.0,Home Win
2022-10-09,Cadiz,Espanyol,0.8,0.8,0.3,1.1,0.85,0.9800000000000001,0.0,0.5,0.5,Draw
2022-10-09,Real Sociedad,Villarreal,2.0,1.2,1.8,1.8,1.85,1.48,0.3333333333333333,0.3333333333333333,0.3333333333333333,Home Win
2022-10-09,Valladolid,Betis,1.2,0.4,0.8,0.0,1.0799999999999998,0.0,1.0,0.0,0.0,Draw
2022-10-09,Barcelona,Celta Vigo,3.0,1.8,2.2,1.1,2.05,1.03,0.5,0.3333333333333333,0.16666666666666666,Home Win
2022-10-10,Elche,Mallorca,0.0,1.4,0.6,1.0,0.7700000000000001,0.74,0.5,0.5,0.0,Draw
2022-10-14,Rayo Vallecano,Getafe,1.2,1.2,1.3,0.9,1.06,0.8400000000000001,0.5,0.5,0.0,Draw
2022-10-15,Girona,Cadiz,0.8,1.0,1.25,0.5,0.8875000000000001,0.9100000000000001,0.0,0.0,0.0,Draw
2022-10-15,Mallorca,Sevilla,1.0,1.0,1.1,1.0,0.9099999999999999,1.09,0.0,0.5,0.5,Away Win
2022-10-15,Athletic Club,Atletico Madrid,2.0,2.0,1.9,1.7,1.64,1.31,0.3333333333333333,0.3333333333333333,0.3333333333333333,Away Win
2022-10-15,Valencia,Elche,2.0,0.2,1.7,0.7,1.4799999999999998,0.8,0.75,0.0,0.25,Draw
2022-10-16,Espanyol,Valladolid,1.0,1.4,1.2,0.8,1.02,1.0399999999999998,0.0,0.0,1.0,Home Win
2022-10-16,Celta Vigo,Real Sociedad,1.2,2.0,1.0,1.6,1.1099999999999999,1.67,0.16666666666666666,0.0,0.8333333333333334,Away Win
2022-10-16,Real Madrid,Barcelona,2.6,3.0,2.0,2.0,2.07,2.1399999999999997,0.6666666666666666,0.16666666666666666,0.16666666666666666,Home Win
2022-10-16,Real Betis,Almeria,3.0,0.6,1.6,0.875,1.6900000000000002,0.8375,0.0,0.0,0.0,Home Win
2022-10-17,Villarreal,Osasuna,1.0,1.4,1.3,0.9,1.26,1.29,0.3333333333333333,0.0,0.6666666666666666,Home Win
2022-10-18,Getafe,Athletic Club,1.4,2.0,0.9,1.7,0.85,1.65,0.16666666666666666,0.6666666666666666,0.16666666666666666,Draw
2022-10-18,Atletico Madrid,Rayo Vallecano,2.4,1.4,1.7,1.2,1.2200000000000002,1.1,1.0,0.0,0.0,Draw
2022-10-18,Sevilla,Valencia,1.6,1.6,1.0,1.8,1.0399999999999998,1.5899999999999999,0.6666666666666666,0.3333333333333333,0.0,Draw
2022-10-19,Elche,Real Madrid,0.4,2.6,0.9,2.2,0.9199999999999999,2.0200000000000005,0.0,0.5,0.5,Away Win
2022-10-19,Cadiz,Betis,1.2,0.4,0.5,0.0,0.75,0.0,0.5,0.5,0.0,Draw
2022-10-19,Valladolid,Celta Vigo,0.8,0.6,0.7,1.0,0.95,0.95,0.0,1.0,0.0,Home Win
2022-10-19,Real Sociedad,Mallorca,2.4,0.8,1.6,0.9,1.5399999999999998,0.9,1.0,0.0,0.0,Home Win
2022-10-20,Barcelona,Villarreal,2.4,1.0,2.1,1.4,2.32,1.3399999999999999,0.8333333333333334,0.0,0.16666666666666666,Home Win
2022-10-20,Osasuna,Espanyol,0.8,1.0,0.9,1.2,1.25,1.08,0.5,0.5,0.0,Home Win
2022-10-20,Almeria,Girona,0.6,0.8,0.7777777777777778,1.2222222222222223,0.7444444444444445,1.0444444444444445,0.0,0.0,0.0,Home Win
2022-10-22,Valladolid,Real Sociedad,1.4,3.0,1.0,1.6,0.9899999999999999,1.4099999999999997,0.0,0.5,0.5,Home Win
2022-10-22,Rayo Vallecano,Cadiz,1.0,1.4,1.1,0.4,1.03,0.6599999999999999,0.5,0.0,0.5,Home Win
2022-10-22,Valencia,Mallorca,1.8,0.8,1.7,0.7,1.6199999999999999,0.8699999999999999,0.5,0.25,0.25,Away Win
2022-10-22,Real Madrid,Sevilla,2.6,1.2,2.5,1.0,2.05,1.0299999999999998,0.8333333333333334,0.16666666666666666,0.0,Home Win
2022-10-23,Real Betis,Atletico Madrid,3.0,2.0,1.8,1.6,1.8399999999999999,1.2600000000000002,1.0,0.0,0.0,Home Win
2022-10-23,Villarreal,Almeria,1.0,1.2,1.2,1.0,1.3,0.85,0.0,0.0,0.0,Home Win
2022-10-23,Girona,Osasuna,0.2,0.8,1.3,1.0,1.22,1.27,0.0,0.0,0.0,Draw
2022-10-23,Barcelona,Athletic Club,2.4,1.6,2.4,1.9,2.4699999999999998,1.6799999999999997,0.6666666666666666,0.16666666666666666,0.16666666666666666,Home Win
2022-10-23,Espanyol,Elche,1.0,0.4,1.2,0.6,1.1500000000000001,0.73,0.0,0.5,0.5,Draw
2022-10-24,Celta Vigo,Getafe,0.6,1.0,1.1,1.0,1.12,0.8,0.3333333333333333,0.3333333333333333,0.3333333333333333,Draw
2022-10-28,Mallorca,Espanyol,0.8,1.2,0.9,1.2,0.9799999999999999,1.2600000000000002,0.5,0.0,0.5,Draw
2022-10-29,Almeria,Celta Vigo,1.2,0.8,1.0,1.0,0.8800000000000001,1.15,0.0,0.0,0.0,Home Win
2022-10-29,Cadiz,Atletico Madrid,0.8,2.0,0.5,1.3,0.66,1.1400000000000001,0.0,0.0,1.0,Home Win
2022-10-29,Valencia,Barcelona,1.2,2.4,1.7,2.8,1.58,2.42,0.16666666666666666,0.16666666666666666,0.6666666666666666,Away Win
2022-10-29,Sevilla,Rayo Vallecano,1.0,1.6,1.0,1.6,0.9899999999999999,1.35,0.5,0.5,0.0,Away Win
2022-10-30,Real Madrid,Girona,2.6,0.4,2.6,1.4,2.14,1.2499999999999998,0.0,0.0,0.0,Draw
2022-10-30,Real Sociedad,Betis,2.4,0.4,1.5,0.0,1.3299999999999998,0.0,0.6666666666666666,0.3333333333333333,0.0,Draw
2022-10-30,Osasuna,Valladolid,1.0,2.0,0.9,1.1,1.18,0.97,0.0,0.75,0.25,Home Win
2022-10-30,Athletic Club,Villarreal,1.0,1.4,1.9,1.1,1.5699999999999998,1.25,0.3333333333333333,0.6666666666666666,0.0,Home Win
2022-10-31,Elche,Getafe,0.6,0.6,0.8,1.1,0.78,0.75,0.5,0.25,0.25,Away Win
2022-11-04,Girona,Athletic Club,0.6,1.0,1.2,1.9,1.28,1.64,0.0,0.0,0.0,Home Win
2022-11-05,Getafe,Cadiz,1.2,1.2,1.1,0.8,0.7300000000000001,0.6700000000000002,0.5,0.25,0.25,Draw
2022-11-05,Valladolid,Elche,1.4,0.6,1.0,0.7,0.97,0.8099999999999999,0.0,1.0,0.0,Home Win
2022-11-05,Celta Vigo,Osasuna,0.2,1.4,1.0,0.9,1.04,1.16,0.3333333333333333,0.3333333333333333,0.3333333333333333,Away Win
2022-11-05,Barcelona,Almeria,2.4,1.8,2.5,1.2,2.37,1.0399999999999998,0.0,0.0,0.0,Home Win
2022-11-06,Real Betis,Sevilla,3.0,1.0,1.8,0.9,1.9100000000000001,0.9099999999999999,0.6666666666666666,0.3333333333333333,0.0,Home Win
2022-11-06,Atletico Madrid,Espanyol,1.4,1.2,1.5,1.3,1.11,1.2100000000000002,0.75,0.25,0.0,Draw
2022-11-06,Villarreal,Mallorca,1.2,1.0,0.9,0.9,1.1,1.06,0.5,0.25,0.25,Away Win
2022-11-06,Real Sociedad,Valencia,2.0,1.0,1.4,1.7,1.34,1.53,0.16666666666666666,0.6666666666666666,0.16666666666666666,Draw
2022-11-07,Rayo Vallecano,Real Madrid,1.6,2.6,1.5,2.3,1.28,2.0599999999999996,0.0,0.0,1.0,Home Win
2022-11-08,Elche,Girona,0.4,1.2,0.8,1.4,0.76,1.28,0.0,0.0,0.0,Away Win
2022-11-08,Athletic Club,Valladolid,0.8,1.8,1.6,1.2,1.4699999999999998,1.08,0.25,0.5,0.25,Home Win
2022-11-08,Osasuna,Barcelona,2.0,2.4,1.1,2.3,1.2,2.5100000000000002,0.16666666666666666,0.3333333333333333,0.5,Away Win
2022-11-09,Mallorca,Atletico Madrid,1.4,1.0,0.9,1.5,1.02,1.1500000000000001,0.5,0.0,0.5,Home Win
2022-11-09,Sevilla,Real Sociedad,0.8,1.6,0.8,1.4,0.8099999999999999,1.27,0.5,0.5,0.0,Away Win
2022-11-09,Espanyol,Villarreal,1.2,1.2,1.3,0.9,1.15,1.04,0.25,0.25,0.5,Away Win
2022-11-09,Almeria,Getafe,1.2,1.4,1.0,1.1,0.86,0.76,0.0,0.0,0.0,Home Win
2022-11-10,Valencia,Betis,0.6,0.6,1.8,0.0,1.57,0.0,0.3333333333333333,0.6666666666666666,0.0,Home Win
2022-11-10,Real Madrid,Cadiz,2.0,1.2,2.2,0.8,2.09,0.7700000000000001,0.25,0.5,0.25,Home Win
2022-11-10,Rayo Vallecano,Celta Vigo,2.2,0.2,1.8,1.0,1.3599999999999999,1.01,0.0,0.5,0.5,Draw
2022-12-29,Girona,Rayo Vallecano,1.6,2.2,1.5,1.7,1.3900000000000001,1.38,0.0,0.0,0.0,Draw
2022-12-29,Atletico Madrid,Elche,0.4,0.2,1.4,0.9,1.1700000000000004,0.76,1.0,0.0,0.0,Home Win
2022-12-29,Real Betis,Athletic Club,3.0,1.4,1.5,1.9,1.5699999999999998,1.5599999999999996,0.6666666666666666,0.3333333333333333,0.0,Draw
2022-12-30,Getafe,Mallorca,1.2,2.0,1.0,0.9,0.78,1.08,0.75,0.25,0.0,Home Win
2022-12-30,Valladolid,Real Madrid,1.8,2.0,1.1,2.2,1.01,2.0,0.0,0.25,0.75,Away Win
2022-12-30,Cadiz,Almeria,1.0,1.8,0.9,1.1,0.8300000000000001,0.86,0.0,0.0,0.0,Draw
2022-12-30,Celta Vigo,Sevilla,0.4,0.2,0.7,0.9,1.0299999999999998,0.77,0.16666666666666666,0.3333333333333333,0.5,Draw
2022-12-31,Villarreal,Valencia,1.2,1.0,0.6,1.6,0.7700000000000001,1.54,0.5,0.0,0.5,Home Win
2022-12-31,Real Sociedad,Osasuna,1.6,2.0,1.5,1.0,1.2999999999999998,1.06,0.6666666666666666,0.3333333333333333,0.0,Home Win
2022-12-31,Barcelona,Espanyol,3.0,0.6,2.2,1.2,2.1900000000000004,1.1999999999999997,0.5,0.5,0.0,Draw
2023-01-06,Elche,Celta Vigo,0.2,0.6,0.8,0.7,0.71,1.06,0.25,0.25,0.5,Away Win
2023-01-06,Valencia,Cadiz,0.8,1.0,1.6,1.0,1.51,0.9200000000000002,0.0,0.75,0.25,Away Win
2023-01-07,Mallorca,Valladolid,2.0,1.2,0.8,1.0,1.09,1.02,0.0,0.0,1.0,Home Win
2023-01-07,Espanyol,Girona,0.8,1.8,1.1,1.5,1.04,1.4300000000000002,0.0,0.0,0.0,Draw
2023-01-07,Villarreal,Real Madrid,1.8,2.0,0.8,2.0,1.02,2.0000000000000004,0.0,0.6666666666666666,0.3333333333333333,Home Win
2023-01-08,Almeria,Real Sociedad,1.4,1.6,1.2,1.6,1.0699999999999998,1.3199999999999998,0.0,0.0,0.0,Away Win
2023-01-08,Sevilla,Getafe,0.2,1.6,0.7,1.0,0.64,0.79,1.0,0.0,0.0,Home Win
2023-01-08,Atletico Madrid,Barcelona,0.8,2.6,1.2,1.9,1.27,2.07,0.3333333333333333,0.3333333333333333,0.3333333333333333,Away Win
2023-01-08,Rayo Vallecano,Betis,2.2,0.6,1.7,0.0,1.31,0.0,1.0,0.0,0.0,Home Win
2023-01-09,Athletic Club,Osasuna,1.4,1.4,1.5,0.9,1.2899999999999998,0.9,0.5,0.16666666666666666,0.3333333333333333,Draw
2023-01-13,Celta Vigo,Villarreal,1.0,1.8,0.8,0.9,1.21,1.17,0.3333333333333333,0.16666666666666666,0.5,Draw
2023-01-14,Real Sociedad,Athletic Club,2.2,1.6,1.6,1.2,1.3,1.1999999999999997,0.3333333333333333,0.3333333333333333,0.3333333333333333,Home Win
2023-01-14,Valladolid,Rayo Vallecano,0.6,2.2,1.0,1.6,0.9299999999999999,1.4,0.0,0.0,0.0,Away Win
2023-01-14,Osasuna,Mallorca,1.4,2.0,0.9,0.8,0.8900000000000002,1.15,0.25,0.5,0.25,Home Win
2023-01-14,Girona,Sevilla,1.8,0.8,1.7,0.8,1.55,0.7,0.0,0.0,0.0,Home Win
2023-01-15,Almeria,Atletico Madrid,1.4,0.8,1.2,1.1,1.09,1.3399999999999999,0.0,0.0,0.0,Draw
2023-01-15,Getafe,Espanyol,1.4,0.8,0.9,1.2,0.78,1.11,0.25,0.5,0.25,Away Win
2023-01-16,Cadiz,Elche,1.6,0.0,1.0,0.8,0.9300000000000003,0.8099999999999999,0.25,0.25,0.5,Draw
2023-01-20,Mallorca,Celta Vigo,1.8,1.2,0.8,0.8,1.08,1.3299999999999998,0.25,0.5,0.25,Home Win
2023-01-21,Sevilla,Cadiz,0.8,1.2,0.9,1.1,0.76,1.02,0.75,0.25,0.0,Home Win
2023-01-21,Rayo Vallecano,Real Sociedad,2.2,2.6,1.5,1.4,1.42,1.29,0.0,0.5,0.5,Away Win
2023-01-21,Espanyol,Betis,1.2,0.6,1.2,0.0,1.11,0.0,1.0,0.0,0.0,Home Win
2023-01-21,Atletico Madrid,Valladolid,1.0,0.6,1.0,0.7,1.3599999999999999,0.8299999999999998,0.75,0.25,0.0,Home Win
2023-01-22,Athletic Club,Real Madrid,1.0,1.4,0.9,1.9,1.02,2.13,0.0,0.16666666666666666,0.8333333333333334,Away Win
2023-01-22,Barcelona,Getafe,2.6,0.8,1.7,0.8,1.75,0.55,0.6666666666666666,0.16666666666666666,0.16666666666666666,Home Win
2023-01-22,Elche,Osasuna,0.2,1.4,0.8,0.9,0.76,1.0,0.0,0.75,0.25,Draw
2023-01-22,Villarreal,Girona,2.0,2.2,1.0,1.6,1.02,1.67,0.0,0.0,0.0,Home Win
2023-01-23,Valencia,Almeria,0.8,1.0,1.3,1.3,1.3800000000000001,1.16,0.0,0.0,0.0,Draw
2023-01-27,Almeria,Espanyol,1.2,1.6,1.2,1.1,1.18,1.2100000000000002,0.0,0.0,0.0,Home Win
2023-01-28,Sevilla,Elche,1.4,0.4,0.9,0.8,0.8299999999999998,0.8299999999999998,0.5,0.25,0.25,Home Win
2023-01-28,Cadiz,Mallorca,1.0,1.8,0.9,0.8,0.9,0.9,0.0,0.5,0.5,Home Win
2023-01-28,Girona,Barcelona,1.6,2.6,1.5,1.7,1.65,1.75,0.0,0.0,0.0,Away Win
2023-01-28,Getafe,Betis,0.6,0.4,0.8,0.0,0.6300000000000001,0.0,0.6666666666666666,0.3333333333333333,0.0,Draw
2023-01-29,Real Madrid,Real Sociedad,1.8,3.0,2.0,1.5,1.9900000000000002,1.3299999999999998,0.6666666666666666,0.3333333333333333,0.0,Draw
2023-01-29,Valladolid,Valencia,0.0,1.0,0.7,1.3,0.82,1.4600000000000002,0.0,0.25,0.75,Home Win
2023-01-29,Celta Vigo,Athletic Club,1.2,1.0,0.8,0.8,1.23,0.9600000000000002,0.5,0.3333333333333333,0.16666666666666666,Home Win
2023-01-29,Osasuna,Atletico Madrid,1.0,1.4,0.9,1.1,0.89,1.5,0.0,0.0,1.0,Away Win
2023-01-30,Villarreal,Rayo Vallecano,2.6,1.6,1.1,1.4,1.2499999999999998,1.4300000000000002,1.0,0.0,0.0,Away Win
2023-02-01,Real Betis,Barcelona,2.6,2.6,1.5,1.7,1.5,1.6600000000000001,1.0,0.0,0.0,Home Win
2023-02-02,Real Madrid,Valencia,2.0,0.8,1.9,1.1,1.98,1.37,0.6666666666666666,0.16666666666666666,0.16666666666666666,Home Win
2023-02-03,Athletic Club,Cadiz,0.4,1.6,0.8,1.0,0.8800000000000001,0.9800000000000001,0.6,0.0,0.4,Home Win
2023-02-04,Elche,Villarreal,0.4,2.0,0.6,0.9,0.7000000000000001,1.1800000000000002,0.2,0.4,0.4,Home Win
2023-02-04,Espanyol,Osasuna,1.6,1.0,1.1,0.9,1.1600000000000001,0.93,0.0,0.4,0.6,Draw
2023-02-04,Atletico Madrid,Getafe,2.0,0.8,1.1,0.8,1.6300000000000001,0.62,0.8571428571428571,0.14285714285714285,0.0,Draw
2023-02-04,Real Betis,Celta Vigo,2.6,1.6,1.5,0.8,1.49,1.2499999999999998,0.6666666666666666,0.3333333333333333,0.0,Home Win
2023-02-05,Girona,Valencia,1.0,0.2,1.4,0.9,1.5299999999999998,1.1199999999999999,0.0,0.0,1.0,Home Win
2023-02-05,Mallorca,Real Madrid,1.2,2.0,0.8,1.8,0.8700000000000001,2.1000000000000005,0.2,0.0,0.8,Home Win
2023-02-05,Barcelona,Sevilla,2.0,2.0,1.6,1.1,1.46,1.1300000000000001,0.5714285714285714,0.42857142857142855,0.0,Home Win
2023-02-05,Real Sociedad,Valladolid,2.6,0.6,1.3,0.8,1.2899999999999998,0.8999999999999998,0.4,0.4,0.2,Away Win
2023-02-06,Rayo Vallecano,Almeria,2.0,1.2,1.5,1.5,1.3699999999999999,1.39,0.0,0.0,1.0,Home Win
2023-02-10,Cadiz,Girona,1.4,1.4,1.1,1.3,1.05,1.48,0.0,1.0,0.0,Home Win
2023-02-11,Sevilla,Mallorca,1.8,1.8,1.0,0.9,1.03,0.8,0.6,0.4,0.0,Home Win
2023-02-11,Valencia,Athletic Club,0.2,0.8,0.8,1.0,1.0399999999999998,0.95,0.14285714285714285,0.5714285714285714,0.2857142857142857,Away Win
2023-02-11,Almeria,Betis,1.0,0.4,1.2,0.0,1.3299999999999998,0.0,0.0,0.0,0.0,Home Win
2023-02-12,Getafe,Rayo Vallecano,0.4,2.4,0.7,1.6,0.6599999999999999,1.3,0.0,0.6666666666666666,0.3333333333333333,Draw
2023-02-12,Villarreal,Barcelona,1.4,2.4,1.0,1.6,1.28,1.52,0.14285714285714285,0.0,0.8571428571428571,Away Win
2023-02-12,Valladolid,Osasuna,1.2,1.2,0.5,0.9,0.82,0.9200000000000002,0.2,0.6,0.2,Draw
2023-02-12,Celta Vigo,Atletico Madrid,1.4,1.6,0.7,1.1,0.9899999999999999,1.59,0.0,0.42857142857142855,0.5714285714285714,Away Win
2023-02-13,Espanyol,Real Sociedad,1.6,2.0,1.2,1.2,1.2000000000000002,1.2899999999999998,0.2,0.0,0.8,Away Win
2023-02-15,Real Madrid,Elche,1.4,1.0,1.5,0.9,2.12,0.9199999999999999,0.6,0.4,0.0,Home Win
2023-02-17,Girona,Almeria,1.2,1.6,1.2,1.3,1.4599999999999997,1.4599999999999997,0.0,0.0,1.0,Home Win
2023-02-18,Real Betis,Valladolid,2.6,1.4,1.6,0.4,1.6,0.9,1.0,0.0,0.0,Home Win
2023-02-18,Real Sociedad,Celta Vigo,2.0,0.8,1.5,0.6,1.34,1.01,0.8571428571428571,0.0,0.14285714285714285,Draw
2023-02-18,Mallorca,Villarreal,1.2,0.8,0.7,0.8,0.6799999999999999,1.29,0.4,0.2,0.4,Home Win
2023-02-18,Osasuna,Real Madrid,1.2,2.0,0.8,1.6,0.93,2.2299999999999995,0.0,0.42857142857142855,0.5714285714285714,Away Win
2023-02-19,Barcelona,Cadiz,2.4,1.4,1.3,1.2,1.5499999999999996,1.1,0.2,0.4,0.4,Home Win
2023-02-19,Elche,Espanyol,1.0,1.4,0.7,1.2,0.9299999999999999,1.1,0.3333333333333333,0.6666666666666666,0.0,Away Win
2023-02-19,Rayo Vallecano,Sevilla,2.0,1.8,1.2,1.1,1.15,1.19,0.3333333333333333,0.3333333333333333,0.3333333333333333,Draw
2023-02-19,Atletico Madrid,Athletic Club,2.2,1.2,1.2,1.2,1.6800000000000002,1.05,0.42857142857142855,0.2857142857142857,0.2857142857142857,Home Win
2023-02-20,Getafe,Valencia,0.6,0.2,0.7,0.8,0.78,1.0799999999999998,0.2857142857142857,0.42857142857142855,0.2857142857142857,Home Win
2023-02-24,Elche,Betis,0.8,0.2,0.7,0.0,0.9800000000000001,0.0,0.5,0.5,0.0,Home Win
2023-02-25,Cadiz,Rayo Vallecano,1.2,1.6,0.9,1.2,1.0899999999999999,1.2100000000000002,0.3333333333333333,0.0,0.6666666666666666,Home Win
2023-02-25,Real Madrid,Atletico Madrid,2.0,2.6,1.7,1.1,2.07,1.67,0.5714285714285714,0.2857142857142857,0.14285714285714285,Draw
2023-02-25,Valencia,Real Sociedad,0.0,1.6,0.8,1.6,1.16,1.3900000000000001,0.14285714285714285,0.7142857142857143,0.14285714285714285,Home Win
2023-02-25,Espanyol,Mallorca,1.4,1.8,1.2,1.0,1.2,0.76,0.4,0.2,0.4,Home Win
2023-02-26,Celta Vigo,Valladolid,0.8,1.4,0.6,0.4,1.1199999999999999,0.85,0.0,0.8,0.2,Home Win
2023-02-26,Almeria,Barcelona,1.4,2.4,1.2,1.4,1.4099999999999997,1.6099999999999999,0.0,0.0,1.0,Home Win
2023-02-26,Sevilla,Osasuna,2.0,0.6,1.2,0.6,1.1199999999999999,0.7300000000000001,0.5714285714285714,0.2857142857142857,0.14285714285714285,Away Win
2023-02-26,Athletic Club,Girona,1.2,1.2,1.1,1.7,0.9600000000000002,1.6199999999999999,0.0,0.0,1.0,Away Win
2023-02-27,Villarreal,Getafe,0.6,1.2,1.0,0.7,1.3800000000000001,0.9200000000000002,0.8571428571428571,0.14285714285714285,0.0,Home Win
2023-03-03,Real Sociedad,Cadiz,1.0,1.8,1.5,1.0,1.35,1.0299999999999998,1.0,0.0,0.0,Draw
2023-03-04,Getafe,Girona,1.2,1.8,0.8,1.8,0.9200000000000002,1.6300000000000001,0.0,0.0,1.0,Home Win
2023-03-04,Mallorca,Elche,1.2,1.2,0.9,0.8,0.79,1.06,0.0,0.6666666666666666,0.3333333333333333,Away Win
2023-03-04,Atletico Madrid,Sevilla,2.2,1.4,1.1,1.4,1.5099999999999998,1.2899999999999998,0.2857142857142857,0.42857142857142855,0.2857142857142857,Home Win
2023-03-04,Almeria,Villarreal,1.8,0.6,1.3,1.2,1.4599999999999997,1.48,0.0,0.0,1.0,Away Win
2023-03-05,Valladolid,Espanyol,1.4,1.4,0.2,1.3,0.7100000000000002,1.27,0.6666666666666666,0.0,0.3333333333333333,Home Win
2023-03-05,Rayo Vallecano,Athletic Club,1.6,1.2,0.9,1.2,1.12,1.0500000000000003,0.3333333333333333,0.0,0.6666666666666666,Draw
2023-03-05,Real Betis,Real Madrid,2.6,2.0,1.5,1.6,1.53,1.9900000000000002,0.6666666666666666,0.3333333333333333,0.0,Draw
2023-03-05,Barcelona,Valencia,1.8,0.6,1.2,0.8,1.3499999999999999,1.1199999999999999,0.7142857142857143,0.14285714285714285,0.14285714285714285,Home Win
2023-03-06,Osasuna,Celta Vigo,1.0,1.4,0.7,0.8,0.78,1.23,0.42857142857142855,0.2857142857142857,0.2857142857142857,Draw
2023-03-10,Cadiz,Getafe,1.4,1.6,0.9,1.1,1.0000000000000002,1.03,0.2,0.4,0.4,Draw
2023-03-11,Celta Vigo,Rayo Vallecano,1.0,1.2,0.8,0.9,1.25,1.1900000000000002,0.3333333333333333,0.6666666666666666,0.0,Home Win
2023-03-11,Real Madrid,Espanyol,1.6,1.4,1.4,1.4,1.7899999999999998,1.2799999999999998,0.8,0.0,0.2,Home Win
2023-03-11,Elche,Valladolid,1.8,1.4,0.8,0.4,1.09,0.8,0.0,0.6666666666666666,0.3333333333333333,Draw
2023-03-11,Valencia,Osasuna,0.6,1.2,0.5,0.6,1.02,0.76,0.42857142857142855,0.14285714285714285,0.42857142857142855,Home Win
2023-03-12,Villarreal,Betis,1.2,0.2,1.3,0.0,1.6199999999999999,0.0,1.0,0.0,0.0,Home Win
2023-03-12,Athletic Club,Barcelona,1.4,2.4,0.9,1.1,0.9700000000000001,1.4500000000000002,0.14285714285714285,0.14285714285714285,0.7142857142857143,Away Win
2023-03-12,Sevilla,Almeria,0.8,1.2,1.4,1.2,1.38,1.4499999999999997,0.0,0.0,1.0,Home Win
2023-03-12,Mallorca,Real Sociedad,1.2,1.0,0.8,1.3,0.7500000000000001,1.2999999999999998,0.0,0.0,1.0,Draw
2023-03-13,Girona,Atletico Madrid,1.8,2.2,1.8,1.7,1.48,1.7,0.0,0.0,1.0,Away Win
2023-03-17,Valladolid,Athletic Club,1.0,0.8,0.5,0.9,0.76,1.06,0.2,0.4,0.4,Away Win
2023-03-18,Almeria,Cadiz,1.2,1.6,1.2,1.0,1.33,1.0399999999999998,0.0,1.0,0.0,Draw
2023-03-18,Rayo Vallecano,Girona,0.6,1.2,0.7,1.6,1.1999999999999997,1.29,0.0,1.0,0.0,Draw
2023-03-18,Espanyol,Celta Vigo,1.2,1.6,1.4,1.0,1.3099999999999998,1.29,0.2,0.6,0.2,Away Win
2023-03-18,Atletico Madrid,Valencia,2.6,1.2,1.6,0.5,1.72,1.05,0.5714285714285714,0.42857142857142855,0.0,Home Win
2023-03-19,Barcelona,Real Madrid,2.4,2.2,1.1,1.5,1.3200000000000003,1.73,0.14285714285714285,0.14285714285714285,0.7142857142857143,Home Win
2023-03-19,Real Betis,Mallorca,2.2,0.8,1.4,0.9,1.53,0.8300000000000001,1.0,0.0,0.0,Home Win
2023-03-19,Real Sociedad,Elche,1.2,1.4,1.2,0.9,1.21,1.25,1.0,0.0,0.0,Home Win
2023-03-19,Getafe,Sevilla,1.6,1.4,1.1,1.5,1.1799999999999997,1.61,0.0,0.0,1.0,Home Win
2023-03-19,Osasuna,Villarreal,1.0,1.8,0.6,1.2,0.75,1.5399999999999996,0.5714285714285714,0.0,0.42857142857142855,Away Win
2023-03-31,Mallorca,Osasuna,0.8,0.8,0.8,0.6,0.71,0.8,0.2,0.4,0.4,Draw
2023-04-01,Athletic Club,Getafe,0.8,2.0,1.2,1.2,1.2200000000000002,1.2799999999999998,0.14285714285714285,0.7142857142857143,0.14285714285714285,Draw
2023-04-01,Elche,Barcelona,1.4,2.4,0.9,1.2,1.1599999999999997,1.4100000000000001,0.0,0.0,1.0,Away Win
2023-04-01,Girona,Espanyol,1.4,1.2,1.6,1.3,1.35,1.2799999999999998,0.0,1.0,0.0,Home Win
2023-04-01,Cadiz,Sevilla,1.2,0.8,1.0,1.3,1.1400000000000001,1.5899999999999999,0.0,0.2,0.8,Away Win
2023-04-02,Villarreal,Real Sociedad,2.4,1.2,1.3,1.2,1.4200000000000002,1.2399999999999998,0.2857142857142857,0.2857142857142857,0.42857142857142855,Home Win
2023-04-02,Real Madrid,Valladolid,1.6,0.8,1.5,0.6,1.56,0.8100000000000002,0.8,0.2,0.0,Home Win
2023-04-02,Atletico Madrid,Betis,2.6,0.2,1.9,0.0,1.7399999999999998,0.0,1.0,0.0,0.0,Home Win
2023-04-02,Celta Vigo,Almeria,2.2,0.8,1.2,1.3,1.25,1.5100000000000002,0.0,0.0,1.0,Draw
2023-04-03,Valencia,Rayo Vallecano,1.2,0.6,0.5,0.8,1.1099999999999999,1.23,0.0,0.6666666666666666,0.3333333333333333,Draw
2023-04-07,Sevilla,Celta Vigo,1.2,2.2,1.4,1.3,1.5899999999999999,1.24,0.42857142857142855,0.42857142857142855,0.14285714285714285,Draw
2023-04-08,Espanyol,Athletic Club,0.6,1.0,1.2,1.1,1.2999999999999998,1.28,0.2,0.4,0.4,Away Win
2023-04-08,Real Madrid,Villarreal,1.6,3.0,1.9,1.4,1.9,1.6800000000000002,0.2857142857142857,0.5714285714285714,0.14285714285714285,Away Win
2023-04-08,Real Sociedad,Getafe,1.0,1.6,0.9,1.1,1.1400000000000001,1.31,0.2857142857142857,0.2857142857142857,0.42857142857142855,Home Win
2023-04-08,Osasuna,Elche,1.0,1.4,0.5,0.8,0.6900000000000001,1.18,0.2,0.8,0.0,Home Win
2023-04-09,Valladolid,Mallorca,0.8,0.4,0.6,0.8,0.8300000000000003,0.7100000000000002,0.6666666666666666,0.0,0.3333333333333333,Draw
2023-04-09,Almeria,Valencia,1.0,1.4,1.4,0.4,1.4700000000000002,1.15,0.0,1.0,0.0,Home Win
2023-04-09,Rayo Vallecano,Atletico Madrid,0.6,2.6,0.8,1.9,1.2,1.6600000000000006,0.0,0.3333333333333333,0.6666666666666666,Away Win
2023-04-09,Real Betis,Cadiz,2.6,1.2,1.4,0.9,1.4700000000000002,1.0899999999999999,1.0,0.0,0.0,Draw
2023-04-10,Barcelona,Girona,2.4,1.4,1.5,1.6,1.51,1.2900000000000003,1.0,0.0,0.0,Draw
2023-04-14,Rayo Vallecano,Osasuna,0.6,1.0,0.9,0.6,1.1800000000000002,0.76,0.0,0.0,1.0,Home Win
2023-04-15,Villarreal,Valladolid,3.0,1.0,1.6,0.9,1.58,0.9000000000000001,0.8,0.2,0.0,Away Win
2023-04-15,Cadiz,Real Madrid,0.8,1.4,0.9,2.1,1.0799999999999998,2.01,0.2,0.4,0.4,Away Win
2023-04-15,Real Betis,Espanyol,2.2,0.0,1.2,1.2,1.4300000000000002,1.16,1.0,0.0,0.0,Home Win
2023-04-15,Athletic Club,Real Sociedad,1.6,1.6,1.3,0.9,1.4,1.19,0.2857142857142857,0.2857142857142857,0.42857142857142855,Home Win
2023-04-16,Atletico Madrid,Almeria,3.0,1.0,1.8,1.4,1.52,1.42,0.0,1.0,0.0,Home Win
2023-04-16,Valencia,Sevilla,0.8,1.4,0.5,1.5,1.1600000000000001,1.4600000000000002,0.0,0.42857142857142855,0.5714285714285714,Away Win
2023-04-16,Getafe,Barcelona,1.6,2.6,1.1,1.4,1.23,1.53,0.14285714285714285,0.14285714285714285,0.7142857142857143,Draw
2023-04-16,Girona,Elche,1.0,0.8,1.6,0.8,1.29,1.13,1.0,0.0,0.0,Home Win
2023-04-17,Celta Vigo,Mallorca,1.8,0.6,1.5,1.0,1.25,0.8400000000000002,0.2,0.4,0.4,Away Win
2023-04-21,Espanyol,Cadiz,0.0,0.6,1.1,0.7,1.0799999999999998,0.9599999999999997,0.3333333333333333,0.6666666666666666,0.0,Draw
2023-04-22,Real Sociedad,Rayo Vallecano,1.4,1.0,0.9,1.0,1.2899999999999998,1.1700000000000002,0.6666666666666666,0.3333333333333333,0.0,Home Win
2023-04-22,Almeria,Athletic Club,1.0,2.0,1.2,1.5,1.23,1.4400000000000002,0.0,0.0,1.0,Away Win
2023-04-22,Valladolid,Girona,1.0,1.6,1.0,1.8,0.97,1.31,0.0,0.0,1.0,Home Win
2023-04-22,Real Madrid,Celta Vigo,1.8,1.6,2.1,1.4,2.13,1.26,0.8571428571428571,0.14285714285714285,0.0,Home Win
2023-04-22,Osasuna,Betis,0.8,0.2,0.7,0.0,0.73,0.0,0.3333333333333333,0.6666666666666666,0.0,Home Win
2023-04-23,Sevilla,Villarreal,2.0,2.4,1.4,1.7,1.1800000000000002,1.7,0.2857142857142857,0.42857142857142855,0.2857142857142857,Home Win
2023-04-23,Mallorca,Getafe,1.2,1.2,1.1,1.1,0.9000000000000001,1.25,0.0,0.2,0.8,Home Win
2023-04-23,Elche,Valencia,0.2,0.8,0.8,0.5,1.16,1.1800000000000002,0.2,0.2,0.6,Away Win
2023-04-23,Barcelona,Atletico Madrid,2.2,3.0,1.4,1.9,1.6800000000000002,1.5899999999999999,0.42857142857142855,0.2857142857142857,0.2857142857142857,Home Win
2023-04-25,Girona,Real Madrid,1.6,1.8,1.7,2.3,1.1800000000000002,2.11,0.0,1.0,0.0,Home Win
2023-04-25,Real Betis,Real Sociedad,2.2,1.8,1.2,1.1,1.3800000000000001,1.23,0.6666666666666666,0.3333333333333333,0.0,Draw
2023-04-25,Cadiz,Osasuna,0.6,1.4,0.6,0.9,0.9399999999999998,0.79,0.0,0.0,1.0,Away Win
2023-04-26,Celta Vigo,Elche,1.0,0.0,1.4,0.5,1.35,0.9199999999999999,0.6,0.2,0.2,Home Win
2023-04-26,Rayo Vallecano,Barcelona,1.0,2.2,0.9,1.2,1.1099999999999999,1.59,0.6666666666666666,0.3333333333333333,0.0,Home Win
2023-04-26,Getafe,Almeria,1.0,1.0,1.1,1.3,1.1400000000000001,1.19,0.0,0.0,1.0,Away Win
2023-04-26,Atletico Madrid,Mallorca,2.4,1.6,1.8,1.3,1.65,1.03,0.4,0.0,0.6,Home Win
2023-04-27,Villarreal,Espanyol,1.8,0.2,1.7,1.0,1.78,1.07,0.6,0.2,0.2,Home Win
2023-04-27,Athletic Club,Sevilla,2.6,2.0,1.3,1.6,1.4400000000000002,1.2600000000000002,0.2857142857142857,0.2857142857142857,0.42857142857142855,Away Win
2023-04-27,Valencia,Valladolid,0.8,1.4,0.7,1.0,1.1800000000000002,1.01,0.6,0.2,0.2,Home Win
2023-04-28,Osasuna,Real Sociedad,2.0,1.4,1.0,0.8,0.82,1.09,0.0,0.2857142857142857,0.7142857142857143,Away Win
2023-04-29,Barcelona,Betis,1.6,0.0,1.2,0.0,1.5100000000000002,0.0,0.6666666666666666,0.3333333333333333,0.0,Home Win
2023-04-29,Elche,Rayo Vallecano,0.0,1.4,0.5,1.0,0.97,0.96,0.3333333333333333,0.0,0.6666666666666666,Home Win
2023-04-29,Real Madrid,Almeria,1.8,1.4,2.1,1.3,1.8800000000000001,1.15,1.0,0.0,0.0,Home Win
2023-04-30,Cadiz,Valencia,0.4,1.4,0.4,0.8,1.01,1.11,0.4,0.6,0.0,Home Win
2023-04-30,Villarreal,Celta Vigo,1.8,1.0,2.1,1.5,2.04,1.3900000000000001,0.42857142857142855,0.2857142857142857,0.2857142857142857,Home Win
2023-04-30,Espanyol,Getafe,0.2,0.4,1.0,1.1,1.0400000000000003,1.16,0.4,0.4,0.2,Home Win
2023-04-30,Valladolid,Atletico Madrid,1.4,2.4,1.1,2.0,0.9400000000000001,1.83,0.0,0.2,0.8,Away Win
2023-05-01,Mallorca,Athletic Club,1.6,2.0,1.4,1.1,1.09,1.3200000000000003,0.2,0.4,0.4,Draw
2023-05-01,Sevilla,Girona,2.6,2.0,1.5,2.1,1.1500000000000001,1.39,0.0,0.0,1.0,Away Win
2023-05-02,Real Sociedad,Real Madrid,2.0,1.8,0.9,2.3,1.09,2.0300000000000002,0.0,0.42857142857142855,0.5714285714285714,Home Win
2023-05-02,Almeria,Elche,1.2,0.6,1.3,0.9,1.1,1.0699999999999998,0.0,1.0,0.0,Home Win
2023-05-02,Barcelona,Osasuna,1.6,1.8,1.4,1.0,1.5900000000000003,0.9099999999999999,0.5714285714285714,0.2857142857142857,0.14285714285714285,Home Win
2023-05-03,Atletico Madrid,Cadiz,2.4,1.0,2.4,0.6,1.9100000000000001,1.09,0.8,0.0,0.2,Home Win
2023-05-03,Valencia,Villarreal,1.2,1.8,0.9,2.2,1.1400000000000001,2.1599999999999997,0.42857142857142855,0.0,0.5714285714285714,Draw
2023-05-03,Getafe,Celta Vigo,0.2,0.8,1.0,1.5,1.03,1.3400000000000003,0.2857142857142857,0.42857142857142855,0.2857142857142857,Home Win
2023-05-04,Sevilla,Espanyol,2.0,0.8,1.4,1.0,1.3200000000000003,1.1500000000000001,0.6,0.4,0.0,Home Win
2023-05-04,Athletic Club,Betis,2.0,0.0,1.2,0.0,1.4100000000000001,0.0,1.0,0.0,0.0,Draw
2023-05-04,Rayo Vallecano,Valladolid,1.2,1.4,0.9,1.3,0.9100000000000001,1.12,1.0,0.0,0.0,Home Win
2023-05-04,Girona,Mallorca,2.0,1.6,1.7,1.1,1.1700000000000004,0.96,0.0,1.0,0.0,Home Win
2023-05-12,Mallorca,Cadiz,1.4,0.8,1.1,0.6,1.03,1.0100000000000002,0.3333333333333333,0.3333333333333333,0.3333333333333333,Home Win
2023-05-13,Real Madrid,Getafe,1.8,0.8,2.2,1.0,1.95,1.2399999999999998,0.7142857142857143,0.14285714285714285,0.14285714285714285,Home Win
2023-05-13,Osasuna,Almeria,1.2,1.2,0.7,1.4,0.86,1.1700000000000002,1.0,0.0,0.0,Home Win
2023-05-13,Villarreal,Athletic Club,1.4,1.6,2.1,1.0,2.0799999999999996,1.41,0.0,0.5714285714285714,0.42857142857142855,Home Win
2023-05-13,Real Sociedad,Girona,2.0,2.4,1.1,1.6,1.2100000000000002,1.23,1.0,0.0,0.0,Draw
2023-05-14,Espanyol,Barcelona,0.8,2.0,1.0,1.5,1.1099999999999999,1.73,0.0,0.6,0.4,Away Win
2023-05-14,Valladolid,Sevilla,1.2,2.4,1.4,1.5,1.1300000000000001,1.41,0.0,0.8,0.2,Away Win
2023-05-14,Celta Vigo,Valencia,0.6,1.4,1.2,0.9,1.1900000000000002,1.21,0.2857142857142857,0.0,0.7142857142857143,Away Win
2023-05-14,Elche,Atletico Madrid,0.6,2.4,0.8,2.8,1.0699999999999998,2.18,0.0,0.0,1.0,Home Win
2023-05-15,Real Betis,Rayo Vallecano,1.8,1.8,1.1,1.1,1.34,0.99,1.0,0.0,0.0,Home Win
2023-05-19,Cadiz,Valladolid,0.8,0.6,0.6,1.2,1.02,1.19,0.3333333333333333,0.6666666666666666,0.0,Home Win
2023-05-20,Getafe,Elche,0.6,1.2,0.7,0.8,1.1599999999999997,1.12,0.4,0.2,0.4,Draw
2023-05-20,Barcelona,Real Sociedad,2.4,2.2,1.8,1.3,1.86,1.36,0.8571428571428571,0.14285714285714285,0.0,Away Win
2023-05-20,Athletic Club,Celta Vigo,1.0,0.6,1.1,1.3,1.5899999999999999,1.15,0.14285714285714285,0.2857142857142857,0.5714285714285714,Home Win
2023-05-20,Almeria,Mallorca,1.2,1.4,1.5,1.2,1.1800000000000002,1.06,0.0,0.0,1.0,Home Win
2023-05-20,Girona,Villarreal,2.0,2.0,1.6,2.4,1.27,2.1899999999999995,0.0,0.0,1.0,Away Win
2023-05-21,Valencia,Real Madrid,2.0,1.8,1.1,2.3,1.23,2.04,0.14285714285714285,0.14285714285714285,0.7142857142857143,Home Win
2023-05-21,Rayo Vallecano,Espanyol,1.2,0.8,1.1,1.1,0.8800000000000001,1.2600000000000002,1.0,0.0,0.0,Away Win
2023-05-21,Sevilla,Betis,2.4,0.2,1.7,0.0,1.51,0.0,1.0,0.0,0.0,Draw
2023-05-21,Atletico Madrid,Osasuna,1.8,1.8,2.2,1.0,2.0100000000000002,0.9700000000000001,1.0,0.0,0.0,Home Win
2023-05-23,Valladolid,Barcelona,0.0,1.8,1.1,1.8,1.24,1.92,0.0,0.0,1.0,Home Win
2023-05-23,Real Sociedad,Almeria,2.2,1.8,1.4,1.7,1.5100000000000002,1.25,1.0,0.0,0.0,Home Win
2023-05-23,Celta Vigo,Girona,0.6,2.0,1.1,1.7,0.96,1.3499999999999999,1.0,0.0,0.0,Draw
2023-05-24,Real Betis,Getafe,2.2,0.8,1.3,0.6,1.3900000000000001,1.0399999999999998,1.0,0.0,0.0,Draw
2023-05-24,Villarreal,Cadiz,2.6,1.2,2.5,0.6,2.2099999999999995,1.0699999999999998,0.2,0.6,0.2,Home Win
2023-05-24,Espanyol,Atletico Madrid,1.2,2.4,1.2,2.4,1.3000000000000003,2.01,0.0,0.4,0.6,Draw
2023-05-24,Elche,Sevilla,1.4,2.0,0.8,1.5,1.0299999999999998,1.3199999999999998,0.2,0.2,0.6,Draw
2023-05-24,Real Madrid,Rayo Vallecano,1.2,1.2,2.0,1.2,2.01,0.9700000000000001,0.6666666666666666,0.0,0.3333333333333333,Home Win
2023-05-25,Mallorca,Valencia,0.8,2.0,1.1,1.1,1.0,1.16,0.4,0.2,0.4,Home Win
2023-05-25,Osasuna,Athletic Club,1.2,1.0,1.0,1.3,1.02,1.5999999999999999,0.2857142857142857,0.2857142857142857,0.42857142857142855,Home Win
2023-05-27,Sevilla,Real Madrid,1.6,1.8,1.6,2.1,1.2899999999999998,2.09,0.0,0.14285714285714285,0.8571428571428571,Away Win
2023-05-28,Girona,Betis,1.6,0.4,1.6,0.0,1.2899999999999996,0.0,0.0,0.0,0.0,Home Win
2023-05-28,Valencia,Espanyol,1.4,1.4,1.1,1.4,1.25,1.48,0.4,0.4,0.2,Draw
2023-05-28,Barcelona,Mallorca,1.8,1.4,1.7,1.2,1.9300000000000002,1.05,1.0,0.0,0.0,Home Win
2023-05-28,Almeria,Valladolid,1.2,0.6,1.6,1.3,1.02,1.36,0.0,0.0,1.0,Draw
2023-05-28,Athletic Club,Elche,1.0,1.6,1.0,0.9,1.4200000000000002,1.17,0.6,0.2,0.2,Away Win
2023-05-28,Cadiz,Celta Vigo,1.2,0.2,0.5,0.9,1.1,0.9199999999999999,0.2,0.4,0.4,Home Win
2023-05-28,Getafe,Osasuna,1.0,1.2,0.4,1.2,0.8699999999999999,1.0100000000000002,0.42857142857142855,0.5714285714285714,0.0,Home Win
2023-05-28,Rayo Vallecano,Villarreal,0.6,2.6,1.1,2.4,0.8499999999999999,2.27,0.3333333333333333,0.0,0.6666666666666666,Home Win
2023-05-28,Atletico Madrid,Real Sociedad,2.0,2.6,2.4,1.3,2.05,1.5000000000000002,0.42857142857142855,0.42857142857142855,0.14285714285714285,Home Win
2023-06-04,Osasuna,Girona,1.2,1.6,1.3,1.5,1.0100000000000002,1.2299999999999998,0.0,1.0,0.0,Home Win
2023-06-04,Real Madrid,Athletic Club,1.8,0.8,1.7,1.0,1.7200000000000002,1.57,0.8571428571428571,0.14285714285714285,0.0,Draw
2023-06-04,Mallorca,Rayo Vallecano,1.2,1.2,1.2,1.2,1.01,0.9099999999999999,0.6666666666666666,0.0,0.3333333333333333,Home Win
2023-06-04,Real Betis,Valencia,1.8,1.6,1.3,1.2,1.46,1.28,1.0,0.0,0.0,Home Win
2023-06-04,Villarreal,Atletico Madrid,2.0,2.0,2.3,2.5,2.0399999999999996,1.9599999999999997,0.14285714285714285,0.5714285714285714,0.2857142857142857,Draw
2023-06-04,Valladolid,Getafe,0.8,1.6,1.3,0.6,1.33,1.04,0.6,0.2,0.2,Draw
2023-06-04,Espanyol,Almeria,1.0,1.4,1.5,1.4,1.4999999999999998,1.0899999999999999,0.0,0.0,1.0,Draw
2023-06-04,Elche,Cadiz,1.6,1.2,1.0,0.6,1.1800000000000002,1.1599999999999997,0.4,0.4,0.2,Draw
2023-06-04,Celta Vigo,Barcelona,0.2,1.8,0.7,1.6,0.78,2.12,0.14285714285714285,0.2857142857142857,0.5714285714285714,Home Win
2023-06-04,Real Sociedad,Sevilla,2.0,1.6,1.4,1.5,1.52,1.2999999999999998,0.14285714285714285,0.42857142857142855,0.42857142857142855,Home Win
2023-08-11,Almeria,Rayo Vallecano,1.0,0.6,1.5,1.1,1.1800000000000002,0.9499999999999998,0.5,0.0,0.5,Away Win
2023-08-11,Sevilla,Valencia,1.0,1.4,1.4,1.1,1.2999999999999998,1.15,0.625,0.375,0.0,Away Win
2023-08-12,Las Palmas,Mallorca,0.0,1.8,1.0,1.2,1.0,1.05,0.0,0.0,0.0,Draw
2023-08-12,Real Sociedad,Girona,2.0,1.0,1.4,1.6,1.49,1.2599999999999998,0.5,0.5,0.0,Draw
2023-08-12,Athletic Club,Real Madrid,0.8,2.0,0.9,1.6,1.5699999999999998,1.6600000000000001,0.0,0.25,0.75,Away Win
2023-08-13,Getafe,Barcelona,1.2,1.2,0.6,1.7,1.06,2.1100000000000003,0.125,0.25,0.625,Draw
2023-08-13,Villarreal,Betis,2.0,0.4,2.2,0.0,2.05,0.0,1.0,0.0,0.0,Home Win
2023-08-13,Celta Vigo,Osasuna,0.8,1.8,0.7,1.3,0.79,1.07,0.25,0.375,0.375,Away Win
2023-08-14,Atletico Madrid,Granada,1.6,1.6,2.5,1.6,1.95,1.12,0.5,0.3333333333333333,0.16666666666666666,Home Win
2023-08-14,Cadiz,Alaves,1.4,1.2,0.7,1.0,1.4099999999999997,1.02,0.5,0.25,0.25,Home Win
2023-08-18,Mallorca,Villarreal,1.4,2.0,1.2,2.2,1.1099999999999999,1.94,0.5,0.16666666666666666,0.3333333333333333,Away Win
2023-08-18,Valencia,Las Palmas,1.4,0.2,1.3,1.0,1.22,0.9,0.0,0.0,0.0,Home Win
2023-08-19,Real Sociedad,Celta Vigo,2.0,0.8,1.5,0.7,1.45,0.8099999999999999,0.75,0.125,0.125,Draw
2023-08-19,Osasuna,Athletic Club,1.8,0.8,1.4,0.7,1.1099999999999999,1.5300000000000002,0.375,0.25,0.375,Away Win
2023-08-19,Almeria,Real Madrid,1.0,2.0,1.4,1.6,1.3,1.4000000000000001,0.0,0.0,1.0,Away Win
2023-08-20,Real Betis,Atletico Madrid,2.2,2.2,1.3,2.6,1.4599999999999997,1.9599999999999997,1.0,0.0,0.0,Draw
2023-08-20,Girona,Getafe,1.0,1.4,1.5,0.6,1.21,1.07,0.5,0.0,0.5,Home Win
2023-08-20,Barcelona,Cadiz,0.8,2.0,1.7,0.8,2.0999999999999996,1.4099999999999997,0.3333333333333333,0.3333333333333333,0.3333333333333333,Home Win
2023-08-21,Alaves,Sevilla,0.6,0.4,0.8,1.3,0.8800000000000001,1.3299999999999996,0.0,0.5,0.5,Home Win
2023-08-21,Granada,Rayo Vallecano,1.4,1.2,1.4,1.1,1.0,1.0699999999999998,0.0,0.5,0.5,Away Win
2023-08-25,Las Palmas,Real Sociedad,0.2,1.6,0.5,1.4,0.7,1.46,0.0,0.0,0.0,Draw
2023-08-25,Celta Vigo,Real Madrid,1.0,2.6,0.8,1.7,0.82,1.4500000000000002,0.0,0.125,0.875,Away Win
2023-08-26,Sevilla,Girona,0.2,1.6,1.4,1.8,1.2999999999999998,1.2500000000000002,0.0,0.0,1.0,Away Win
2023-08-26,Granada,Mallorca,0.8,1.4,1.2,0.9,0.9100000000000001,1.0,1.0,0.0,0.0,Home Win
2023-08-26,Cadiz,Almeria,1.4,0.4,0.8,1.4,1.38,1.35,0.0,1.0,0.0,Draw
2023-08-27,Villarreal,Barcelona,2.0,1.4,2.2,1.8,1.9,2.2599999999999993,0.125,0.0,0.875,Away Win
2023-08-27,Valencia,Osasuna,1.4,1.8,1.2,1.1,1.27,1.09,0.5,0.125,0.375,Away Win
2023-08-27,Athletic Club,Betis,0.8,0.4,0.7,0.0,1.51,0.0,0.75,0.25,0.0,Home Win
2023-08-28,Rayo Vallecano,Atletico Madrid,1.8,1.8,1.2,2.6,1.23,1.8299999999999996,0.0,0.25,0.75,Away Win
2023-08-28,Getafe,Alaves,1.2,1.2,0.5,1.1,1.13,1.0100000000000002,0.0,1.0,0.0,Home Win
2023-09-01,Almeria,Celta Vigo,0.6,0.8,1.3,0.7,1.1900000000000002,0.8099999999999999,0.5,0.5,0.0,Away Win
2023-09-01,Cadiz,Villarreal,1.6,1.4,0.9,2.1,1.4,1.72,0.16666666666666666,0.5,0.3333333333333333,Home Win
2023-09-02,Real Sociedad,Granada,1.2,0.8,1.4,1.3,1.56,0.9600000000000002,0.6666666666666666,0.0,0.3333333333333333,Home Win
2023-09-02,Real Betis,Rayo Vallecano,1.8,1.8,1.0,1.0,1.19,1.22,1.0,0.0,0.0,Home Win
2023-09-02,Alaves,Valencia,0.6,1.4,1.1,1.1,1.0299999999999998,1.3499999999999999,0.16666666666666666,0.5,0.3333333333333333,Home Win
2023-09-02,Real Madrid,Getafe,2.6,1.6,1.6,0.5,1.4100000000000001,1.19,0.75,0.125,0.125,Home Win
2023-09-03,Mallorca,Athletic Club,0.8,1.4,1.0,1.1,1.17,1.7700000000000002,0.16666666666666666,0.5,0.3333333333333333,Draw
2023-09-03,Girona,Las Palmas,2.0,0.4,1.6,0.3333333333333333,1.19,0.7666666666666666,0.0,0.0,0.0,Home Win
2023-09-03,Osasuna,Barcelona,1.8,2.0,1.2,2.1,1.1099999999999999,2.4799999999999995,0.125,0.25,0.625,Away Win
2023-09-15,Rayo Vallecano,Alaves,1.2,1.2,1.0,1.1,1.14,1.1099999999999999,0.5,0.0,0.5,Home Win
2023-09-16,Athletic Club,Cadiz,1.6,1.6,1.0,1.0,1.6600000000000001,1.43,0.6666666666666666,0.0,0.3333333333333333,Home Win
2023-09-16,Barcelona,Betis,2.0,0.4,1.9,0.0,2.38,0.0,0.75,0.25,0.0,Home Win
2023-09-16,Celta Vigo,Mallorca,1.4,1.0,0.9,0.9,0.8699999999999999,1.1199999999999999,0.16666666666666666,0.3333333333333333,0.5,Away Win
2023-09-16,Valencia,Atletico Madrid,1.2,2.2,1.0,3.0,1.3,1.9,0.0,0.375,0.625,Home Win
2023-09-17,Getafe,Osasuna,1.0,1.8,0.6,1.3,1.18,1.05,0.5,0.5,0.0,Home Win
2023-09-17,Real Madrid,Real Sociedad,2.6,1.8,1.4,1.7,1.4100000000000001,1.65,0.5,0.375,0.125,Home Win
2023-09-17,Sevilla,Las Palmas,0.0,0.4,1.4,0.25,1.3699999999999997,0.85,0.0,0.0,0.0,Home Win
2023-09-17,Villarreal,Almeria,1.4,0.4,1.9,1.3,1.5100000000000002,1.36,1.0,0.0,0.0,Home Win
2023-09-18,Granada,Girona,0.8,2.0,1.5,1.5,0.9400000000000001,1.21,0.0,0.0,0.0,Away Win
2023-09-22,Alaves,Athletic Club,1.2,2.0,1.0,1.3,1.1199999999999999,1.7899999999999998,0.3333333333333333,0.3333333333333333,0.3333333333333333,Away Win
2023-09-23,Almeria,Valencia,0.2,1.8,1.2,1.2,1.34,1.31,0.5,0.5,0.0,Draw
2023-09-23,Osasuna,Sevilla,1.2,0.6,1.5,1.5,1.1199999999999999,1.3199999999999998,0.25,0.25,0.5,Draw
2023-09-23,Girona,Mallorca,2.6,1.0,1.7,0.9,1.3199999999999998,1.06,0.5,0.5,0.0,Home Win
2023-09-23,Barcelona,Celta Vigo,2.6,0.8,2.3,0.9,2.34,0.9700000000000001,0.5,0.25,0.25,Home Win
2023-09-24,Real Betis,Cadiz,2.2,1.4,0.9,0.9,1.0499999999999998,1.46,0.6666666666666666,0.3333333333333333,0.0,Home Win
2023-09-24,Real Sociedad,Getafe,1.2,1.4,1.6,0.8,1.6199999999999999,0.96,0.375,0.25,0.375,Home Win
2023-09-24,Las Palmas,Granada,0.4,0.6,0.2,1.7,0.8800000000000001,1.08,0.0,0.0,0.0,Home Win
2023-09-24,Atletico Madrid,Real Madrid,1.6,3.0,2.5,1.6,1.7600000000000002,1.53,0.125,0.375,0.5,Home Win
2023-09-24,Rayo Vallecano,Villarreal,1.8,1.8,1.0,2.0,1.2599999999999998,1.5300000000000002,0.5,0.0,0.5,Draw
2023-09-26,Sevilla,Almeria,0.8,0.4,1.2,1.3,1.1400000000000001,1.5500000000000003,0.5,0.0,0.5,Home Win
2023-09-26,Mallorca,Barcelona,0.8,3.0,1.1,2.2,1.1200000000000003,2.19,0.0,0.0,1.0,Draw
2023-09-27,Valencia,Real Sociedad,1.4,1.6,1.2,1.8,1.27,1.5499999999999998,0.25,0.625,0.125,Away Win
2023-09-27,Athletic Club,Getafe,2.6,1.2,1.4,1.1,1.65,1.03,0.125,0.75,0.125,Draw
2023-09-27,Real Madrid,Las Palmas,2.4,0.8,1.6,0.3333333333333333,1.5399999999999998,0.8333333333333334,0.0,0.0,0.0,Home Win
2023-09-27,Villarreal,Girona,1.4,3.0,1.6,2.0,1.3700000000000003,1.52,1.0,0.0,0.0,Away Win
2023-09-27,Cadiz,Rayo Vallecano,0.8,1.4,0.9,1.1,1.3900000000000001,1.3799999999999997,0.5,0.0,0.5,Draw
2023-09-28,Osasuna,Atletico Madrid,0.8,2.0,1.2,2.3,1.07,1.6,0.0,0.0,1.0,Away Win
2023-09-28,Granada,Betis,0.6,0.2,1.6,0.0,1.0100000000000002,0.0,1.0,0.0,0.0,Home Win
2023-09-28,Celta Vigo,Alaves,0.8,1.2,1.0,0.8,1.05,0.9899999999999999,0.8333333333333334,0.0,0.16666666666666666,Draw
2023-09-29,Barcelona,Sevilla,2.6,1.4,2.3,1.4,2.2299999999999995,1.11,0.625,0.375,0.0,Home Win
2023-09-30,Getafe,Villarreal,1.4,0.8,1.2,1.5,1.02,1.36,0.0,0.125,0.875,Draw
2023-09-30,Real Sociedad,Athletic Club,2.0,2.2,1.7,1.4,1.3699999999999997,1.6199999999999999,0.375,0.25,0.375,Home Win
2023-09-30,Girona,Real Madrid,3.0,2.4,2.1,1.8,1.61,1.5699999999999998,0.5,0.5,0.0,Away Win
2023-09-30,Rayo Vallecano,Mallorca,1.0,1.0,1.0,1.3,1.21,1.1200000000000003,0.25,0.0,0.75,Draw
2023-10-01,Real Betis,Valencia,2.2,0.8,1.0,1.1,1.1800000000000002,1.2100000000000002,1.0,0.0,0.0,Home Win
2023-10-01,Alaves,Osasuna,0.8,0.8,0.9,1.2,1.1999999999999997,1.09,0.0,0.16666666666666666,0.8333333333333334,Away Win
2023-10-01,Atletico Madrid,Cadiz,2.0,1.0,2.5,0.7,1.6,1.23,0.8333333333333334,0.0,0.16666666666666666,Home Win
2023-10-01,Almeria,Granada,0.4,1.2,1.1,1.1,1.55,1.03,0.0,0.0,0.0,Draw
2023-10-02,Las Palmas,Celta Vigo,0.8,0.8,0.2857142857142857,1.0,0.8142857142857143,1.06,0.0,0.0,0.0,Home Win
2023-10-06,Athletic Club,Almeria,1.6,0.4,1.4,1.4,1.72,1.83,1.0,0.0,0.0,Home Win
2023-10-07,Sevilla,Rayo Vallecano,1.4,1.2,1.4,1.1,1.1099999999999999,1.3699999999999999,0.25,0.5,0.25,Draw
2023-10-07,Cadiz,Girona,0.8,2.4,0.9,2.0,1.1400000000000001,1.65,0.5,0.5,0.0,Away Win
2023-10-07,Real Madrid,Osasuna,2.4,0.8,1.9,1.2,1.67,1.1199999999999999,0.625,0.375,0.0,Home Win
2023-10-07,Mallorca,Valencia,1.2,0.8,1.4,1.1,1.2200000000000002,1.02,0.5,0.16666666666666666,0.3333333333333333,Draw
2023-10-08,Alaves,Betis,0.8,0.0,0.7,0.0,1.09,0.0,0.3333333333333333,0.6666666666666666,0.0,Home Win
2023-10-08,Granada,Barcelona,0.8,2.6,1.3,2.3,1.23,2.3,0.3333333333333333,0.3333333333333333,0.3333333333333333,Draw
2023-10-08,Atletico Madrid,Real Sociedad,2.4,2.4,2.5,1.9,1.6800000000000002,1.3199999999999998,0.5,0.375,0.125,Home Win
2023-10-08,Villarreal,Las Palmas,1.0,1.2,1.3,0.5,1.1300000000000001,0.925,0.0,0.0,0.0,Away Win
2023-10-08,Celta Vigo,Getafe,0.8,1.0,1.0,1.2,1.09,1.11,0.25,0.375,0.375,Draw
2023-10-20,Osasuna,Granada,0.8,1.0,1.1,1.5,1.1199999999999999,1.31,0.3333333333333333,0.16666666666666666,0.5,Home Win
2023-10-21,Celta Vigo,Atletico Madrid,0.4,2.4,1.2,2.4,1.3399999999999999,1.67,0.0,0.375,0.625,Away Win
2023-10-21,Getafe,Betis,1.2,0.0,1.2,0.0,0.93,0.0,0.5,0.5,0.0,Home Win
2023-10-21,Sevilla,Real Madrid,1.6,2.4,1.5,2.1,1.1400000000000001,1.9099999999999997,0.0,0.125,0.875,Draw
2023-10-21,Real Sociedad,Mallorca,1.8,1.2,1.9,1.5,1.3199999999999998,1.2700000000000002,0.8333333333333334,0.16666666666666666,0.0,Home Win
2023-10-22,Barcelona,Athletic Club,2.2,2.0,2.2,1.7,2.2399999999999998,1.67,0.75,0.125,0.125,Home Win
2023-10-22,Villarreal,Alaves,1.0,0.8,1.3,0.7,1.19,1.1700000000000002,0.6666666666666666,0.0,0.3333333333333333,Draw
2023-10-22,Las Palmas,Rayo Vallecano,1.8,1.4,0.6666666666666666,1.1,0.9444444444444444,1.33,0.0,0.0,0.0,Away Win
2023-10-22,Girona,Almeria,2.4,0.4,2.0,1.4,1.67,1.6700000000000004,0.5,0.0,0.5,Home Win
2023-10-23,Valencia,Cadiz,1.0,0.2,1.0,0.8,0.8099999999999999,1.0100000000000002,0.0,0.5,0.5,Home Win
2023-10-27,Girona,Celta Vigo,2.4,0.4,2.4,1.0,1.77,1.3599999999999999,0.0,0.5,0.5,Home Win
2023-10-28,Almeria,Las Palmas,0.4,1.8,1.3,0.6,1.59,0.9800000000000001,0.0,0.0,0.0,Away Win
2023-10-28,Barcelona,Real Madrid,2.2,2.0,2.2,2.1,2.25,1.89,0.25,0.125,0.625,Away Win
2023-10-28,Cadiz,Sevilla,0.2,1.2,0.7,1.5,0.82,1.1700000000000002,0.0,0.16666666666666666,0.8333333333333334,Draw
2023-10-28,Mallorca,Getafe,0.6,1.2,1.2,1.3,1.24,1.03,0.16666666666666666,0.16666666666666666,0.6666666666666666,Draw
2023-10-29,Rayo Vallecano,Real Sociedad,1.4,2.4,1.2,1.8,1.3599999999999999,1.27,0.0,0.25,0.75,Draw
2023-10-29,Real Betis,Osasuna,2.6,1.4,1.2,1.1,1.26,1.15,1.0,0.0,0.0,Home Win
2023-10-29,Atletico Madrid,Alaves,3.0,1.0,2.5,0.8,1.78,1.3,0.6666666666666666,0.16666666666666666,0.16666666666666666,Home Win
2023-10-29,Athletic Club,Valencia,1.4,1.0,1.6,1.2,1.48,0.96,0.375,0.5,0.125,Draw
2023-10-30,Granada,Villarreal,1.0,0.6,1.5,1.2,1.2,1.1800000000000002,0.0,0.5,0.5,Away Win
2023-11-03,Las Palmas,Atletico Madrid,1.8,3.0,0.7,2.5,0.9800000000000001,1.73,0.0,0.0,0.0,Home Win
2023-11-04,Real Sociedad,Barcelona,2.0,1.6,1.9,2.3,1.3699999999999999,2.2600000000000002,0.125,0.125,0.75,Away Win
2023-11-04,Real Betis,Mallorca,2.6,0.8,1.4,1.1,1.26,1.1700000000000002,1.0,0.0,0.0,Home Win
2023-11-04,Celta Vigo,Sevilla,0.4,1.2,1.0,1.6,1.2799999999999998,1.25,0.125,0.5,0.375,Draw
2023-11-04,Osasuna,Girona,1.2,2.4,0.9,2.4,1.05,1.75,0.5,0.5,0.0,Away Win
2023-11-05,Villarreal,Athletic Club,1.0,1.0,1.4,1.8,1.25,1.6300000000000001,0.125,0.5,0.375,Away Win
2023-11-05,Real Madrid,Rayo Vallecano,2.6,1.4,2.1,1.2,1.9100000000000001,1.2500000000000002,0.75,0.0,0.25,Draw
2023-11-05,Valencia,Granada,1.0,1.0,1.2,1.6,1.04,1.3199999999999998,0.5,0.3333333333333333,0.16666666666666666,Home Win
2023-11-05,Alaves,Almeria,1.0,0.2,0.9,1.4,1.3199999999999998,1.48,0.0,0.0,0.0,Home Win
2023-11-06,Getafe,Cadiz,1.4,0.4,1.3,0.8,0.9899999999999999,0.86,0.3333333333333333,0.5,0.16666666666666666,Home Win
2023-11-10,Athletic Club,Celta Vigo,1.4,0.4,1.9,1.0,1.7100000000000002,1.39,0.25,0.25,0.5,Home Win
2023-11-11,Almeria,Real Sociedad,0.2,1.4,1.3,1.8,1.4000000000000001,1.3900000000000001,0.0,0.0,1.0,Away Win
2023-11-11,Granada,Getafe,0.4,1.8,1.6,1.4,1.25,1.0399999999999998,0.3333333333333333,0.3333333333333333,0.3333333333333333,Draw
2023-11-11,Rayo Vallecano,Girona,1.4,2.4,1.0,2.5,1.05,1.8299999999999996,0.0,1.0,0.0,Away Win
2023-11-11,Osasuna,Las Palmas,1.2,2.4,1.1,0.9,1.06,0.9700000000000001,0.0,0.0,0.0,Draw
2023-11-11,Real Madrid,Valencia,2.2,1.6,1.8,1.2,1.9299999999999997,1.01,0.625,0.125,0.25,Home Win
2023-11-12,Sevilla,Betis,0.8,0.0,1.6,0.0,1.27,0.0,0.75,0.25,0.0,Home Win
2023-11-12,Atletico Madrid,Villarreal,2.4,1.0,2.3,1.5,1.61,1.2799999999999998,0.25,0.625,0.125,Home Win
2023-11-12,Barcelona,Alaves,2.0,1.4,2.2,0.6,2.04,1.3800000000000001,0.6666666666666666,0.3333333333333333,0.0,Home Win
2023-11-24,Alaves,Granada,1.4,0.4,0.7,1.4,1.48,1.2799999999999998,0.16666666666666666,0.0,0.8333333333333334,Home Win
2023-11-25,Atletico Madrid,Mallorca,2.4,0.6,2.6,1.1,2.0,1.1300000000000001,0.5,0.0,0.5,Home Win
2023-11-25,Getafe,Almeria,1.8,0.0,1.4,1.3,1.05,1.4100000000000001,0.0,0.0,1.0,Home Win
2023-11-25,Valencia,Celta Vigo,1.6,0.4,1.2,1.3,1.01,1.48,0.75,0.0,0.25,Draw
2023-11-25,Rayo Vallecano,Barcelona,1.2,2.0,1.1,2.0,1.1599999999999997,1.8900000000000001,0.75,0.25,0.0,Draw
2023-11-26,Real Betis,Las Palmas,3.0,2.0,1.3,1.0,1.28,0.9200000000000002,0.0,0.0,0.0,Home Win
2023-11-26,Villarreal,Osasuna,0.8,0.8,1.3,1.0,1.17,1.04,0.5,0.0,0.5,Home Win
2023-11-26,Cadiz,Real Madrid,0.2,2.2,0.8,2.2,0.8,1.9599999999999997,0.16666666666666666,0.3333333333333333,0.5,Away Win
2023-11-26,Real Sociedad,Sevilla,1.4,1.4,2.1,1.4,1.53,1.2799999999999998,0.25,0.375,0.375,Home Win
2023-11-27,Girona,Athletic Club,3.0,2.0,2.5,1.9,2.11,1.8799999999999997,1.0,0.0,0.0,Draw
2023-11-29,Mallorca,Cadiz,0.4,0.2,0.9,0.7,0.9799999999999999,0.76,0.5,0.25,0.25,Draw
2023-12-01,Las Palmas,Getafe,1.4,2.2,1.0,1.5,0.8099999999999999,1.1300000000000001,0.0,0.0,0.0,Home Win
2023-12-02,Girona,Valencia,2.6,1.6,2.5,1.2,2.1399999999999997,0.9800000000000001,0.5,0.0,0.5,Home Win
2023-12-02,Osasuna,Real Sociedad,0.8,2.0,1.0,1.8,1.06,1.3699999999999999,0.0,0.25,0.75,Draw
2023-12-02,Real Madrid,Granada,2.2,0.2,2.3,1.2,1.8399999999999999,1.31,1.0,0.0,0.0,Home Win
2023-12-02,Athletic Club,Rayo Vallecano,1.6,1.2,2.0,1.2,1.9700000000000002,1.2299999999999998,0.5,0.25,0.25,Home Win
2023-12-03,Barcelona,Atletico Madrid,2.0,2.4,1.9,2.0,1.7900000000000003,1.83,0.5,0.25,0.25,Home Win
2023-12-03,Mallorca,Alaves,0.4,1.4,1.0,0.9,1.05,1.4300000000000002,0.75,0.0,0.25,Draw
2023-12-03,Sevilla,Villarreal,1.2,1.4,1.4,1.5,1.17,1.3800000000000001,0.375,0.375,0.25,Draw
2023-12-03,Almeria,Betis,0.0,0.0,1.2,0.0,1.29,0.0,1.0,0.0,0.0,Draw
2023-12-04,Celta Vigo,Cadiz,0.4,0.4,1.0,0.5,1.41,0.5800000000000001,0.3333333333333333,0.3333333333333333,0.3333333333333333,Draw
2023-12-08,Getafe,Valencia,1.6,1.0,1.2,1.0,1.17,0.95,0.375,0.375,0.25,Home Win
2023-12-09,Real Betis,Real Madrid,3.0,2.6,1.4,2.3,1.32,1.8199999999999998,0.5,0.5,0.0,Home Win
2023-12-09,Alaves,Las Palmas,1.4,2.0,0.9,1.2,1.3900000000000001,0.8600000000000001,0.0,0.0,0.0,Away Win
2023-12-09,Villarreal,Real Sociedad,1.4,1.6,1.4,1.8,1.41,1.38,0.375,0.25,0.375,Away Win
2023-12-09,Mallorca,Sevilla,0.6,1.2,0.9,1.4,1.05,1.18,0.0,0.3333333333333333,0.6666666666666666,Home Win
2023-12-10,Barcelona,Girona,2.0,2.6,1.5,2.3,1.81,2.0200000000000005,0.5,0.5,0.0,Away Win
2023-12-10,Atletico Madrid,Almeria,1.8,0.2,2.0,1.1,1.83,1.3800000000000003,0.5,0.5,0.0,Home Win
2023-12-10,Cadiz,Osasuna,0.6,0.4,0.6,0.9,0.58,1.02,0.0,0.0,1.0,Draw
2023-12-11,Granada,Athletic Club,0.2,2.2,1.0,2.1,1.1599999999999997,1.8099999999999998,0.5,0.16666666666666666,0.3333333333333333,Draw
2023-12-11,Rayo Vallecano,Celta Vigo,0.6,0.6,1.0,1.1,1.0199999999999998,1.52,0.0,0.5,0.5,Draw
2023-12-15,Osasuna,Rayo Vallecano,0.6,0.6,1.0,0.9,1.0399999999999998,1.02,0.75,0.0,0.25,Home Win
2023-12-16,Athletic Club,Atletico Madrid,2.2,1.8,2.0,1.9,1.75,1.9100000000000001,0.25,0.25,0.5,Home Win
2023-12-16,Valencia,Barcelona,0.8,2.0,0.8,1.4,0.8799999999999999,2.02,0.125,0.125,0.75,Draw
2023-12-16,Sevilla,Getafe,1.0,2.0,1.4,1.0,1.1600000000000001,1.0999999999999999,0.875,0.0,0.125,Away Win
2023-12-16,Celta Vigo,Granada,0.8,0.4,0.9,1.1,1.3800000000000001,1.2299999999999998,0.3333333333333333,0.5,0.16666666666666666,Home Win
2023-12-17,Las Palmas,Cadiz,2.0,0.6,1.2,0.7,0.8400000000000001,0.67,0.0,0.0,0.0,Draw
2023-12-17,Real Sociedad,Betis,2.0,0.2,1.7,0.0,1.3299999999999998,0.0,0.5,0.5,0.0,Draw
2023-12-17,Real Madrid,Villarreal,2.0,0.8,2.2,1.3,1.72,1.47,0.25,0.5,0.25,Home Win
2023-12-17,Almeria,Mallorca,0.2,1.0,1.0,0.7,1.2500000000000002,0.9200000000000002,0.5,0.0,0.5,Draw
2023-12-18,Girona,Alaves,2.6,1.4,2.2,0.9,1.9500000000000004,1.4700000000000002,0.0,0.0,0.0,Home Win
2023-12-19,Atletico Madrid,Getafe,1.8,2.0,1.7,1.1,1.7999999999999996,1.2,0.75,0.25,0.0,Draw
2023-12-19,Granada,Sevilla,0.4,0.8,1.0,0.9,1.0999999999999999,1.04,0.3333333333333333,0.0,0.6666666666666666,Away Win
2023-12-19,Rayo Vallecano,Valencia,0.4,0.4,0.9,0.9,1.0599999999999998,0.89,0.25,0.75,0.0,Away Win
2023-12-20,Villarreal,Celta Vigo,0.8,1.2,1.3,0.9,1.3699999999999999,1.4600000000000002,0.5,0.25,0.25,Home Win
2023-12-20,Barcelona,Almeria,1.6,0.4,1.3,0.9,2.1499999999999995,1.1,0.5,0.0,0.5,Home Win
2023-12-20,Athletic Club,Las Palmas,2.2,1.6,2.0,1.3,1.92,0.8400000000000001,0.0,0.0,0.0,Home Win
2023-12-21,Cadiz,Real Sociedad,0.8,2.2,0.8,1.6,0.7700000000000001,1.4199999999999997,0.0,0.16666666666666666,0.8333333333333334,Draw
2023-12-21,Mallorca,Osasuna,1.2,1.2,0.5,1.1,1.0299999999999998,1.06,0.16666666666666666,0.5,0.3333333333333333,Home Win
2023-12-21,Real Betis,Girona,3.0,2.6,1.2,2.3,1.3000000000000003,1.9099999999999997,1.0,0.0,0.0,Home Win
2023-12-21,Alaves,Real Madrid,0.8,2.4,0.8,2.4,1.28,1.7799999999999998,0.16666666666666666,0.0,0.8333333333333334,Away Win
2023-12-23,Atletico Madrid,Sevilla,1.4,0.8,1.7,1.2,1.7299999999999998,0.9800000000000001,0.375,0.375,0.25,Home Win
2024-01-02,Real Sociedad,Alaves,1.8,0.8,1.3,0.8,1.3299999999999998,1.19,0.5,0.3333333333333333,0.16666666666666666,Draw
2024-01-02,Getafe,Rayo Vallecano,2.0,0.4,1.4,0.7,1.31,0.8600000000000001,0.0,0.75,0.25,Away Win
2024-01-02,Valencia,Villarreal,1.0,1.4,1.0,1.6,0.9200000000000002,1.5999999999999999,0.375,0.125,0.5,Home Win
2024-01-03,Granada,Cadiz,0.2,1.0,0.7,0.6,0.9000000000000001,0.79,0.0,0.75,0.25,Home Win
2024-01-03,Celta Vigo,Betis,1.2,0.4,1.0,0.0,1.4400000000000002,0.0,0.75,0.25,0.0,Home Win
2024-01-03,Girona,Atletico Madrid,2.0,1.4,2.3,1.6,1.75,1.6,0.0,0.0,1.0,Home Win
2024-01-03,Real Madrid,Mallorca,2.4,1.8,2.2,0.6,1.61,0.9899999999999999,0.6666666666666666,0.0,0.3333333333333333,Home Win
2024-01-04,Osasuna,Almeria,1.0,0.4,1.1,0.8,1.1099999999999999,0.97,1.0,0.0,0.0,Home Win
2024-01-04,Las Palmas,Barcelona,1.4,1.6,1.1,1.5,0.7000000000000001,2.2499999999999996,0.0,0.0,0.0,Away Win
2024-01-04,Sevilla,Athletic Club,0.8,2.2,1.0,2.1,0.9099999999999999,2.0799999999999996,0.5,0.25,0.25,Away Win
2024-01-12,Sevilla,Alaves,0.6,0.4,0.9,0.8,0.8299999999999998,1.1599999999999997,0.42857142857142855,0.42857142857142855,0.14285714285714285,Away Win
2024-01-13,Real Betis,Granada,3.0,0.8,1.3,0.7,1.33,1.1199999999999999,1.0,0.0,0.0,Home Win
2024-01-13,Mallorca,Celta Vigo,1.6,1.6,0.5,1.0,0.9899999999999999,1.4,0.5714285714285714,0.2857142857142857,0.14285714285714285,Draw
2024-01-13,Athletic Club,Real Sociedad,2.6,1.4,2.0,1.3,2.02,1.3299999999999998,0.3333333333333333,0.2222222222222222,0.4444444444444444,Home Win
2024-01-13,Las Palmas,Villarreal,1.4,0.8,1.0,1.6,0.66,1.5500000000000003,1.0,0.0,0.0,Home Win
2024-01-14,Cadiz,Valencia,0.8,1.4,0.6,1.2,0.8300000000000001,1.15,0.42857142857142855,0.42857142857142855,0.14285714285714285,Away Win
2024-01-14,Almeria,Girona,0.4,2.4,0.8,2.6,0.9799999999999999,1.86,0.3333333333333333,0.0,0.6666666666666666,Draw
2024-01-19,Alaves,Cadiz,0.8,0.6,1.0,0.7,1.19,0.8800000000000001,0.2,0.2,0.6,Home Win
2024-01-20,Celta Vigo,Real Sociedad,1.6,1.2,1.1,1.3,1.37,1.3099999999999998,0.1111111111111111,0.2222222222222222,0.6666666666666666,Away Win
2024-01-20,Rayo Vallecano,Las Palmas,0.8,1.4,0.7,1.3,0.95,0.61,1.0,0.0,0.0,Away Win
2024-01-20,Villarreal,Mallorca,0.6,1.6,1.5,0.6,1.6,0.9800000000000001,0.42857142857142855,0.14285714285714285,0.42857142857142855,Draw
2024-01-20,Valencia,Athletic Club,2.0,2.6,1.4,2.2,1.19,2.14,0.1111111111111111,0.5555555555555556,0.3333333333333333,Home Win
2024-01-21,Osasuna,Getafe,1.6,1.4,1.2,1.2,1.19,1.28,0.0,0.4444444444444444,0.5555555555555556,Home Win
2024-01-21,Girona,Sevilla,2.0,0.6,2.1,0.9,1.7,0.93,1.0,0.0,0.0,Home Win
2024-01-21,Real Betis,Barcelona,3.0,2.0,1.3,1.5,1.4500000000000002,2.1899999999999995,1.0,0.0,0.0,Home Win
2024-01-21,Real Madrid,Almeria,2.4,0.4,1.9,0.6,1.46,1.0499999999999998,1.0,0.0,0.0,Home Win
2024-01-22,Granada,Atletico Madrid,0.8,1.4,0.7,1.6,1.06,1.65,0.14285714285714285,0.2857142857142857,0.5714285714285714,Away Win
2024-01-26,Almeria,Alaves,0.4,1.4,0.7,1.0,1.1099999999999999,1.34,0.0,0.0,1.0,Away Win
2024-01-27,Real Sociedad,Rayo Vallecano,1.2,0.8,1.2,0.6,1.19,0.97,0.6,0.4,0.0,Draw
2024-01-27,Mallorca,Betis,1.2,0.4,0.7,0.0,0.93,0.0,1.0,0.0,0.0,Draw
2024-01-27,Barcelona,Villarreal,1.4,0.8,1.4,1.3,2.0599999999999996,1.6300000000000001,0.8888888888888888,0.0,0.1111111111111111,Away Win
2024-01-27,Las Palmas,Real Madrid,1.4,2.4,1.3,2.1,0.59,1.52,0.0,0.0,1.0,Away Win
2024-01-28,Atletico Madrid,Valencia,1.4,2.6,1.5,1.3,1.64,1.09,0.5555555555555556,0.3333333333333333,0.1111111111111111,Home Win
2024-01-28,Sevilla,Osasuna,0.6,2.0,0.9,1.3,0.9099999999999998,1.1,0.4444444444444444,0.3333333333333333,0.2222222222222222,Draw
2024-01-28,Cadiz,Athletic Club,0.4,2.4,0.5,2.0,0.7999999999999999,2.0,0.2857142857142857,0.0,0.7142857142857143,Draw
2024-01-28,Celta Vigo,Girona,1.4,2.0,1.1,2.5,1.3800000000000003,1.8699999999999999,0.3333333333333333,0.3333333333333333,0.3333333333333333,Away Win
2024-01-29,Getafe,Granada,1.4,0.6,1.3,0.5,1.27,0.9099999999999999,0.2857142857142857,0.42857142857142855,0.2857142857142857,Home Win
2024-01-31,Barcelona,Osasuna,1.4,2.0,1.6,1.4,2.13,1.22,0.6666666666666666,0.2222222222222222,0.1111111111111111,Home Win
2024-01-31,Atletico Madrid,Rayo Vallecano,2.0,0.8,1.6,0.4,1.7599999999999998,0.8799999999999999,0.8,0.2,0.0,Home Win
2024-02-01,Getafe,Real Madrid,1.4,3.0,1.5,2.1,1.3800000000000003,1.64,0.1111111111111111,0.1111111111111111,0.7777777777777778,Away Win
2024-02-02,Athletic Club,Mallorca,2.0,1.2,1.7,0.7,1.7900000000000003,1.08,0.2857142857142857,0.5714285714285714,0.14285714285714285,Home Win
2024-02-03,Granada,Las Palmas,0.6,1.2,0.5,1.2,1.05,0.62,0.0,0.0,1.0,Draw
2024-02-03,Girona,Real Sociedad,2.0,1.2,2.2,1.2,1.7399999999999998,1.1199999999999999,0.0,0.6666666666666666,0.3333333333333333,Draw
2024-02-03,Valencia,Almeria,2.4,0.2,1.2,0.7,1.02,1.2,0.0,0.6666666666666666,0.3333333333333333,Home Win
2024-02-03,Alaves,Barcelona,2.0,1.8,1.2,1.6,1.28,2.2,0.0,0.2857142857142857,0.7142857142857143,Away Win
2024-02-04,Real Madrid,Atletico Madrid,3.0,2.4,2.3,1.5,1.6199999999999999,1.4700000000000002,0.4444444444444444,0.3333333333333333,0.2222222222222222,Draw
2024-02-04,Real Betis,Getafe,3.0,0.8,1.5,1.4,1.4900000000000002,1.3400000000000003,0.75,0.25,0.0,Home Win
2024-02-04,Villarreal,Cadiz,1.4,0.4,1.6,0.5,1.6300000000000001,0.7900000000000001,0.2857142857142857,0.42857142857142855,0.2857142857142857,Draw
2024-02-04,Osasuna,Celta Vigo,1.4,0.8,1.2,1.0,1.1800000000000002,1.23,0.4444444444444444,0.3333333333333333,0.2222222222222222,Away Win
2024-02-05,Rayo Vallecano,Sevilla,0.8,0.2,0.5,0.9,0.9099999999999999,0.9200000000000002,0.2,0.6,0.2,Away Win
2024-02-09,Cadiz,Betis,0.4,0.6,0.5,0.0,0.74,0.0,0.3333333333333333,0.6666666666666666,0.0,Draw
2024-02-10,Real Madrid,Girona,2.6,2.2,1.9,2.0,1.64,1.3599999999999999,0.3333333333333333,0.3333333333333333,0.3333333333333333,Home Win
2024-02-10,Real Sociedad,Osasuna,1.2,1.4,0.9,1.1,0.9400000000000001,1.19,0.6666666666666666,0.3333333333333333,0.0,Away Win
2024-02-10,Alaves,Villarreal,2.0,1.0,1.2,1.5,1.2100000000000002,1.67,0.2857142857142857,0.14285714285714285,0.5714285714285714,Draw
2024-02-10,Las Palmas,Valencia,1.4,2.4,1.2,1.3,0.6799999999999999,0.99,0.0,0.0,1.0,Home Win
2024-02-11,Sevilla,Atletico Madrid,0.8,2.0,1.0,1.5,0.9900000000000002,1.41,0.2222222222222222,0.3333333333333333,0.4444444444444444,Home Win
2024-02-11,Mallorca,Rayo Vallecano,0.6,0.8,0.7,0.5,1.01,0.9199999999999999,0.6,0.2,0.2,Home Win
2024-02-11,Barcelona,Granada,1.8,0.8,1.7,0.5,2.1599999999999997,0.89,0.2857142857142857,0.42857142857142855,0.2857142857142857,Draw
2024-02-11,Getafe,Celta Vigo,0.6,1.4,1.3,1.0,1.11,1.13,0.3333333333333333,0.4444444444444444,0.2222222222222222,Home Win
2024-02-12,Almeria,Athletic Club,0.2,2.0,0.7,1.7,1.35,1.4999999999999998,0.0,0.0,1.0,Draw
2024-02-16,Villarreal,Getafe,1.2,1.2,1.3,1.4,1.5499999999999998,1.2000000000000002,0.7777777777777778,0.2222222222222222,0.0,Draw
2024-02-17,Atletico Madrid,Las Palmas,2.0,2.0,1.5,1.4,1.5,0.8099999999999999,0.0,0.0,1.0,Home Win
2024-02-17,Osasuna,Cadiz,1.4,0.6,1.1,0.4,1.14,0.7899999999999999,0.8571428571428571,0.14285714285714285,0.0,Home Win
2024-02-17,Celta Vigo,Barcelona,0.8,1.4,1.2,1.9,1.17,2.29,0.2222222222222222,0.2222222222222222,0.5555555555555556,Away Win
2024-02-17,Valencia,Sevilla,1.8,1.4,1.3,1.0,0.99,0.9099999999999999,0.1111111111111111,0.3333333333333333,0.5555555555555556,Draw
2024-02-18,Rayo Vallecano,Real Madrid,0.2,2.6,0.5,2.0,1.01,1.8,0.2,0.2,0.6,Draw
2024-02-18,Real Betis,Alaves,3.0,2.0,1.5,1.0,1.5500000000000003,1.31,1.0,0.0,0.0,Draw
2024-02-18,Granada,Almeria,0.4,0.4,0.7,0.6,0.9199999999999999,1.2600000000000002,0.0,1.0,0.0,Draw
2024-02-18,Mallorca,Real Sociedad,1.2,1.0,0.8,0.7,0.9900000000000002,1.02,0.0,0.14285714285714285,0.8571428571428571,Away Win
2024-02-19,Athletic Club,Girona,1.6,1.6,1.6,1.9,1.42,1.26,0.0,0.3333333333333333,0.6666666666666666,Home Win
2024-02-23,Real Sociedad,Villarreal,1.6,1.4,0.8,1.3,0.96,1.5499999999999998,0.4444444444444444,0.2222222222222222,0.3333333333333333,Away Win
2024-02-24,Almeria,Atletico Madrid,0.4,2.0,0.7,1.8,1.1600000000000001,1.6299999999999997,0.0,0.3333333333333333,0.6666666666666666,Draw
2024-02-24,Alaves,Mallorca,1.6,1.0,1.0,0.9,1.28,0.9199999999999999,0.2,0.2,0.6,Draw
2024-02-24,Barcelona,Getafe,2.0,1.4,2.0,1.5,2.18,1.1900000000000002,0.5555555555555556,0.3333333333333333,0.1111111111111111,Home Win
2024-02-25,Real Betis,Athletic Club,2.6,1.6,1.4,1.5,1.45,1.47,0.5,0.5,0.0,Home Win
2024-02-25,Cadiz,Celta Vigo,0.6,0.6,0.3,1.2,0.8100000000000002,1.01,0.2857142857142857,0.42857142857142855,0.2857142857142857,Draw
2024-02-25,Real Madrid,Sevilla,2.2,1.6,1.9,1.0,1.73,0.85,0.7777777777777778,0.2222222222222222,0.0,Home Win
2024-02-25,Las Palmas,Osasuna,1.4,1.4,1.2,1.2,0.7300000000000001,1.27,0.0,1.0,0.0,Draw
2024-02-26,Girona,Rayo Vallecano,1.4,0.4,1.9,0.6,1.31,1.0699999999999998,0.3333333333333333,0.6666666666666666,0.0,Home Win
2024-03-01,Celta Vigo,Almeria,0.8,0.6,1.4,0.8,1.0699999999999998,1.08,0.3333333333333333,0.3333333333333333,0.3333333333333333,Home Win
2024-03-02,Valencia,Real Madrid,1.4,2.2,1.2,2.0,0.99,1.83,0.2222222222222222,0.1111111111111111,0.6666666666666666,Draw
2024-03-02,Getafe,Las Palmas,0.8,1.0,1.4,1.2,1.1700000000000002,0.76,0.0,0.0,1.0,Draw
2024-03-02,Sevilla,Real Sociedad,1.6,1.0,1.0,0.6,0.8300000000000001,0.96,0.3333333333333333,0.3333333333333333,0.3333333333333333,Home Win
2024-03-02,Rayo Vallecano,Cadiz,0.2,0.8,0.6,0.4,1.0,0.9400000000000001,0.4,0.2,0.4,Draw
2024-03-03,Atletico Madrid,Betis,1.6,0.8,2.0,0.0,1.7399999999999998,0.0,1.0,0.0,0.0,Home Win
2024-03-03,Athletic Club,Barcelona,1.6,2.6,1.4,2.2,1.3599999999999999,2.12,0.1111111111111111,0.1111111111111111,0.7777777777777778,Draw
2024-03-03,Villarreal,Granada,1.8,0.6,1.6,0.8,1.4299999999999997,1.1099999999999999,0.5714285714285714,0.42857142857142855,0.0,Home Win
2024-03-03,Mallorca,Girona,1.0,1.4,0.9,1.8,1.0900000000000003,1.28,0.0,0.3333333333333333,0.6666666666666666,Home Win
2024-03-04,Osasuna,Alaves,1.4,1.2,1.2,1.1,1.18,1.1400000000000001,0.8571428571428571,0.14285714285714285,0.0,Home Win
2024-03-08,Barcelona,Mallorca,2.2,1.4,2.1,1.0,1.8699999999999999,1.02,0.8571428571428571,0.14285714285714285,0.0,Home Win
2024-03-09,Granada,Real Sociedad,0.6,0.8,0.8,0.8,1.09,1.0,0.2857142857142857,0.0,0.7142857142857143,Away Win
2024-03-09,Cadiz,Atletico Madrid,0.8,1.6,0.4,1.9,0.8800000000000001,1.8399999999999999,0.14285714285714285,0.0,0.8571428571428571,Home Win
2024-03-09,Valencia,Getafe,1.0,1.0,1.4,1.4,1.09,1.1600000000000001,0.2222222222222222,0.3333333333333333,0.4444444444444444,Home Win
2024-03-09,Girona,Osasuna,0.8,2.0,1.5,1.2,1.2100000000000002,1.16,0.3333333333333333,0.3333333333333333,0.3333333333333333,Home Win
2024-03-10,Alaves,Rayo Vallecano,0.6,0.4,1.1,0.7,1.17,0.9999999999999998,0.3333333333333333,0.0,0.6666666666666666,Home Win
2024-03-10,Real Madrid,Celta Vigo,1.8,1.4,1.8,1.4,1.8199999999999998,1.0799999999999998,0.8888888888888888,0.1111111111111111,0.0,Home Win
2024-03-10,Real Betis,Villarreal,2.6,1.8,1.4,2.0,1.41,1.5499999999999998,0.5,0.5,0.0,Home Win
2024-03-10,Las Palmas,Athletic Club,1.2,1.6,1.4,1.2,0.85,1.1600000000000001,0.0,0.0,1.0,Away Win
2024-03-11,Almeria,Sevilla,0.6,2.0,0.8,1.0,1.06,0.9800000000000001,0.3333333333333333,0.0,0.6666666666666666,Draw
2024-03-15,Real Sociedad,Cadiz,1.2,1.2,1.1,0.6,1.16,0.89,0.7142857142857143,0.2857142857142857,0.0,Home Win
2024-03-16,Getafe,Girona,1.0,1.2,1.1,1.7,1.09,1.4000000000000001,0.3333333333333333,0.0,0.6666666666666666,Home Win
2024-03-16,Athletic Club,Alaves,1.6,1.2,1.3,1.2,0.93,1.17,0.42857142857142855,0.2857142857142857,0.2857142857142857,Home Win
2024-03-16,Osasuna,Real Madrid,2.0,2.2,1.0,2.1,1.02,2.1,0.0,0.3333333333333333,0.6666666666666666,Away Win
2024-03-16,Mallorca,Granada,1.4,0.6,0.7,1.0,0.97,1.21,0.0,0.0,1.0,Home Win
2024-03-17,Villarreal,Valencia,1.6,1.6,1.7,1.4,1.31,1.12,0.4444444444444444,0.1111111111111111,0.4444444444444444,Home Win
2024-03-17,Las Palmas,Almeria,1.0,0.8,1.4,0.8,0.9400000000000001,1.1,1.0,0.0,0.0,Away Win
2024-03-17,Sevilla,Celta Vigo,1.6,0.8,1.2,1.2,1.19,1.03,0.3333333333333333,0.5555555555555556,0.1111111111111111,Away Win
2024-03-17,Rayo Vallecano,Betis,0.4,0.6,0.7,0.0,1.0299999999999998,0.0,1.0,0.0,0.0,Home Win
2024-03-17,Atletico Madrid,Barcelona,1.4,2.2,1.8,1.9,1.8399999999999999,1.7299999999999998,0.2222222222222222,0.2222222222222222,0.5555555555555556,Away Win
2024-03-29,Cadiz,Granada,1.0,0.4,0.6,1.0,0.89,1.16,0.2,0.6,0.2,Home Win
2024-03-30,Barcelona,Las Palmas,2.6,0.4,2.0,1.3,1.64,0.96,1.0,0.0,0.0,Home Win
2024-03-30,Getafe,Sevilla,1.0,1.0,1.2,1.3,1.17,1.29,0.2222222222222222,0.0,0.7777777777777778,Away Win
2024-03-30,Almeria,Osasuna,1.2,1.4,0.9,1.1,1.1600000000000001,0.9599999999999997,0.0,0.0,1.0,Away Win
2024-03-30,Valencia,Mallorca,1.0,1.4,1.3,0.8,1.2,1.0699999999999998,0.2857142857142857,0.2857142857142857,0.42857142857142855,Draw
2024-03-31,Real Madrid,Athletic Club,2.2,2.0,2.4,1.3,2.2199999999999998,0.97,0.7777777777777778,0.2222222222222222,0.0,Home Win
2024-03-31,Alaves,Real Sociedad,1.0,1.8,1.1,1.2,1.2,1.23,0.14285714285714285,0.42857142857142855,0.42857142857142855,Away Win
2024-03-31,Celta Vigo,Rayo Vallecano,1.4,1.0,1.2,0.7,0.9199999999999999,0.9099999999999999,0.4,0.6,0.0,Draw
2024-03-31,Girona,Betis,1.2,0.4,1.3,0.0,1.35,0.0,1.0,0.0,0.0,Home Win
2024-04-01,Villarreal,Atletico Madrid,2.0,1.4,1.7,1.5,1.46,1.69,0.1111111111111111,0.5555555555555556,0.3333333333333333,Away Win
2024-04-04,Granada,Valencia,0.2,1.2,0.8,1.0,0.9099999999999999,1.0699999999999998,0.14285714285714285,0.2857142857142857,0.5714285714285714,Away Win
2024-04-12,Real Betis,Celta Vigo,2.6,1.6,1.4,1.1,1.3900000000000001,0.9400000000000001,0.75,0.25,0.0,Home Win
2024-04-13,Rayo Vallecano,Getafe,1.0,0.8,0.7,1.0,0.8099999999999999,1.19,0.4,0.6,0.0,Draw
2024-04-13,Cadiz,Barcelona,1.6,2.6,0.6,2.1,0.9400000000000001,1.8099999999999998,0.2857142857142857,0.2857142857142857,0.42857142857142855,Away Win
2024-04-13,Atletico Madrid,Girona,1.4,1.8,1.6,1.6,1.7,1.58,0.6666666666666666,0.0,0.3333333333333333,Home Win
2024-04-13,Mallorca,Real Madrid,1.6,2.6,0.7,2.3,0.9800000000000001,2.11,0.2857142857142857,0.0,0.7142857142857143,Away Win
2024-04-14,Las Palmas,Sevilla,0.4,1.4,1.0,1.2,0.9100000000000001,1.15,0.0,0.0,1.0,Away Win
2024-04-14,Real Sociedad,Almeria,1.8,1.0,1.2,0.9,1.2100000000000002,1.07,1.0,0.0,0.0,Draw
2024-04-14,Athletic Club,Villarreal,1.4,1.8,1.1,1.8,0.8400000000000001,1.3400000000000003,0.4444444444444444,0.4444444444444444,0.1111111111111111,Draw
2024-04-14,Granada,Alaves,0.0,0.8,0.8,0.8,0.97,1.03,0.7142857142857143,0.0,0.2857142857142857,Home Win
2024-04-15,Osasuna,Valencia,1.4,1.6,1.1,0.7,0.9400000000000001,0.9200000000000002,0.4444444444444444,0.1111111111111111,0.4444444444444444,Away Win
2024-04-19,Athletic Club,Granada,1.6,0.6,1.2,1.0,0.86,1.04,0.2857142857142857,0.2857142857142857,0.42857142857142855,Draw
2024-04-20,Girona,Cadiz,1.2,1.4,1.2,0.6,1.59,1.0100000000000002,0.3333333333333333,0.3333333333333333,0.3333333333333333,Home Win
2024-04-20,Rayo Vallecano,Osasuna,1.2,1.2,0.7,1.0,0.9,1.01,0.2,0.0,0.8,Home Win
2024-04-20,Valencia,Betis,2.0,0.4,0.7,0.0,0.85,0.0,0.5,0.5,0.0,Home Win
2024-04-20,Celta Vigo,Las Palmas,1.4,0.2,1.1,0.8,0.9100000000000001,0.85,0.0,0.0,1.0,Home Win
2024-04-21,Almeria,Villarreal,1.0,1.4,0.9,1.8,1.1400000000000001,1.3599999999999999,0.0,0.0,1.0,Away Win
2024-04-21,Getafe,Real Sociedad,1.0,2.0,0.8,1.3,1.09,1.28,0.3333333333333333,0.2222222222222222,0.4444444444444444,Draw
2024-04-21,Real Madrid,Barcelona,2.6,2.6,2.2,1.9,2.0300000000000002,1.6799999999999997,0.6666666666666666,0.1111111111111111,0.2222222222222222,Home Win
2024-04-21,Alaves,Atletico Madrid,0.6,1.8,0.7,1.7,0.86,1.6900000000000002,0.14285714285714285,0.14285714285714285,0.7142857142857143,Home Win
2024-04-22,Sevilla,Mallorca,2.0,1.4,1.3,0.6,1.29,1.0,0.5714285714285714,0.2857142857142857,0.14285714285714285,Home Win
2024-04-26,Real Sociedad,Real Madrid,2.2,3.0,1.4,2.3,1.3800000000000001,2.06,0.1111111111111111,0.3333333333333333,0.5555555555555556,Away Win
2024-04-27,Almeria,Getafe,1.0,1.0,1.0,0.9,1.18,1.06,0.6666666666666666,0.0,0.3333333333333333,Away Win
2024-04-27,Atletico Madrid,Athletic Club,1.2,1.6,1.5,1.3,1.6800000000000002,0.99,0.4444444444444444,0.2222222222222222,0.3333333333333333,Home Win
2024-04-27,Alaves,Celta Vigo,1.2,1.4,0.6,1.5,0.72,1.25,0.14285714285714285,0.14285714285714285,0.7142857142857143,Home Win
2024-04-27,Las Palmas,Girona,0.0,1.8,0.8,1.5,0.8800000000000001,1.7100000000000002,0.0,0.0,1.0,Away Win
2024-04-28,Real Betis,Sevilla,2.6,2.0,1.4,1.4,1.2899999999999998,1.3199999999999998,0.75,0.25,0.0,Home Win
2024-04-28,Villarreal,Rayo Vallecano,1.4,1.6,1.5,0.8,1.31,0.9099999999999999,0.4,0.2,0.4,Home Win
2024-04-28,Cadiz,Mallorca,1.2,0.8,0.7,0.7,1.1300000000000001,0.9199999999999999,0.2,0.4,0.4,Draw
2024-04-28,Granada,Osasuna,0.8,0.6,1.1,1.1,0.8699999999999999,0.96,0.42857142857142855,0.14285714285714285,0.42857142857142855,Home Win
2024-04-29,Barcelona,Valencia,2.4,2.0,2.0,0.8,1.6299999999999997,0.9099999999999999,0.6666666666666666,0.2222222222222222,0.1111111111111111,Home Win
2024-05-03,Getafe,Athletic Club,1.6,1.0,1.2,1.0,1.23,0.9199999999999999,0.1111111111111111,0.7777777777777778,0.1111111111111111,Away Win
2024-05-04,Girona,Barcelona,1.8,2.4,1.7,2.1,1.83,1.73,0.3333333333333333,0.3333333333333333,0.3333333333333333,Home Win
2024-05-04,Mallorca,Atletico Madrid,1.0,1.8,0.8,1.7,0.97,1.65,0.42857142857142855,0.0,0.5714285714285714,Away Win
2024-05-04,Real Sociedad,Las Palmas,1.6,0.0,1.4,0.7,1.38,0.9400000000000001,0.0,1.0,0.0,Home Win
2024-05-04,Real Madrid,Cadiz,3.0,0.8,2.3,0.8,1.9099999999999997,1.1,0.5714285714285714,0.2857142857142857,0.14285714285714285,Home Win
2024-05-05,Valencia,Alaves,2.0,1.2,0.8,0.8,0.9800000000000001,0.85,0.2857142857142857,0.42857142857142855,0.2857142857142857,Away Win
2024-05-05,Celta Vigo,Villarreal,1.4,2.0,1.2,1.8,1.1599999999999997,1.33,0.2222222222222222,0.2222222222222222,0.5555555555555556,Home Win
2024-05-05,Osasuna,Betis,0.6,0.2,1.1,0.0,0.93,0.0,0.5,0.5,0.0,Draw
2024-05-05,Rayo Vallecano,Almeria,1.6,0.8,0.7,1.0,0.8300000000000001,1.23,0.6666666666666666,0.0,0.3333333333333333,Away Win
2024-05-05,Sevilla,Granada,1.8,1.4,1.2,1.3,1.19,1.1199999999999999,0.7142857142857143,0.0,0.2857142857142857,Home Win
2024-05-10,Alaves,Girona,1.8,2.4,0.8,2.1,0.75,1.98,0.0,0.0,1.0,Draw
2024-05-11,Villarreal,Sevilla,1.4,2.4,1.9,1.4,1.27,1.2599999999999998,0.2222222222222222,0.4444444444444444,0.3333333333333333,Home Win
2024-05-11,Mallorca,Las Palmas,0.4,0.0,0.6,0.5,0.8999999999999998,0.86,0.0,1.0,0.0,Home Win
2024-05-11,Athletic Club,Osasuna,1.0,0.8,1.2,1.0,0.9099999999999999,0.9600000000000002,0.4444444444444444,0.2222222222222222,0.3333333333333333,Draw
2024-05-11,Granada,Real Madrid,1.4,3.0,1.0,2.2,1.02,1.8199999999999998,0.0,0.0,1.0,Away Win
2024-05-12,Cadiz,Getafe,0.8,1.0,0.8,0.9,1.11,1.47,0.14285714285714285,0.42857142857142855,0.42857142857142855,Home Win
2024-05-12,Atletico Madrid,Celta Vigo,2.4,1.4,1.8,1.3,1.57,1.43,0.6666666666666666,0.3333333333333333,0.0,Home Win
2024-05-12,Real Betis,Almeria,2.6,0.8,1.4,1.1,1.3299999999999998,1.1800000000000002,1.0,0.0,0.0,Home Win
2024-05-12,Valencia,Rayo Vallecano,1.8,1.0,0.8,0.6,1.02,0.8099999999999999,0.2,0.6,0.2,Draw
2024-05-13,Barcelona,Real Sociedad,1.8,1.6,2.0,1.6,1.7600000000000002,1.2899999999999998,0.7777777777777778,0.1111111111111111,0.1111111111111111,Home Win
2024-05-14,Osasuna,Mallorca,0.4,0.8,1.0,0.6,0.86,0.9199999999999999,0.2857142857142857,0.42857142857142855,0.2857142857142857,Draw
2024-05-14,Real Madrid,Alaves,3.0,2.0,2.5,1.0,1.8599999999999999,0.9199999999999999,0.8571428571428571,0.0,0.14285714285714285,Home Win
2024-05-14,Girona,Villarreal,2.0,2.0,2.1,2.1,1.94,1.46,0.3333333333333333,0.0,0.6666666666666666,Away Win
2024-05-15,Sevilla,Cadiz,1.8,0.8,1.6,0.9,1.4299999999999997,1.2100000000000002,0.7142857142857143,0.2857142857142857,0.0,Away Win
2024-05-15,Celta Vigo,Athletic Club,1.2,1.2,1.2,1.1,1.39,0.8699999999999999,0.4444444444444444,0.2222222222222222,0.3333333333333333,Home Win
2024-05-15,Getafe,Atletico Madrid,1.0,2.4,0.8,1.4,1.44,1.36,0.0,0.3333333333333333,0.6666666666666666,Away Win
2024-05-15,Rayo Vallecano,Granada,1.0,1.4,0.5,0.9,0.76,0.9200000000000002,0.6666666666666666,0.3333333333333333,0.0,Home Win
2024-05-16,Las Palmas,Betis,0.0,0.2,0.5,0.0,0.8300000000000001,0.0,0.0,0.0,0.0,Home Win
2024-05-16,Almeria,Barcelona,0.8,1.8,1.0,2.0,1.04,1.8200000000000003,0.3333333333333333,0.0,0.6666666666666666,Away Win
2024-05-16,Real Sociedad,Valencia,1.0,1.4,1.4,0.8,1.2499999999999998,1.0500000000000003,0.2222222222222222,0.5555555555555556,0.2222222222222222,Home Win
2024-05-18,Alaves,Getafe,2.0,0.8,0.9,0.8,1.0,1.45,0.0,0.8571428571428571,0.14285714285714285,Home Win
2024-05-19,Athletic Club,Sevilla,1.0,1.2,1.2,1.6,0.8899999999999999,1.48,0.3333333333333333,0.2222222222222222,0.4444444444444444,Home Win
2024-05-19,Mallorca,Almeria,1.0,0.6,0.6,0.8,0.8,1.08,0.3333333333333333,0.3333333333333333,0.3333333333333333,Draw
2024-05-19,Cadiz,Las Palmas,1.4,0.6,0.8,0.6,1.24,0.9899999999999999,0.0,1.0,0.0,Draw
2024-05-19,Valencia,Girona,0.8,2.0,0.6,1.8,1.02,1.8800000000000003,0.3333333333333333,0.0,0.6666666666666666,Away Win
2024-05-19,Barcelona,Rayo Vallecano,1.8,1.4,1.8,0.7,1.6700000000000004,0.96,0.0,0.4,0.6,Home Win
2024-05-19,Villarreal,Real Madrid,2.4,3.0,1.9,2.9,1.42,2.01,0.2222222222222222,0.4444444444444444,0.3333333333333333,Draw
2024-05-19,Atletico Madrid,Osasuna,2.4,0.6,1.5,1.0,1.3400000000000003,0.8299999999999998,1.0,0.0,0.0,Away Win
2024-05-19,Real Betis,Real Sociedad,3.0,1.4,1.6,1.4,1.28,1.23,0.5,0.5,0.0,Draw
2024-05-19,Granada,Celta Vigo,0.8,1.8,0.9,1.2,0.99,1.39,0.14285714285714285,0.42857142857142855,0.42857142857142855,Away Win
2024-05-24,Girona,Granada,2.0,0.6,2.1,0.8,2.0400000000000005,1.01,1.0,0.0,0.0,Home Win
2024-05-25,Almeria,Cadiz,0.8,1.6,1.0,0.7,1.1099999999999999,1.23,0.0,1.0,0.0,Home Win
2024-05-25,Rayo Vallecano,Athletic Club,0.8,1.4,0.6,1.4,1.02,1.0099999999999998,0.2,0.2,0.6,Away Win
2024-05-25,Osasuna,Villarreal,1.2,2.0,1.3,1.8,0.9099999999999999,1.39,0.4444444444444444,0.0,0.5555555555555556,Draw
2024-05-25,Real Madrid,Betis,2.6,0.2,3.1,0.0,1.89,0.0,0.25,0.75,0.0,Draw
2024-05-25,Real Sociedad,Atletico Madrid,1.4,2.4,1.2,1.4,1.08,1.2,0.1111111111111111,0.3333333333333333,0.5555555555555556,Away Win
2024-05-26,Las Palmas,Alaves,0.8,2.0,0.3,1.0,0.89,1.02,1.0,0.0,0.0,Draw
2024-05-26,Getafe,Mallorca,0.6,1.2,0.5,0.7,1.25,0.9800000000000001,0.5714285714285714,0.2857142857142857,0.14285714285714285,Away Win
2024-05-26,Sevilla,Barcelona,0.6,2.4,1.3,2.1,1.3699999999999999,1.7299999999999998,0.0,0.3333333333333333,0.6666666666666666,Away Win
2024-05-26,Celta Vigo,Valencia,1.8,0.2,1.3,0.6,1.41,1.2600000000000002,0.2222222222222222,0.1111111111111111,0.6666666666666666,Draw
2024-08-15,Athletic Club,Getafe,2.0,0.0,1.3,0.6,0.99,1.2100000000000002,0.2,0.7,0.1,Draw
2024-08-15,Real Betis,Girona,2.6,2.0,1.5,2.6,1.3,2.31,1.0,0.0,0.0,Home Win
2024-08-16,Celta Vigo,Alaves,2.0,1.6,1.5,1.0,1.48,1.21,0.625,0.125,0.25,Home Win
2024-08-16,Las Palmas,Sevilla,1.0,0.6,0.4,1.2,0.8699999999999999,1.28,0.0,0.0,1.0,Draw
2024-08-17,Osasuna,Leganes,1.4,2.2,1.4,0.8,0.9800000000000001,1.11,1.0,0.0,0.0,Draw
2024-08-17,Valencia,Barcelona,0.4,2.4,0.8,2.2,1.35,1.6600000000000001,0.1,0.2,0.7,Away Win
2024-08-18,Real Sociedad,Rayo Vallecano,1.4,0.8,0.9,0.6,0.9299999999999999,1.0699999999999998,0.5,0.5,0.0,Away Win
2024-08-18,Mallorca,Real Madrid,1.6,2.2,0.9,2.7,1.06,1.65,0.25,0.0,0.75,Draw
2024-08-19,Valladolid,Espanyol,1.0,1.2,1.0,1.7,1.2999999999999998,1.47,0.75,0.0,0.25,Home Win
2024-08-19,Villarreal,Atletico Madrid,1.6,2.4,1.9,1.6,1.5499999999999998,1.33,0.1,0.5,0.4,Draw
2024-08-23,Celta Vigo,Valencia,2.0,0.4,1.5,0.9,1.4,1.3,0.2,0.2,0.6,Home Win
2024-08-23,Sevilla,Villarreal,0.2,1.8,1.3,2.0,1.2900000000000003,1.43,0.3,0.4,0.3,Away Win
2024-08-24,Barcelona,Athletic Club,3.0,1.6,2.1,1.2,1.83,0.8500000000000002,0.7,0.2,0.1,Home Win
2024-08-24,Espanyol,Real Sociedad,1.2,0.8,1.7,0.8,1.5399999999999998,0.8499999999999999,0.16666666666666666,0.0,0.8333333333333334,Away Win
2024-08-24,Osasuna,Mallorca,1.4,1.8,1.3,0.9,1.08,1.0,0.25,0.5,0.25,Home Win
2024-08-24,Getafe,Rayo Vallecano,0.2,1.4,0.6,0.6,1.1700000000000004,1.1099999999999999,0.0,0.6666666666666666,0.3333333333333333,Draw
2024-08-25,Leganes,Las Palmas,1.8,1.2,0.9,0.6,1.1300000000000001,0.9199999999999999,0.0,0.0,0.0,Home Win
2024-08-25,Alaves,Betis,1.0,0.4,1.1,0.0,1.2399999999999998,0.0,0.5,0.5,0.0,Draw
2024-08-25,Real Madrid,Valladolid,1.8,1.6,2.4,0.9,1.4200000000000002,1.16,0.8333333333333334,0.16666666666666666,0.0,Home Win
2024-08-25,Atletico Madrid,Girona,2.0,1.4,1.8,2.6,1.3599999999999999,2.13,0.75,0.0,0.25,Home Win
2024-08-26,Villarreal,Celta Vigo,1.8,2.6,2.1,1.8,1.44,1.45,0.5,0.2,0.3,Home Win
2024-08-27,Mallorca,Sevilla,1.2,0.2,0.9,1.3,0.97,1.31,0.125,0.25,0.625,Draw
2024-08-27,Rayo Vallecano,Barcelona,1.4,3.0,0.6,2.2,1.0699999999999998,1.8400000000000003,0.5,0.3333333333333333,0.16666666666666666,Away Win
2024-08-28,Athletic Club,Valencia,1.4,0.2,1.3,0.9,0.9200000000000002,1.35,0.3,0.5,0.2,Home Win
2024-08-28,Real Sociedad,Alaves,1.4,1.0,0.8,1.1,0.8299999999999998,1.23,0.5,0.375,0.125,Away Win
2024-08-28,Valladolid,Leganes,1.6,2.2,0.8,1.0,1.0900000000000003,1.15,0.5,0.5,0.0,Draw
2024-08-28,Atletico Madrid,Espanyol,2.0,0.6,1.9,1.7,1.3499999999999999,1.5699999999999998,0.5,0.5,0.0,Draw
2024-08-29,Girona,Osasuna,1.2,1.8,2.3,1.1,1.94,1.0399999999999998,0.5,0.25,0.25,Home Win
2024-08-29,Las Palmas,Real Madrid,1.2,1.8,0.7,2.5,0.9800000000000001,1.52,0.0,0.0,1.0,Draw
2024-08-31,Espanyol,Rayo Vallecano,0.6,0.8,1.5,0.7,1.5399999999999996,1.01,0.25,0.0,0.75,Home Win
2024-08-31,Athletic Club,Atletico Madrid,2.0,1.6,1.3,1.6,0.99,1.35,0.3,0.2,0.5,Away Win
2024-08-31,Valencia,Villarreal,0.2,1.8,0.8,2.4,1.34,1.59,0.4,0.1,0.5,Draw
2024-08-31,Leganes,Mallorca,1.8,1.2,1.0,0.9,1.05,1.0,0.5,0.5,0.0,Away Win
2024-08-31,Barcelona,Valladolid,3.0,1.2,2.3,0.7,1.8900000000000001,1.11,0.8333333333333334,0.0,0.16666666666666666,Home Win
2024-09-01,Getafe,Real Sociedad,0.4,0.8,0.6,0.7,1.06,0.78,0.3,0.3,0.4,Draw
2024-09-01,Real Madrid,Betis,1.4,0.6,2.5,0.0,1.6199999999999999,0.0,0.2,0.8,0.0,Home Win
2024-09-01,Osasuna,Celta Vigo,1.6,2.0,1.1,2.1,0.85,1.72,0.4,0.3,0.3,Home Win
2024-09-01,Sevilla,Girona,0.4,1.8,1.1,2.6,1.17,1.9399999999999995,0.0,0.0,1.0,Away Win
2024-09-01,Alaves,Las Palmas,1.6,0.8,1.3,0.8,1.3599999999999999,1.05,0.0,0.5,0.5,Home Win
2024-09-13,Real Betis,Leganes,2.6,1.2,1.5,0.9,1.2600000000000002,0.9199999999999999,1.0,0.0,0.0,Home Win
2024-09-14,Mallorca,Villarreal,1.6,1.8,0.9,2.3,1.03,1.48,0.375,0.25,0.375,Away Win
2024-09-14,Sevilla,Getafe,0.4,0.6,0.9,0.6,1.15,1.09,0.8,0.0,0.2,Home Win
2024-09-14,Espanyol,Alaves,1.0,1.6,1.6,1.3,1.4599999999999997,1.52,0.5,0.25,0.25,Home Win
2024-09-14,Real Sociedad,Real Madrid,0.8,1.8,0.6,2.4,0.66,1.6299999999999997,0.1,0.3,0.6,Away Win
2024-09-15,Girona,Barcelona,1.8,3.0,2.4,2.8,1.9199999999999995,2.2199999999999998,0.5,0.25,0.25,Away Win
2024-09-15,Las Palmas,Athletic Club,0.6,1.4,0.7,1.2,1.02,0.8700000000000001,0.0,0.0,1.0,Away Win
2024-09-15,Atletico Madrid,Valencia,2.2,0.4,1.7,0.8,1.4299999999999997,1.34,0.6,0.3,0.1,Home Win
2024-09-15,Celta Vigo,Valladolid,1.4,1.0,1.9,0.5,1.4900000000000002,0.9799999999999999,0.16666666666666666,0.6666666666666666,0.16666666666666666,Home Win
2024-09-16,Rayo Vallecano,Osasuna,0.8,1.6,0.6,1.3,1.09,0.89,0.3333333333333333,0.0,0.6666666666666666,Home Win
2024-09-17,Mallorca,Real Sociedad,1.0,0.8,0.9,0.6,0.9700000000000001,0.71,0.0,0.125,0.875,Home Win
2024-09-18,Real Betis,Getafe,2.6,0.6,1.5,0.5,1.3599999999999999,1.1400000000000001,0.8,0.2,0.0,Home Win
2024-09-19,Leganes,Athletic Club,1.0,1.4,0.9,1.4,0.8400000000000001,0.9400000000000001,0.5,0.5,0.0,Away Win
2024-09-20,Alaves,Sevilla,1.4,1.0,1.2,1.0,1.48,1.29,0.25,0.375,0.375,Home Win
2024-09-21,Real Madrid,Espanyol,2.2,1.4,2.5,1.7,1.8199999999999998,1.5199999999999998,0.8333333333333334,0.0,0.16666666666666666,Home Win
2024-09-21,Valladolid,Real Sociedad,0.8,0.8,0.5,0.4,0.9700000000000001,0.71,0.3333333333333333,0.3333333333333333,0.3333333333333333,Draw
2024-09-21,Valencia,Girona,0.2,1.2,0.6,2.3,1.14,1.8599999999999999,0.25,0.0,0.75,Home Win
2024-09-21,Osasuna,Las Palmas,1.4,0.4,1.4,0.9,0.8400000000000001,1.0,0.0,1.0,0.0,Home Win
2024-09-22,Rayo Vallecano,Atletico Madrid,1.4,2.2,0.9,1.7,1.15,1.6600000000000001,0.0,0.16666666666666666,0.8333333333333334,Draw
2024-09-22,Getafe,Leganes,0.6,0.8,0.2,0.8,0.97,0.89,1.0,0.0,0.0,Draw
2024-09-22,Villarreal,Barcelona,2.2,3.0,2.2,2.8,1.52,2.1900000000000004,0.2,0.0,0.8,Away Win
2024-09-22,Athletic Club,Celta Vigo,1.8,1.8,1.4,2.2,1.0100000000000002,1.65,0.3,0.2,0.5,Home Win
2024-09-23,Real Betis,Mallorca,2.6,1.4,1.6,1.0,1.46,1.0699999999999998,1.0,0.0,0.0,Home Win
2024-09-24,Sevilla,Valladolid,0.8,0.4,0.8,0.5,1.17,0.8700000000000001,0.3333333333333333,0.6666666666666666,0.0,Home Win
2024-09-24,Valencia,Osasuna,0.8,1.8,0.8,1.6,1.09,0.95,0.5,0.1,0.4,Draw
2024-09-24,Real Madrid,Alaves,2.6,2.0,2.6,1.3,2.03,1.51,0.875,0.0,0.125,Home Win
2024-09-25,Barcelona,Getafe,3.0,0.6,3.1,0.3,2.32,0.67,0.6,0.3,0.1,Home Win
2024-09-25,Girona,Rayo Vallecano,1.2,1.0,1.9,1.0,1.72,1.18,0.5,0.5,0.0,Draw
2024-09-26,Las Palmas,Betis,0.2,0.6,1.0,0.0,1.03,0.0,1.0,0.0,0.0,Home Win
2024-09-26,Espanyol,Villarreal,1.4,2.0,1.6,2.1,1.2799999999999998,1.6800000000000002,0.16666666666666666,0.16666666666666666,0.6666666666666666,Away Win
2024-09-26,Celta Vigo,Atletico Madrid,1.2,2.2,2.0,1.7,1.3900000000000001,1.64,0.0,0.3,0.7,Away Win
2024-09-27,Valladolid,Mallorca,0.4,1.4,0.6,0.9,0.8699999999999999,1.04,0.5,0.25,0.25,Away Win
2024-09-28,Osasuna,Barcelona,1.4,3.0,1.4,3.0,0.9,2.3,0.1,0.2,0.7,Home Win
2024-09-28,Real Sociedad,Valencia,0.4,1.0,0.4,0.8,0.78,1.0299999999999998,0.3,0.5,0.2,Home Win
2024-09-28,Getafe,Alaves,0.4,1.8,0.3,1.3,0.69,1.4300000000000002,0.125,0.75,0.125,Home Win
2024-09-28,Rayo Vallecano,Leganes,1.0,0.4,1.0,0.9,1.17,0.9099999999999999,0.0,0.0,0.0,Draw
2024-09-29,Athletic Club,Sevilla,2.4,1.4,1.5,0.8,0.9400000000000001,1.21,0.4,0.2,0.4,Draw
2024-09-29,Atletico Madrid,Real Madrid,2.2,2.6,1.7,2.5,1.56,2.01,0.2,0.4,0.4,Draw
2024-09-29,Real Betis,Espanyol,2.6,1.4,1.7,1.5,1.48,1.16,1.0,0.0,0.0,Home Win
2024-09-29,Celta Vigo,Girona,0.6,1.4,2.0,1.7,1.5,1.75,0.25,0.25,0.5,Draw
2024-09-30,Villarreal,Las Palmas,2.0,0.8,2.0,1.1,1.5300000000000002,1.09,0.0,0.0,1.0,Home Win
2024-10-04,Leganes,Valencia,0.4,1.0,0.9,0.8,0.8800000000000001,1.03,0.5,0.5,0.0,Draw
2024-10-05,Real Madrid,Villarreal,2.6,2.0,2.1,2.2,1.8399999999999999,1.75,0.3,0.5,0.2,Home Win
2024-10-05,Getafe,Osasuna,0.8,2.0,0.5,1.7,0.8400000000000001,1.08,0.5,0.4,0.1,Draw
2024-10-05,Valladolid,Rayo Vallecano,0.2,1.2,0.4,0.9,0.76,1.01,0.0,0.0,1.0,Away Win
2024-10-05,Las Palmas,Celta Vigo,0.6,0.8,1.0,1.9,0.9500000000000002,1.48,0.5,0.0,0.5,Away Win
2024-10-05,Espanyol,Mallorca,1.2,1.8,1.2,1.0,0.86,1.1600000000000001,0.5,0.16666666666666666,0.3333333333333333,Home Win
2024-10-06,Real Sociedad,Atletico Madrid,1.0,2.2,0.6,1.5,0.99,1.56,0.1,0.3,0.6,Draw
2024-10-06,Girona,Athletic Club,1.0,2.0,1.8,1.5,1.67,1.1199999999999999,0.5,0.25,0.25,Home Win
2024-10-06,Sevilla,Betis,1.4,0.4,0.9,0.0,1.19,0.0,0.8,0.2,0.0,Home Win
2024-10-06,Alaves,Barcelona,1.2,2.4,1.3,3.0,1.35,2.2199999999999998,0.0,0.25,0.75,Away Win
2024-10-18,Alaves,Valladolid,0.6,0.2,1.2,0.5,1.3,0.9100000000000001,0.75,0.0,0.25,Away Win
2024-10-19,Athletic Club,Espanyol,2.0,1.2,1.4,1.2,1.27,0.8299999999999998,0.5,0.3333333333333333,0.16666666666666666,Home Win
2024-10-19,Girona,Real Sociedad,1.0,1.0,1.7,0.7,1.6,1.09,0.0,0.75,0.25,Away Win
2024-10-19,Osasuna,Betis,1.6,0.4,1.4,0.0,0.93,0.0,0.4,0.6,0.0,Home Win
2024-10-19,Celta Vigo,Real Madrid,1.4,2.6,1.8,1.9,1.3900000000000001,1.7899999999999998,0.0,0.1,0.9,Away Win
2024-10-20,Atletico Madrid,Leganes,1.8,0.6,1.5,0.7,1.45,0.76,0.5,0.5,0.0,Home Win
2024-10-20,Mallorca,Rayo Vallecano,1.2,1.8,0.9,1.1,1.02,1.03,0.6666666666666666,0.16666666666666666,0.16666666666666666,Home Win
2024-10-20,Villarreal,Getafe,1.8,1.0,1.8,0.6,1.6900000000000002,0.8900000000000002,0.7,0.3,0.0,Draw
2024-10-20,Barcelona,Sevilla,2.4,2.0,3.0,1.0,2.36,1.24,0.7,0.3,0.0,Home Win
2024-10-21,Valencia,Las Palmas,1.0,0.6,0.7,1.0,0.76,1.02,0.5,0.0,0.5,Away Win
2024-10-25,Espanyol,Sevilla,0.6,1.4,1.0,1.0,0.79,1.19,0.0,0.3333333333333333,0.6666666666666666,Away Win
2024-10-26,Las Palmas,Girona,1.2,1.0,1.2,1.0,1.0399999999999998,1.1800000000000002,0.0,0.0,1.0,Home Win
2024-10-26,Valladolid,Villarreal,0.8,1.4,0.8,1.8,1.06,1.6199999999999999,0.16666666666666666,0.16666666666666666,0.6666666666666666,Away Win
2024-10-26,Rayo Vallecano,Alaves,1.2,0.6,1.1,1.3,0.9799999999999999,1.1,0.5,0.0,0.5,Home Win
2024-10-26,Real Madrid,Barcelona,2.6,2.4,2.1,3.3,1.7599999999999998,2.6100000000000003,0.7,0.1,0.2,Away Win
2024-10-27,Real Sociedad,Osasuna,1.6,2.2,0.8,1.4,1.2,1.04,0.6,0.3,0.1,Away Win
2024-10-27,Leganes,Celta Vigo,0.6,0.8,0.6,1.7,0.65,1.4200000000000004,0.5,0.0,0.5,Home Win
2024-10-27,Real Betis,Atletico Madrid,3.0,1.8,1.5,1.6,1.5699999999999998,1.6700000000000004,0.8,0.2,0.0,Home Win
2024-10-27,Getafe,Valencia,1.2,1.0,0.6,0.7,0.9900000000000002,0.72,0.4,0.3,0.3,Draw
2024-10-28,Mallorca,Athletic Club,1.8,2.0,0.8,1.7,1.08,1.31,0.125,0.5,0.375,Draw
2024-11-01,Alaves,Mallorca,0.0,1.4,1.2,0.7,1.0299999999999998,1.03,0.16666666666666666,0.3333333333333333,0.5,Home Win
2024-11-02,Osasuna,Valladolid,2.2,0.6,1.5,0.8,0.97,1.07,0.16666666666666666,0.6666666666666666,0.16666666666666666,Home Win
2024-11-02,Girona,Leganes,1.0,1.2,1.0,0.8,1.24,0.71,0.0,0.0,0.0,Home Win
2024-11-03,Athletic Club,Betis,1.6,0.2,1.6,0.0,1.3399999999999999,0.0,0.8,0.2,0.0,Home Win
2024-11-03,Sevilla,Real Sociedad,2.0,1.6,1.0,0.7,1.09,1.2499999999999998,0.4,0.3,0.3,Away Win
2024-11-03,Barcelona,Espanyol,2.4,0.6,3.5,1.0,2.5500000000000003,0.8400000000000001,0.5,0.5,0.0,Home Win
2024-11-03,Atletico Madrid,Las Palmas,1.6,1.8,1.4,1.1,1.56,0.99,0.5,0.0,0.5,Home Win
2024-11-04,Celta Vigo,Getafe,0.8,1.2,1.5,0.6,1.4300000000000002,1.1300000000000001,0.2,0.4,0.4,Home Win
2024-11-08,Rayo Vallecano,Las Palmas,1.6,1.2,1.0,1.0,1.06,0.9,0.5,0.0,0.5,Away Win
2024-11-09,Villarreal,Alaves,2.0,0.6,1.8,1.3,1.7399999999999998,1.1199999999999999,0.5,0.25,0.25,Home Win
2024-11-09,Leganes,Sevilla,1.0,1.4,0.9,0.9,0.6,1.1,0.0,0.0,1.0,Home Win
2024-11-09,Real Madrid,Osasuna,2.0,2.6,2.0,1.5,1.8500000000000003,1.1300000000000001,0.7,0.3,0.0,Home Win
2024-11-10,Real Betis,Celta Vigo,3.0,1.4,1.4,1.3,1.6599999999999997,1.4900000000000002,0.8,0.2,0.0,Home Win
2024-11-10,Valladolid,Athletic Club,0.6,1.6,0.8,1.6,1.05,1.64,0.16666666666666666,0.3333333333333333,0.5,Draw
2024-11-10,Getafe,Girona,1.2,1.4,0.6,1.4,1.1300000000000001,1.37,0.5,0.0,0.5,Away Win
2024-11-10,Mallorca,Atletico Madrid,1.4,1.6,0.7,1.3,1.02,1.6,0.375,0.0,0.625,Away Win
2024-11-10,Real Sociedad,Barcelona,2.0,2.4,0.8,3.6,1.3199999999999998,2.5500000000000003,0.1,0.1,0.8,Home Win
2024-11-22,Getafe,Valladolid,0.6,0.8,0.6,0.9,1.13,1.0,0.16666666666666666,0.3333333333333333,0.5,Home Win
2024-11-23,Valencia,Betis,0.6,0.0,0.7,0.0,0.69,0.0,0.6,0.4,0.0,Home Win
2024-11-23,Atletico Madrid,Alaves,2.0,0.6,1.4,1.1,1.43,1.01,0.625,0.125,0.25,Home Win
2024-11-23,Girona,Espanyol,1.8,0.6,1.1,1.1,1.15,0.7700000000000002,0.5,0.5,0.0,Home Win
2024-11-23,Las Palmas,Mallorca,1.8,0.8,1.2,0.7,0.9299999999999999,0.99,0.0,0.5,0.5,Away Win
2024-11-23,Celta Vigo,Barcelona,1.2,2.4,1.0,3.4,1.2200000000000002,2.4800000000000004,0.2,0.2,0.6,Draw
2024-11-24,Athletic Club,Real Sociedad,1.6,2.0,1.6,0.8,1.6199999999999999,1.42,0.4,0.2,0.4,Home Win
2024-11-24,Leganes,Real Madrid,1.4,2.0,1.0,2.1,0.6900000000000001,1.9500000000000004,0.0,0.5,0.5,Away Win
2024-11-24,Sevilla,Rayo Vallecano,1.2,1.4,0.9,1.1,1.09,1.28,0.3333333333333333,0.5,0.16666666666666666,Home Win
2024-11-24,Osasuna,Villarreal,2.0,2.0,1.5,1.9,1.1400000000000001,1.8,0.4,0.1,0.5,Draw
2024-11-29,Mallorca,Valencia,1.4,1.0,0.9,1.0,1.06,0.7500000000000001,0.375,0.375,0.25,Home Win
2024-11-30,Espanyol,Celta Vigo,0.6,0.8,1.2,1.0,0.76,1.3,0.16666666666666666,0.5,0.3333333333333333,Home Win
2024-11-30,Alaves,Leganes,0.6,1.2,1.0,1.0,0.9000000000000001,0.6699999999999999,0.0,1.0,0.0,Draw
2024-11-30,Valladolid,Atletico Madrid,0.8,2.4,0.9,1.5,1.06,1.42,0.0,0.16666666666666666,0.8333333333333334,Away Win
2024-11-30,Barcelona,Las Palmas,2.0,1.8,2.9,1.4,2.1900000000000004,0.9800000000000001,1.0,0.0,0.0,Away Win
2024-12-01,Rayo Vallecano,Athletic Club,1.2,2.2,1.0,1.7,1.3200000000000003,1.72,0.16666666666666666,0.16666666666666666,0.6666666666666666,Away Win
2024-12-01,Real Sociedad,Betis,1.8,0.0,0.8,0.0,1.47,0.0,0.4,0.6,0.0,Home Win
2024-12-01,Villarreal,Girona,1.6,1.8,1.7,1.3,1.69,1.31,0.75,0.0,0.25,Draw
2024-12-01,Real Madrid,Getafe,2.4,1.0,2.3,0.8,1.8800000000000001,1.0899999999999999,0.8,0.1,0.1,Home Win
2024-12-02,Sevilla,Osasuna,1.2,2.0,1.0,1.4,1.1099999999999999,1.15,0.4,0.4,0.2,Draw
2024-12-03,Mallorca,Barcelona,1.4,1.4,1.0,2.6,1.1099999999999999,2.23,0.0,0.125,0.875,Away Win
2024-12-04,Athletic Club,Real Madrid,2.2,2.4,1.6,2.3,1.6199999999999999,1.9599999999999997,0.0,0.2,0.8,Home Win
2024-12-06,Celta Vigo,Mallorca,0.8,1.2,0.8,1.0,1.2799999999999998,1.08,0.125,0.375,0.5,Home Win
2024-12-07,Real Betis,Barcelona,3.0,1.4,1.4,2.6,1.7,2.34,1.0,0.0,0.0,Home Win
2024-12-07,Las Palmas,Valladolid,1.8,0.2,1.4,0.8,0.89,1.0699999999999998,0.0,0.0,0.0,Home Win
2024-12-07,Girona,Real Madrid,2.0,1.8,1.4,2.2,1.23,1.9,0.25,0.25,0.5,Away Win
2024-12-07,Valencia,Rayo Vallecano,1.0,0.6,1.1,1.0,0.8699999999999999,1.21,0.16666666666666666,0.6666666666666666,0.16666666666666666,Away Win
2024-12-08,Atletico Madrid,Sevilla,2.4,1.4,1.7,1.0,1.51,1.1,0.4,0.3,0.3,Home Win
2024-12-08,Osasuna,Alaves,1.6,0.8,1.4,0.9,1.19,0.8200000000000001,0.875,0.125,0.0,Draw
2024-12-08,Leganes,Real Sociedad,1.4,1.8,1.1,1.0,0.76,1.44,0.5,0.5,0.0,Away Win
2024-12-08,Athletic Club,Villarreal,2.6,1.8,1.6,1.8,1.67,1.8399999999999999,0.4,0.5,0.1,Home Win
2024-12-09,Getafe,Espanyol,0.8,0.6,0.8,1.3,1.14,0.6900000000000002,0.16666666666666666,0.3333333333333333,0.5,Home Win
2024-12-13,Valladolid,Valencia,0.2,0.8,0.9,1.0,1.1,0.89,0.16666666666666666,0.16666666666666666,0.6666666666666666,Home Win
2024-12-14,Sevilla,Celta Vigo,0.8,1.4,1.2,0.9,1.09,1.24,0.3,0.5,0.2,Home Win
2024-12-14,Mallorca,Girona,1.2,2.0,1.0,1.4,1.1600000000000001,1.23,0.25,0.25,0.5,Home Win
2024-12-14,Espanyol,Osasuna,0.6,1.2,1.0,1.4,0.6000000000000001,1.18,0.0,0.5,0.5,Draw
2024-12-14,Rayo Vallecano,Real Madrid,1.2,2.4,0.8,2.1,1.1400000000000001,1.5500000000000003,0.16666666666666666,0.3333333333333333,0.5,Draw
2024-12-15,Villarreal,Betis,1.6,0.0,1.6,0.0,1.7400000000000002,0.0,1.0,0.0,0.0,Home Win
2024-12-15,Real Sociedad,Las Palmas,2.4,1.8,1.3,1.5,1.56,0.9200000000000002,0.5,0.5,0.0,Draw
2024-12-15,Alaves,Athletic Club,1.0,2.6,0.9,1.5,0.8400000000000001,1.72,0.25,0.25,0.5,Draw
2024-12-15,Barcelona,Leganes,0.8,0.8,2.5,1.1,2.15,0.74,1.0,0.0,0.0,Away Win
2024-12-15,Atletico Madrid,Getafe,3.0,1.2,2.0,0.8,1.6600000000000001,1.0299999999999998,0.7,0.3,0.0,Home Win
2024-12-18,Espanyol,Valencia,0.8,0.8,0.9,1.0,0.6,0.9600000000000002,0.16666666666666666,0.5,0.3333333333333333,Draw
2024-12-18,Villarreal,Rayo Vallecano,1.6,0.8,1.6,1.0,1.7100000000000002,1.1300000000000001,0.5,0.16666666666666666,0.3333333333333333,Draw
2024-12-20,Girona,Valladolid,1.4,0.8,1.5,0.9,1.11,1.09,0.5,0.0,0.5,Home Win
2024-12-21,Barcelona,Atletico Madrid,0.8,3.0,2.3,2.0,2.33,1.77,0.6,0.2,0.2,Away Win
2024-12-21,Getafe,Mallorca,1.2,1.8,0.8,1.0,0.9800000000000001,1.06,0.5,0.25,0.25,Away Win
2024-12-21,Osasuna,Athletic Club,0.8,2.6,1.4,1.5,1.1600000000000001,1.5899999999999999,0.3,0.3,0.4,Away Win
2024-12-21,Celta Vigo,Real Sociedad,0.8,2.0,0.9,1.3,1.21,1.5300000000000002,0.1,0.2,0.7,Home Win
2024-12-22,Las Palmas,Espanyol,2.0,1.0,1.4,0.9,0.9200000000000002,0.7699999999999999,0.0,0.0,0.0,Home Win
2024-12-22,Valencia,Alaves,0.8,0.6,0.9,0.8,1.12,0.8400000000000001,0.25,0.375,0.375,Draw
2024-12-22,Real Madrid,Sevilla,2.0,1.4,2.1,1.1,1.49,0.95,0.8,0.2,0.0,Home Win
2024-12-22,Real Betis,Rayo Vallecano,3.0,1.0,1.5,1.1,1.83,1.23,1.0,0.0,0.0,Home Win
2024-12-22,Leganes,Villarreal,1.4,1.2,1.1,1.5,0.72,1.6900000000000002,0.5,0.0,0.5,Away Win
2025-01-03,Valencia,Real Madrid,0.4,2.0,1.1,2.4,1.2,1.61,0.2,0.2,0.6,Away Win
2025-01-10,Rayo Vallecano,Celta Vigo,1.0,1.4,1.0,1.0,1.1400000000000001,1.29,0.0,0.6666666666666666,0.3333333333333333,Home Win
2025-01-11,Valladolid,Betis,0.6,0.0,0.8,0.0,0.9700000000000001,0.0,0.6666666666666666,0.3333333333333333,0.0,Home Win
2025-01-11,Sevilla,Valencia,1.4,0.4,1.2,1.2,0.9700000000000001,1.25,0.5,0.4,0.1,Draw
2025-01-11,Espanyol,Leganes,1.0,0.8,0.9,1.2,0.8399999999999999,0.7500000000000001,0.0,0.0,1.0,Draw
2025-01-11,Alaves,Girona,0.8,1.4,1.0,1.7,0.9500000000000002,1.2800000000000002,0.0,0.5,0.5,Away Win
2025-01-12,Las Palmas,Getafe,2.0,1.2,1.4,0.6,0.9200000000000002,0.85,0.5,0.5,0.0,Away Win
2025-01-12,Atletico Madrid,Osasuna,3.0,0.8,2.1,1.1,1.7099999999999997,1.0,0.9,0.0,0.1,Home Win
2025-01-13,Real Sociedad,Villarreal,1.4,1.6,1.0,1.7,1.2200000000000002,1.7400000000000002,0.4,0.2,0.4,Home Win
2025-01-17,Espanyol,Valladolid,0.6,1.2,0.8,0.8,0.82,0.8899999999999999,0.2,0.0,0.8,Home Win
2025-01-18,Real Betis,Alaves,3.0,0.8,1.3,1.0,1.9600000000000002,1.0100000000000002,0.75,0.25,0.0,Home Win
2025-01-18,Girona,Sevilla,1.4,1.0,1.6,1.2,1.1400000000000001,0.8800000000000001,1.0,0.0,0.0,Away Win
2025-01-18,Leganes,Atletico Madrid,1.0,3.0,1.3,2.1,0.8700000000000001,1.9099999999999997,0.0,0.3333333333333333,0.6666666666666666,Home Win
2025-01-18,Getafe,Barcelona,1.2,0.6,0.7,2.1,0.8799999999999999,2.33,0.09090909090909091,0.2727272727272727,0.6363636363636364,Draw
2025-01-19,Celta Vigo,Athletic Club,1.2,2.6,1.0,1.6,1.42,1.4,0.45454545454545453,0.18181818181818182,0.36363636363636365,Away Win
2025-01-19,Valencia,Real Sociedad,0.6,2.0,1.3,1.0,1.27,1.2,0.18181818181818182,0.45454545454545453,0.36363636363636365,Home Win
2025-01-19,Osasuna,Rayo Vallecano,0.6,1.6,1.0,1.0,1.0000000000000002,1.06,0.5714285714285714,0.0,0.42857142857142855,Draw
2025-01-19,Real Madrid,Las Palmas,2.0,2.0,2.4,1.5,1.83,0.9200000000000002,0.6666666666666666,0.3333333333333333,0.0,Home Win
2025-01-20,Villarreal,Mallorca,1.4,1.8,1.7,1.0,1.75,1.1300000000000001,0.4444444444444444,0.2222222222222222,0.3333333333333333,Home Win
2025-01-24,Las Palmas,Osasuna,1.4,0.6,1.3,1.0,0.9100000000000001,0.8800000000000001,0.0,0.6666666666666666,0.3333333333333333,Draw
2025-01-25,Sevilla,Espanyol,1.4,1.2,1.3,0.9,1.04,0.9,0.7142857142857143,0.2857142857142857,0.0,Draw
2025-01-25,Valladolid,Real Madrid,1.2,2.6,0.6,2.6,0.77,2.35,0.0,0.14285714285714285,0.8571428571428571,Away Win
2025-01-25,Atletico Madrid,Villarreal,2.4,2.0,1.8,2.0,1.7099999999999997,1.9,0.36363636363636365,0.5454545454545454,0.09090909090909091,Draw
2025-01-25,Mallorca,Betis,1.2,0.0,0.9,0.0,0.9800000000000001,0.0,0.75,0.25,0.0,Draw
2025-01-26,Real Sociedad,Getafe,1.4,1.4,0.9,0.7,1.11,0.8200000000000001,0.36363636363636365,0.36363636363636365,0.2727272727272727,Away Win
2025-01-26,Barcelona,Valencia,0.8,1.2,1.7,1.2,2.18,1.27,0.7272727272727273,0.18181818181818182,0.09090909090909091,Home Win
2025-01-26,Rayo Vallecano,Girona,1.2,1.2,1.1,1.7,1.08,1.2000000000000002,0.0,0.6,0.4,Home Win
2025-01-26,Athletic Club,Leganes,2.6,1.4,1.4,1.3,1.4499999999999997,0.8900000000000002,0.3333333333333333,0.3333333333333333,0.3333333333333333,Draw
2025-01-27,Alaves,Celta Vigo,0.6,1.2,0.8,1.0,0.9600000000000002,1.3,0.2222222222222222,0.1111111111111111,0.6666666666666666,Draw
2025-01-31,Leganes,Rayo Vallecano,1.6,1.6,1.0,1.2,0.8300000000000001,1.1300000000000001,0.0,1.0,0.0,Away Win
2025-02-01,Getafe,Sevilla,1.4,1.6,0.9,1.2,0.74,1.08,0.18181818181818182,0.0,0.8181818181818182,Draw
2025-02-01,Villarreal,Valladolid,1.6,1.2,1.9,0.5,1.9199999999999995,0.7,0.7142857142857143,0.14285714285714285,0.14285714285714285,Home Win
2025-02-01,Espanyol,Real Madrid,1.2,2.6,1.0,2.9,0.85,2.4,0.14285714285714285,0.0,0.8571428571428571,Home Win
2025-02-01,Atletico Madrid,Mallorca,2.0,1.4,1.9,0.9,1.8799999999999997,1.03,0.6666666666666666,0.0,0.3333333333333333,Home Win
2025-02-02,Real Betis,Athletic Club,3.0,2.2,1.4,1.4,1.8399999999999999,1.5999999999999999,0.6,0.4,0.0,Home Win
2025-02-02,Valencia,Celta Vigo,1.0,0.8,1.2,1.1,1.3499999999999999,1.22,0.5454545454545454,0.18181818181818182,0.2727272727272727,Home Win
2025-02-02,Osasuna,Real Sociedad,0.6,0.8,0.9,0.9,1.0399999999999998,1.04,0.18181818181818182,0.2727272727272727,0.5454545454545454,Home Win
2025-02-02,Barcelona,Alaves,0.8,0.6,2.0,0.9,2.3600000000000003,0.9600000000000002,0.7777777777777778,0.2222222222222222,0.0,Home Win
2025-02-03,Girona,Las Palmas,1.2,1.0,1.8,1.3,1.24,0.9000000000000001,0.6666666666666666,0.0,0.3333333333333333,Home Win
2025-02-07,Rayo Vallecano,Valladolid,2.0,0.6,1.2,0.6,1.11,0.7300000000000001,1.0,0.0,0.0,Home Win
2025-02-08,Celta Vigo,Betis,0.8,0.2,1.1,0.0,1.0699999999999998,0.0,0.8,0.2,0.0,Home Win
2025-02-08,Athletic Club,Girona,1.6,1.8,1.3,1.6,1.2,1.24,0.2,0.2,0.6,Home Win
2025-02-08,Las Palmas,Villarreal,0.8,2.0,1.4,2.1,1.0500000000000003,2.12,0.6666666666666666,0.0,0.3333333333333333,Away Win
2025-02-08,Real Madrid,Atletico Madrid,2.4,2.0,2.5,1.9,2.2199999999999998,1.85,0.36363636363636365,0.45454545454545453,0.18181818181818182,Draw
2025-02-09,Real Sociedad,Espanyol,0.6,1.6,0.8,1.0,1.1,0.79,0.8571428571428571,0.0,0.14285714285714285,Home Win
2025-02-09,Alaves,Getafe,0.4,1.6,0.8,0.9,0.86,0.79,0.1111111111111111,0.6666666666666666,0.2222222222222222,Away Win
2025-02-09,Valencia,Leganes,1.4,1.0,1.0,0.7,1.3599999999999999,0.8799999999999999,0.0,0.6666666666666666,0.3333333333333333,Home Win
2025-02-09,Sevilla,Barcelona,1.2,1.4,1.2,1.8,1.06,2.2800000000000002,0.0,0.2727272727272727,0.7272727272727273,Away Win
2025-02-10,Mallorca,Osasuna,1.4,1.0,0.9,1.0,1.03,0.8899999999999999,0.2222222222222222,0.4444444444444444,0.3333333333333333,Draw
2025-02-14,Girona,Getafe,1.2,2.2,1.5,1.0,1.23,0.8200000000000001,0.6,0.0,0.4,Away Win
2025-02-15,Atletico Madrid,Celta Vigo,1.6,0.8,1.9,1.4,1.94,1.2899999999999998,0.7272727272727273,0.2727272727272727,0.0,Draw
2025-02-15,Villarreal,Valencia,2.0,2.0,2.1,1.1,1.9599999999999997,1.42,0.45454545454545453,0.18181818181818182,0.36363636363636365,Draw
2025-02-15,Leganes,Alaves,1.0,0.2,0.6,0.8,0.82,0.95,0.0,1.0,0.0,Draw
2025-02-15,Osasuna,Real Madrid,1.2,2.0,1.1,2.3,1.02,2.2,0.0,0.2727272727272727,0.7272727272727273,Draw
2025-02-16,Mallorca,Las Palmas,1.0,0.2,1.0,1.2,1.1,1.0799999999999998,0.6666666666666666,0.3333333333333333,0.0,Home Win
2025-02-16,Espanyol,Athletic Club,1.6,2.0,1.0,1.5,0.8300000000000001,1.44,0.14285714285714285,0.2857142857142857,0.5714285714285714,Draw
2025-02-16,Valladolid,Sevilla,0.6,1.2,0.5,1.3,0.7100000000000001,1.0699999999999998,0.0,0.5714285714285714,0.42857142857142855,Away Win
2025-02-16,Real Betis,Real Sociedad,3.0,1.2,1.5,0.9,1.81,1.0699999999999998,0.4,0.6,0.0,Home Win
2025-02-17,Barcelona,Rayo Vallecano,2.0,2.6,2.2,1.3,2.4,1.2600000000000002,0.2857142857142857,0.2857142857142857,0.42857142857142855,Home Win
2025-02-21,Celta Vigo,Osasuna,1.0,1.4,1.3,1.0,1.2099999999999997,1.06,0.2727272727272727,0.2727272727272727,0.45454545454545453,Home Win
2025-02-22,Alaves,Espanyol,0.4,1.6,1.0,0.8,1.0299999999999998,0.8200000000000001,0.2,0.2,0.6,Away Win
2025-02-22,Valencia,Atletico Madrid,2.0,1.2,1.2,1.8,1.4,1.8400000000000003,0.09090909090909091,0.2727272727272727,0.6363636363636364,Away Win
2025-02-22,Las Palmas,Barcelona,0.2,2.6,1.1,2.1,1.04,2.45,0.3333333333333333,0.0,0.6666666666666666,Away Win
2025-02-22,Rayo Vallecano,Villarreal,2.0,2.2,1.2,2.0,1.3400000000000003,1.89,0.2857142857142857,0.2857142857142857,0.42857142857142855,Away Win
2025-02-23,Real Madrid,Girona,1.6,0.6,2.2,1.2,2.02,0.97,0.6,0.2,0.2,Home Win
2025-02-23,Getafe,Betis,2.2,0.2,1.0,0.0,0.82,0.0,0.6,0.4,0.0,Home Win
2025-02-23,Athletic Club,Valladolid,1.6,0.0,1.5,0.5,1.41,0.6500000000000001,0.42857142857142855,0.42857142857142855,0.14285714285714285,Home Win
2025-02-23,Real Sociedad,Leganes,0.6,1.0,0.9,0.9,1.02,0.9900000000000002,0.3333333333333333,0.3333333333333333,0.3333333333333333,Home Win
2025-02-24,Sevilla,Mallorca,1.6,1.0,1.6,1.0,1.0699999999999998,1.1,0.5555555555555556,0.3333333333333333,0.1111111111111111,Draw
2025-02-28,Valladolid,Las Palmas,0.0,0.2,0.6,0.9,0.64,1.03,0.0,0.0,1.0,Draw
2025-03-01,Girona,Celta Vigo,0.6,1.6,1.0,1.3,0.96,1.23,0.4,0.4,0.2,Draw
2025-03-01,Rayo Vallecano,Sevilla,1.8,1.2,1.1,1.6,1.31,1.07,0.14285714285714285,0.42857142857142855,0.42857142857142855,Draw
2025-03-01,Real Betis,Real Madrid,3.0,1.6,1.6,2.3,1.8299999999999996,2.07,0.6,0.4,0.0,Home Win
2025-03-01,Atletico Madrid,Athletic Club,1.8,1.6,1.6,2.0,1.57,1.72,0.5454545454545454,0.18181818181818182,0.2727272727272727,Home Win
2025-03-02,Leganes,Getafe,0.4,2.6,0.8,1.1,0.93,0.8899999999999999,0.0,0.3333333333333333,0.6666666666666666,Home Win
2025-03-02,Mallorca,Alaves,1.2,0.4,0.9,0.9,1.25,1.1,0.42857142857142855,0.2857142857142857,0.2857142857142857,Draw
2025-03-02,Osasuna,Valencia,1.2,1.4,0.9,1.2,1.1099999999999999,1.4,0.36363636363636365,0.18181818181818182,0.45454545454545453,Draw
2025-03-02,Barcelona,Real Sociedad,3.0,1.2,2.2,1.0,2.36,1.01,0.7272727272727273,0.09090909090909091,0.18181818181818182,Home Win
2025-03-08,Celta Vigo,Leganes,1.6,0.8,1.3,0.9,1.32,0.9600000000000002,0.3333333333333333,0.0,0.6666666666666666,Home Win
2025-03-08,Valencia,Valladolid,1.6,0.2,1.4,0.6,1.3800000000000001,0.6900000000000001,0.5714285714285714,0.14285714285714285,0.2857142857142857,Home Win
2025-03-08,Alaves,Villarreal,0.4,2.2,0.8,2.1,1.13,1.8699999999999999,0.2222222222222222,0.2222222222222222,0.5555555555555556,Home Win
2025-03-09,Real Sociedad,Sevilla,1.2,1.2,0.7,1.4,0.8300000000000001,1.09,0.36363636363636365,0.2727272727272727,0.36363636363636365,Away Win
2025-03-09,Athletic Club,Mallorca,1.4,1.2,1.8,0.9,1.65,1.2699999999999998,0.3333333333333333,0.5555555555555556,0.1111111111111111,Draw
2025-03-09,Real Madrid,Rayo Vallecano,1.0,1.4,2.0,0.9,1.98,1.4300000000000002,0.42857142857142855,0.42857142857142855,0.14285714285714285,Home Win
2025-03-09,Getafe,Atletico Madrid,2.0,2.2,1.0,1.3,0.8800000000000001,1.5900000000000003,0.0,0.2727272727272727,0.7272727272727273,Home Win
2025-03-09,Real Betis,Las Palmas,3.0,0.2,1.6,0.8,1.8099999999999998,0.9400000000000001,1.0,0.0,0.0,Home Win
2025-03-10,Espanyol,Girona,1.6,0.8,0.9,1.2,0.79,0.9899999999999999,0.0,0.3333333333333333,0.6666666666666666,Draw
2025-03-14,Las Palmas,Alaves,0.2,1.0,0.8,0.8,0.8399999999999999,1.1400000000000001,0.3333333333333333,0.3333333333333333,0.3333333333333333,Draw
2025-03-15,Girona,Valencia,0.4,1.6,1.2,1.4,1.0699999999999998,1.4200000000000002,0.6,0.0,0.4,Draw
2025-03-15,Villarreal,Real Madrid,2.0,1.6,2.0,1.9,1.9600000000000002,2.06,0.18181818181818182,0.45454545454545453,0.36363636363636365,Away Win
2025-03-15,Valladolid,Celta Vigo,0.2,2.2,0.6,1.5,0.72,1.2900000000000003,0.14285714285714285,0.5714285714285714,0.2857142857142857,Away Win
2025-03-15,Mallorca,Espanyol,1.4,1.6,1.0,1.0,1.24,0.78,0.2857142857142857,0.14285714285714285,0.5714285714285714,Home Win
2025-03-16,Rayo Vallecano,Real Sociedad,0.8,1.2,0.9,0.7,1.3799999999999997,0.7900000000000001,0.14285714285714285,0.42857142857142855,0.42857142857142855,Draw
2025-03-16,Osasuna,Getafe,1.2,2.4,1.0,1.2,1.0799999999999998,0.9799999999999999,0.09090909090909091,0.45454545454545453,0.45454545454545453,Away Win
2025-03-16,Leganes,Betis,0.8,0.2,0.9,0.0,1.02,0.0,0.0,1.0,0.0,Home Win
2025-03-16,Sevilla,Athletic Club,1.6,1.6,1.4,1.7,1.08,1.5999999999999999,0.36363636363636365,0.2727272727272727,0.36363636363636365,Away Win
2025-03-16,Atletico Madrid,Barcelona,1.6,3.0,1.3,2.1,1.51,2.1399999999999997,0.2727272727272727,0.18181818181818182,0.5454545454545454,Away Win
2025-03-27,Barcelona,Osasuna,3.0,0.6,2.5,1.1,2.27,1.24,0.6363636363636364,0.18181818181818182,0.18181818181818182,Home Win
2025-03-29,Real Madrid,Leganes,2.0,1.4,1.7,0.9,1.9700000000000002,1.03,0.6666666666666666,0.3333333333333333,0.0,Home Win
2025-03-29,Alaves,Rayo Vallecano,1.2,0.4,0.8,1.1,1.15,1.4399999999999997,0.4,0.0,0.6,Away Win
2025-03-29,Espanyol,Atletico Madrid,1.0,1.4,1.0,1.3,0.5900000000000001,1.58,0.0,0.5714285714285714,0.42857142857142855,Draw
2025-03-29,Real Sociedad,Valladolid,0.8,0.2,0.9,0.6,0.8200000000000001,0.79,0.2857142857142857,0.42857142857142855,0.2857142857142857,Home Win
2025-03-30,Getafe,Villarreal,2.4,1.4,1.4,2.0,0.95,1.9800000000000004,0.0,0.36363636363636365,0.6363636363636364,Away Win
2025-03-30,Athletic Club,Osasuna,1.6,0.4,1.7,1.0,1.6599999999999997,1.2200000000000002,0.45454545454545453,0.2727272727272727,0.2727272727272727,Draw
2025-03-30,Barcelona,Girona,3.0,0.6,2.8,1.0,2.38,0.9100000000000001,0.4,0.2,0.4,Home Win
2025-03-30,Valencia,Mallorca,1.2,1.8,1.4,1.0,1.3900000000000001,1.39,0.2222222222222222,0.3333333333333333,0.4444444444444444,Home Win
2025-03-30,Real Betis,Sevilla,3.0,1.6,1.6,1.2,1.94,1.0,0.8,0.2,0.0,Home Win
2025-03-31,Celta Vigo,Las Palmas,2.2,0.4,1.4,0.9,1.31,0.93,0.6666666666666666,0.0,0.3333333333333333,Draw
2025-04-04,Rayo Vallecano,Espanyol,1.0,1.2,1.1,1.1,1.4299999999999997,0.62,0.6,0.0,0.4,Away Win
2025-04-05,Barcelona,Betis,3.0,0.2,3.1,0.0,2.34,0.0,0.8,0.2,0.0,Home Win
2025-04-05,Girona,Alaves,0.6,1.0,1.0,0.8,0.9100000000000001,1.17,0.6666666666666666,0.3333333333333333,0.0,Away Win
2025-04-05,Real Madrid,Valencia,2.4,1.6,1.8,1.4,1.9900000000000002,1.3900000000000001,0.6363636363636364,0.18181818181818182,0.18181818181818182,Away Win
2025-04-05,Mallorca,Celta Vigo,1.2,2.2,0.9,1.4,1.2200000000000002,1.2,0.4444444444444444,0.3333333333333333,0.2222222222222222,Away Win
2025-04-06,Sevilla,Atletico Madrid,1.0,1.4,1.1,1.3,0.95,1.4100000000000001,0.2727272727272727,0.2727272727272727,0.45454545454545453,Away Win
2025-04-06,Las Palmas,Real Sociedad,0.6,1.4,0.9,1.0,0.8300000000000003,0.8099999999999999,0.0,0.6666666666666666,0.3333333333333333,Away Win
2025-04-06,Valladolid,Getafe,0.2,1.8,0.6,1.3,0.74,0.9400000000000001,0.42857142857142855,0.2857142857142857,0.2857142857142857,Away Win
2025-04-06,Villarreal,Athletic Club,1.4,1.6,1.7,1.5,1.7700000000000002,1.61,0.09090909090909091,0.45454545454545453,0.45454545454545453,Draw
2025-04-07,Leganes,Osasuna,1.2,0.4,1.0,1.0,1.07,1.23,0.0,0.3333333333333333,0.6666666666666666,Draw
2025-04-11,Valencia,Sevilla,2.2,0.8,1.5,1.0,1.31,0.78,0.09090909090909091,0.45454545454545453,0.45454545454545453,Home Win
2025-04-12,Leganes,Barcelona,1.4,3.0,1.0,3.1,1.19,2.25,0.3333333333333333,0.0,0.6666666666666666,Away Win
2025-04-12,Getafe,Las Palmas,1.8,0.6,1.6,0.9,1.0,0.9199999999999999,0.3333333333333333,0.3333333333333333,0.3333333333333333,Away Win
2025-04-12,Celta Vigo,Espanyol,2.2,1.6,1.5,1.4,1.2200000000000002,0.89,0.2857142857142857,0.42857142857142855,0.2857142857142857,Away Win
2025-04-12,Real Sociedad,Mallorca,1.4,1.0,1.3,1.0,0.97,1.2200000000000002,0.7777777777777778,0.1111111111111111,0.1111111111111111,Away Win
2025-04-13,Athletic Club,Rayo Vallecano,1.2,1.0,1.3,1.0,1.51,1.42,0.7142857142857143,0.14285714285714285,0.14285714285714285,Home Win
2025-04-13,Osasuna,Girona,0.6,0.6,1.0,0.9,1.3700000000000003,0.9500000000000002,0.2,0.2,0.6,Home Win
2025-04-13,Alaves,Real Madrid,1.6,1.8,0.9,1.5,1.25,1.7399999999999998,0.1111111111111111,0.0,0.8888888888888888,Away Win
2025-04-13,Real Betis,Villarreal,3.0,1.4,1.7,1.7,1.8399999999999999,1.86,0.6,0.4,0.0,Home Win
2025-04-14,Atletico Madrid,Valladolid,1.4,0.2,1.5,0.5,1.3000000000000003,0.68,0.8571428571428571,0.14285714285714285,0.0,Home Win
2025-04-18,Espanyol,Getafe,1.6,1.8,1.4,1.4,0.9099999999999999,1.0,0.42857142857142855,0.2857142857142857,0.2857142857142857,Home Win
2025-04-19,Barcelona,Celta Vigo,3.0,2.0,2.5,1.4,1.9499999999999997,1.3,0.5454545454545454,0.2727272727272727,0.18181818181818182,Home Win
2025-04-19,Mallorca,Leganes,1.4,0.8,1.2,1.0,1.19,1.1599999999999997,0.3333333333333333,0.3333333333333333,0.3333333333333333,Draw
2025-04-19,Las Palmas,Atletico Madrid,1.0,1.4,1.1,1.8,0.9700000000000001,1.4700000000000002,0.3333333333333333,0.0,0.6666666666666666,Home Win
2025-04-19,Rayo Vallecano,Valencia,0.8,2.6,0.9,1.5,1.3399999999999996,1.29,0.2857142857142857,0.5714285714285714,0.14285714285714285,Draw
2025-04-20,Real Madrid,Athletic Club,2.4,1.8,1.3,1.6,1.6300000000000001,1.4599999999999997,0.7272727272727273,0.18181818181818182,0.09090909090909091,Home Win
2025-04-20,Sevilla,Alaves,0.6,1.4,0.9,0.8,0.74,1.22,0.3333333333333333,0.3333333333333333,0.3333333333333333,Draw
2025-04-20,Valladolid,Osasuna,0.0,1.0,0.7,1.1,0.78,1.28,0.14285714285714285,0.5714285714285714,0.2857142857142857,Away Win
2025-04-20,Villarreal,Real Sociedad,0.8,1.4,1.3,1.3,1.6199999999999999,0.95,0.36363636363636365,0.18181818181818182,0.45454545454545453,Draw
2025-04-21,Girona,Betis,0.4,0.2,0.9,0.0,0.9400000000000001,0.0,1.0,0.0,0.0,Home Win
2025-04-22,Barcelona,Mallorca,3.0,1.4,2.8,1.2,2.1399999999999997,1.23,0.8888888888888888,0.1111111111111111,0.0,Home Win
2025-04-22,Valencia,Espanyol,2.2,2.0,1.4,1.4,1.33,0.8800000000000001,0.2857142857142857,0.5714285714285714,0.14285714285714285,Draw
2025-04-23,Getafe,Real Madrid,1.2,2.4,1.4,1.4,0.9400000000000001,1.65,0.09090909090909091,0.09090909090909091,0.8181818181818182,Away Win
2025-04-23,Athletic Club,Las Palmas,1.6,1.6,1.6,1.1,1.4799999999999998,0.8800000000000001,1.0,0.0,0.0,Home Win
2025-04-23,Celta Vigo,Villarreal,1.4,1.0,1.6,1.4,1.4700000000000002,1.5899999999999999,0.2727272727272727,0.18181818181818182,0.5454545454545454,Home Win
2025-04-23,Alaves,Real Sociedad,1.0,1.6,0.9,1.4,1.31,0.9199999999999999,0.2222222222222222,0.3333333333333333,0.4444444444444444,Home Win
2025-04-24,Leganes,Girona,1.0,0.8,1.0,0.8,1.1599999999999997,0.85,0.0,0.0,1.0,Draw
2025-04-24,Real Betis,Valladolid,3.0,0.0,1.7,0.8,1.7899999999999998,0.9200000000000002,1.0,0.0,0.0,Home Win
2025-04-24,Osasuna,Sevilla,1.6,0.2,1.2,1.0,1.4400000000000002,0.8099999999999999,0.18181818181818182,0.45454545454545453,0.36363636363636365,Home Win
2025-04-24,Atletico Madrid,Rayo Vallecano,1.4,1.0,1.6,0.9,1.4200000000000004,1.1699999999999997,0.7142857142857143,0.2857142857142857,0.0,Home Win
2025-04-27,Villarreal,Espanyol,1.0,2.2,0.9,1.4,1.2799999999999998,0.8800000000000001,0.7142857142857143,0.14285714285714285,0.14285714285714285,Home Win
2025-05-02,Rayo Vallecano,Getafe,0.8,0.6,0.8,1.3,1.01,1.08,0.2857142857142857,0.7142857142857143,0.0,Home Win
2025-05-03,Las Palmas,Valencia,1.4,2.2,1.0,1.3,0.8399999999999999,1.23,0.6666666666666666,0.0,0.3333333333333333,Away Win
2025-05-03,Villarreal,Osasuna,1.0,2.2,0.8,1.2,1.33,1.33,0.45454545454545453,0.18181818181818182,0.36363636363636365,Home Win
2025-05-03,Alaves,Atletico Madrid,1.4,2.0,1.0,1.8,1.23,1.5,0.2222222222222222,0.1111111111111111,0.6666666666666666,Draw
2025-05-03,Valladolid,Barcelona,0.0,3.0,0.8,2.5,0.8799999999999999,2.2800000000000002,0.14285714285714285,0.0,0.8571428571428571,Away Win
2025-05-04,Sevilla,Leganes,0.2,0.6,0.9,1.1,0.85,1.14,0.6666666666666666,0.0,0.3333333333333333,Draw
2025-05-04,Espanyol,Betis,2.0,0.0,1.3,0.0,0.89,0.0,1.0,0.0,0.0,Home Win
2025-05-04,Real Sociedad,Athletic Club,1.4,1.6,1.2,1.4,0.8300000000000001,1.3299999999999998,0.36363636363636365,0.18181818181818182,0.45454545454545453,Draw
2025-05-04,Real Madrid,Celta Vigo,2.4,1.4,1.4,1.6,1.64,1.52,0.9090909090909091,0.09090909090909091,0.0,Home Win
2025-05-05,Girona,Mallorca,0.8,0.8,0.9,1.1,0.89,1.1300000000000001,0.4,0.2,0.4,Home Win
2025-05-09,Las Palmas,Rayo Vallecano,1.2,0.8,1.1,0.9,0.9299999999999999,1.0299999999999998,0.6666666666666666,0.0,0.3333333333333333,Away Win
2025-05-10,Girona,Villarreal,1.4,1.4,0.9,1.1,0.93,1.4200000000000004,0.2,0.2,0.6,Away Win
2025-05-10,Atletico Madrid,Real Sociedad,2.0,1.0,1.7,1.2,1.4900000000000002,0.9200000000000002,0.5454545454545454,0.36363636363636365,0.09090909090909091,Home Win
2025-05-10,Valencia,Getafe,2.2,0.6,1.5,1.1,1.2600000000000002,1.1099999999999999,0.2727272727272727,0.36363636363636365,0.36363636363636365,Home Win
2025-05-10,Celta Vigo,Sevilla,1.2,0.4,1.7,0.7,1.53,1.0100000000000002,0.18181818181818182,0.45454545454545453,0.36363636363636365,Home Win
2025-05-10,Mallorca,Valladolid,0.8,0.0,0.8,0.9,1.01,0.8899999999999999,0.4,0.2,0.4,Home Win
2025-05-11,Leganes,Espanyol,0.8,2.0,1.0,1.3,1.02,0.93,0.6666666666666666,0.3333333333333333,0.0,Home Win
2025-05-11,Real Betis,Osasuna,3.0,2.0,2.0,1.3,1.8199999999999998,1.31,1.0,0.0,0.0,Home Win
2025-05-11,Athletic Club,Alaves,1.6,1.6,1.3,0.7,1.2499999999999998,1.1099999999999999,0.4444444444444444,0.3333333333333333,0.2222222222222222,Home Win
2025-05-11,Barcelona,Real Madrid,3.0,2.4,2.6,1.6,2.2399999999999998,1.7200000000000002,0.2727272727272727,0.09090909090909091,0.6363636363636364,Home Win
2025-05-13,Valladolid,Girona,0.0,1.4,0.9,0.9,1.02,0.9099999999999999,0.3333333333333333,0.0,0.6666666666666666,Away Win
2025-05-13,Sevilla,Las Palmas,0.4,1.2,0.8,1.1,1.11,0.9599999999999997,0.6666666666666666,0.3333333333333333,0.0,Home Win
2025-05-13,Real Sociedad,Celta Vigo,0.4,1.2,0.9,1.9,0.9099999999999999,1.44,0.6363636363636364,0.18181818181818182,0.18181818181818182,Away Win
2025-05-14,Villarreal,Leganes,2.0,1.2,1.1,1.3,1.56,1.1400000000000001,0.6666666666666666,0.0,0.3333333333333333,Home Win
2025-05-14,Real Madrid,Mallorca,2.4,1.4,1.7,0.9,1.77,0.8800000000000001,0.6666666666666666,0.1111111111111111,0.2222222222222222,Home Win
2025-05-14,Alaves,Valencia,1.0,2.2,0.7,1.8,0.97,1.45,0.3333333333333333,0.4444444444444444,0.2222222222222222,Home Win
2025-05-15,Getafe,Athletic Club,0.0,2.0,1.0,0.7,1.04,1.0,0.09090909090909091,0.7272727272727273,0.18181818181818182,Away Win
2025-05-15,Osasuna,Atletico Madrid,1.8,2.0,1.3,1.8,1.19,1.5000000000000002,0.09090909090909091,0.0,0.9090909090909091,Home Win
2025-05-15,Espanyol,Barcelona,1.4,3.0,1.4,2.8,1.01,2.52,0.0,0.42857142857142855,0.5714285714285714,Away Win
2025-05-15,Rayo Vallecano,Betis,1.4,0.0,1.0,0.0,1.0899999999999996,0.0,1.0,0.0,0.0,Home Win
2025-05-18,Celta Vigo,Rayo Vallecano,1.8,2.0,1.8,1.1,1.3700000000000003,0.9299999999999999,0.2857142857142857,0.5714285714285714,0.14285714285714285,Away Win
2025-05-18,Mallorca,Getafe,0.8,0.0,0.9,1.0,0.8200000000000001,1.05,0.3333333333333333,0.2222222222222222,0.4444444444444444,Away Win
2025-05-18,Osasuna,Espanyol,1.8,0.8,1.2,1.3,1.1,1.13,0.42857142857142855,0.5714285714285714,0.0,Home Win
2025-05-18,Valladolid,Alaves,0.0,1.6,0.8,0.7,0.93,0.99,0.4,0.0,0.6,Away Win
2025-05-18,Valencia,Athletic Club,1.6,2.0,1.5,0.9,1.35,1.01,0.18181818181818182,0.45454545454545453,0.36363636363636365,Away Win
2025-05-18,Real Sociedad,Girona,0.4,2.0,0.9,0.8,1.0799999999999998,0.9800000000000001,0.4,0.6,0.0,Home Win
2025-05-18,Atletico Madrid,Betis,1.4,0.0,1.7,0.0,1.42,0.0,1.0,0.0,0.0,Home Win
2025-05-18,Barcelona,Villarreal,3.0,2.4,2.6,1.4,2.3,1.44,0.8181818181818182,0.0,0.18181818181818182,Away Win
2025-05-18,Sevilla,Real Madrid,1.0,2.4,0.8,1.9,1.1800000000000002,2.0300000000000002,0.0,0.18181818181818182,0.8181818181818182,Away Win
2025-05-18,Las Palmas,Leganes,0.6,1.2,1.0,1.2,0.9899999999999999,1.15,0.0,0.0,1.0,Away Win
2025-05-23,Real Betis,Valencia,3.0,1.4,1.9,1.3,1.55,1.2000000000000002,1.0,0.0,0.0,Home Win
2025-05-24,Getafe,Celta Vigo,0.6,1.8,1.0,1.7,1.09,1.52,0.36363636363636365,0.36363636363636365,0.2727272727272727,Away Win
2025-05-24,Rayo Vallecano,Mallorca,2.4,0.6,1.2,0.9,0.95,0.8099999999999999,0.14285714285714285,0.14285714285714285,0.7142857142857143,Draw
2025-05-24,Leganes,Valladolid,1.6,0.0,1.2,0.7,1.2,0.9999999999999998,0.0,0.6666666666666666,0.3333333333333333,Home Win
2025-05-24,Real Madrid,Real Sociedad,2.4,0.8,1.9,1.2,2.08,1.21,0.6363636363636364,0.2727272727272727,0.09090909090909091,Home Win
2025-05-24,Espanyol,Las Palmas,0.6,0.0,1.2,1.0,1.18,1.0499999999999998,0.0,0.0,1.0,Home Win
2025-05-24,Alaves,Osasuna,2.0,1.8,0.7,1.3,1.03,1.0299999999999998,0.0,0.2222222222222222,0.7777777777777778,Draw
2025-05-25,Girona,Atletico Madrid,1.4,2.0,0.9,2.0,1.05,1.81,0.2,0.0,0.8,Away Win
2025-05-25,Athletic Club,Barcelona,2.6,2.4,0.9,2.4,1.05,2.3099999999999996,0.09090909090909091,0.18181818181818182,0.7272727272727273,Away Win
2025-05-25,Villarreal,Sevilla,3.0,0.8,1.6,0.7,1.46,1.1700000000000002,0.36363636363636365,0.36363636363636365,0.2727272727272727,Home Win
