date,season,home_team,away_team,home_goals,away_goals,home_xg,away_xg,home_poss,away_poss,home_shots,away_shots,home_sot,away_sot,result
2024-08-17,2024,Valencia,Barcelona,1,2,1.0,3.2,37.0,63.0,6,17,1,5,Away Win
2024-08-24,2024,Barcelona,Athletic Club,2,1,1.8,1.0,64.0,36.0,13,7,5,1,Home Win
2024-08-27,2024,Rayo Vallecano,Barcelona,1,2,0.4,1.4,36.0,64.0,8,22,4,5,Away Win
2024-08-31,2024,Barcelona,Valladolid,7,0,4.7,0.5,70.0,30.0,23,4,11,1,Home Win
2024-09-15,2024,Girona,Barcelona,1,4,1.3,1.9,45.0,55.0,9,20,4,9,Away Win
2024-09-22,2024,Villarreal,Barcelona,1,5,2.2,3.9,37.0,63.0,13,16,4,9,Away Win
2024-09-25,2024,Barcelona,Getafe,1,0,1.9,0.7,76.0,24.0,15,7,4,1,Home Win
2024-09-28,2024,Osasuna,Barcelona,4,2,2.2,0.8,27.0,73.0,10,12,4,6,Home Win
2024-10-06,2024,Alaves,Barcelona,0,3,0.7,2.7,29.0,71.0,11,15,2,9,Away Win
2024-10-20,2024,Barcelona,Sevilla,5,1,3.8,1.0,67.0,33.0,20,7,8,1,Home Win
2024-10-26,2024,Real Madrid,Barcelona,0,4,1.5,2.6,43.0,57.0,9,15,4,7,Away Win
2024-11-03,2024,Barcelona,Espanyol,3,1,1.8,0.9,76.0,24.0,14,10,9,3,Home Win
2024-11-10,2024,Real Sociedad,Barcelona,1,0,2.0,0.7,31.0,69.0,14,11,6,0,Home Win
2024-11-23,2024,Celta Vigo,Barcelona,2,2,2.5,1.8,41.0,59.0,15,9,8,4,Draw
2024-11-30,2024,Barcelona,Las Palmas,1,2,2.3,0.5,69.0,31.0,27,5,8,3,Away Win
2024-12-03,2024,Mallorca,Barcelona,1,5,0.9,5.0,41.0,59.0,6,19,1,8,Away Win
2024-12-15,2024,Barcelona,Leganes,0,1,2.6,0.4,79.0,21.0,20,6,3,4,Away Win
2024-12-21,2024,Barcelona,Atletico Madrid,1,2,2.7,0.7,62.0,38.0,19,5,7,4,Away Win
2025-01-18,2024,Getafe,Barcelona,1,1,1.3,2.3,23.0,77.0,10,21,4,5,Draw
2025-01-26,2024,Barcelona,Valencia,7,1,4.4,1.5,71.0,29.0,22,7,11,2,Home Win
2025-02-02,2024,Barcelona,Alaves,1,0,1.0,0.1,69.0,31.0,11,3,4,0,Home Win
2025-02-09,2024,Sevilla,Barcelona,1,4,0.7,1.9,40.0,60.0,8,10,4,6,Away Win
2025-02-17,2024,Barcelona,Rayo Vallecano,1,0,2.3,1.0,59.0,41.0,13,9,4,4,Home Win
2025-02-22,2024,Las Palmas,Barcelona,0,2,0.4,1.4,31.0,69.0,10,15,2,5,Away Win
2025-03-02,2024,Barcelona,Real Sociedad,4,0,2.8,0.0,76.0,24.0,33,0,10,0,Home Win
2025-03-16,2024,Atletico Madrid,Barcelona,2,4,1.4,1.3,35.0,65.0,7,13,2,6,Away Win
2025-03-27,2024,Barcelona,Osasuna,3,0,3.7,0.4,74.0,26.0,18,4,4,0,Home Win
2025-03-30,2024,Barcelona,Girona,4,1,2.3,0.5,69.0,31.0,21,4,9,2,Home Win
2025-04-05,2024,Barcelona,Betis,1,0,1.4,0.0,73.0,0.0,13,0,5,0,Home Win
2025-04-12,2024,Leganes,Barcelona,0,1,0.7,1.4,35.0,65.0,6,12,1,3,Away Win
2025-04-19,2024,Barcelona,Celta Vigo,4,3,2.9,2.1,71.0,29.0,17,11,5,8,Home Win
2025-04-22,2024,Barcelona,Mallorca,1,0,3.3,0.3,77.0,23.0,40,4,12,0,Home Win
2025-05-03,2024,Valladolid,Barcelona,1,2,0.6,1.9,19.0,81.0,5,24,4,6,Away Win
2025-05-11,2024,Barcelona,Real Madrid,4,3,4.2,2.7,62.0,38.0,23,8,9,4,Home Win
2025-05-15,2024,Espanyol,Barcelona,0,2,1.4,0.6,26.0,74.0,9,12,1,4,Away Win
2025-05-18,2024,Barcelona,Villarreal,2,3,1.4,1.8,69.0,31.0,24,7,9,3,Away Win
2025-05-25,2024,Athletic Club,Barcelona,0,3,1.2,3.5,25.0,75.0,9,12,1,3,Away Win
2024-08-18,2024,Mallorca,Real Madrid,1,1,1.0,0.6,34.0,66.0,12,13,5,5,Draw
2024-08-25,2024,Real Madrid,Valladolid,3,0,2.1,0.4,63.0,37.0,17,8,9,0,Home Win
2024-08-29,2024,Las Palmas,Real Madrid,1,1,0.8,2.5,43.0,57.0,7,24,2,7,Draw
2024-09-01,2024,Real Madrid,Betis,2,0,2.4,0.0,60.0,0.0,21,0,6,0,Home Win
2024-09-14,2024,Real Sociedad,Real Madrid,0,2,1.1,2.3,48.0,52.0,11,14,2,4,Away Win
2024-09-21,2024,Real Madrid,Espanyol,4,1,4.4,0.3,73.0,27.0,30,10,13,1,Home Win
2024-09-24,2024,Real Madrid,Alaves,3,2,1.3,0.9,68.0,32.0,10,12,4,3,Home Win
2024-09-29,2024,Atletico Madrid,Real Madrid,1,1,1.3,0.8,51.0,49.0,12,12,4,4,Draw
2024-10-05,2024,Real Madrid,Villarreal,2,0,0.5,1.1,55.0,45.0,11,12,2,1,Home Win
2024-10-19,2024,Celta Vigo,Real Madrid,1,2,1.8,0.7,47.0,53.0,13,10,5,3,Away Win
2024-11-09,2024,Real Madrid,Osasuna,4,0,3.1,0.1,68.0,32.0,18,2,8,0,Home Win
2024-11-24,2024,Leganes,Real Madrid,0,3,0.1,1.8,33.0,67.0,4,16,0,8,Away Win
2024-12-01,2024,Real Madrid,Getafe,2,0,3.2,0.5,69.0,31.0,12,8,3,3,Home Win
2024-12-04,2024,Athletic Club,Real Madrid,2,1,1.8,1.7,37.0,63.0,9,9,3,4,Home Win
2024-12-07,2024,Girona,Real Madrid,0,3,0.4,0.9,42.0,58.0,10,10,4,7,Away Win
2024-12-14,2024,Rayo Vallecano,Real Madrid,3,3,1.6,0.7,34.0,66.0,14,13,5,6,Draw
2024-12-22,2024,Real Madrid,Sevilla,4,2,2.0,1.3,59.0,41.0,16,10,7,4,Home Win
2025-01-03,2024,Valencia,Real Madrid,1,2,1.3,2.7,38.0,62.0,8,16,5,5,Away Win
2025-01-19,2024,Real Madrid,Las Palmas,4,1,5.9,1.1,61.0,39.0,25,6,12,2,Home Win
2025-01-25,2024,Valladolid,Real Madrid,0,3,0.2,2.0,32.0,68.0,6,19,2,3,Away Win
2025-02-01,2024,Espanyol,Real Madrid,1,0,0.3,1.3,24.0,76.0,5,21,2,7,Home Win
2025-02-08,2024,Real Madrid,Atletico Madrid,1,1,1.6,1.5,60.0,40.0,23,9,9,0,Draw
2025-02-15,2024,Osasuna,Real Madrid,1,1,1.4,1.4,45.0,55.0,10,17,3,5,Draw
2025-02-23,2024,Real Madrid,Girona,2,0,2.2,0.4,63.0,37.0,22,6,5,2,Home Win
2025-03-09,2024,Real Madrid,Rayo Vallecano,2,1,1.5,1.0,46.0,54.0,10,20,5,6,Home Win
2025-03-15,2024,Villarreal,Real Madrid,1,2,1.6,1.1,46.0,54.0,23,9,10,5,Away Win
2025-03-29,2024,Real Madrid,Leganes,3,2,2.9,2.4,70.0,30.0,23,10,8,4,Home Win
2025-04-05,2024,Real Madrid,Valencia,1,2,3.4,0.8,65.0,35.0,20,10,8,2,Away Win
2025-04-13,2024,Alaves,Real Madrid,0,1,0.6,0.9,56.0,44.0,13,11,6,3,Away Win
2025-04-20,2024,Real Madrid,Athletic Club,1,0,1.5,0.2,73.0,27.0,22,3,7,1,Home Win
2025-04-23,2024,Getafe,Real Madrid,0,1,2.3,1.5,37.0,63.0,20,14,6,6,Away Win
2025-05-04,2024,Real Madrid,Celta Vigo,3,2,2.2,1.8,54.0,46.0,17,14,6,6,Home Win
2025-05-14,2024,Real Madrid,Mallorca,2,1,2.6,0.5,71.0,29.0,39,4,12,2,Home Win
2025-05-18,2024,Sevilla,Real Madrid,0,2,0.5,2.0,37.0,63.0,6,16,1,6,Away Win
2025-05-24,2024,Real Madrid,Real Sociedad,2,0,2.6,0.8,62.0,38.0,15,9,7,1,Home Win
2024-08-19,2024,Villarreal,Atletico Madrid,2,2,0.8,1.1,44.0,56.0,9,9,3,4,Draw
2024-08-25,2024,Atletico Madrid,Girona,3,0,1.2,0.7,43.0,57.0,11,13,6,4,Home Win
2024-08-28,2024,Atletico Madrid,Espanyol,0,0,2.3,0.6,63.0,37.0,25,8,7,1,Draw
2024-08-31,2024,Athletic Club,Atletico Madrid,0,1,0.3,1.7,53.0,47.0,8,9,1,2,Away Win
2024-09-15,2024,Atletico Madrid,Valencia,3,0,3.1,0.1,53.0,47.0,14,5,4,1,Home Win
2024-09-22,2024,Rayo Vallecano,Atletico Madrid,1,1,1.7,0.5,54.0,46.0,16,10,4,5,Draw
2024-09-26,2024,Celta Vigo,Atletico Madrid,0,1,1.5,0.6,58.0,42.0,10,8,4,2,Away Win
2024-10-06,2024,Real Sociedad,Atletico Madrid,1,1,1.0,0.5,66.0,34.0,16,4,7,1,Draw
2024-10-20,2024,Atletico Madrid,Leganes,3,1,4.4,0.3,63.0,37.0,24,5,8,2,Home Win
2024-11-03,2024,Atletico Madrid,Las Palmas,2,0,1.6,0.0,57.0,43.0,15,1,3,1,Home Win
2024-11-10,2024,Mallorca,Atletico Madrid,0,1,0.6,0.6,53.0,47.0,13,9,5,2,Away Win
2024-11-23,2024,Atletico Madrid,Alaves,2,1,1.6,0.9,70.0,30.0,10,3,7,0,Home Win
2024-11-30,2024,Valladolid,Atletico Madrid,0,5,0.6,4.0,45.0,55.0,9,13,1,9,Away Win
2024-12-08,2024,Atletico Madrid,Sevilla,4,3,2.0,0.4,57.0,43.0,14,4,9,3,Home Win
2024-12-15,2024,Atletico Madrid,Getafe,1,0,1.7,0.2,57.0,43.0,11,7,3,1,Home Win
2025-01-12,2024,Atletico Madrid,Osasuna,1,0,2.5,0.3,50.0,50.0,9,6,5,1,Home Win
2025-01-18,2024,Leganes,Atletico Madrid,1,0,0.5,2.4,33.0,67.0,9,18,3,3,Home Win
2025-01-25,2024,Atletico Madrid,Villarreal,1,1,1.7,2.2,59.0,41.0,20,10,8,0,Draw
2025-02-01,2024,Atletico Madrid,Mallorca,2,0,1.3,0.5,53.0,47.0,17,10,5,1,Home Win
2025-02-15,2024,Atletico Madrid,Celta Vigo,1,1,0.6,1.7,34.0,66.0,9,10,3,3,Draw
2025-02-22,2024,Valencia,Atletico Madrid,0,3,0.8,1.3,49.0,51.0,18,11,2,3,Away Win
2025-03-01,2024,Atletico Madrid,Athletic Club,1,0,2.2,1.1,50.0,50.0,12,15,4,3,Home Win
2025-03-09,2024,Getafe,Atletico Madrid,2,1,1.2,0.9,39.0,61.0,11,3,3,1,Home Win
2025-03-29,2024,Espanyol,Atletico Madrid,1,1,1.0,0.8,39.0,61.0,7,13,0,2,Draw
2025-04-06,2024,Sevilla,Atletico Madrid,1,2,0.9,1.3,44.0,56.0,11,12,5,4,Away Win
2025-04-14,2024,Atletico Madrid,Valladolid,4,2,3.4,1.2,54.0,46.0,22,5,7,2,Home Win
2025-04-19,2024,Las Palmas,Atletico Madrid,1,0,0.6,0.8,41.0,59.0,8,7,2,2,Home Win
2025-04-24,2024,Atletico Madrid,Rayo Vallecano,3,0,2.3,0.7,42.0,58.0,11,12,6,5,Home Win
2025-05-03,2024,Alaves,Atletico Madrid,0,0,0.5,0.5,36.0,64.0,8,9,2,2,Draw
2025-05-10,2024,Atletico Madrid,Real Sociedad,4,0,1.4,0.6,60.0,40.0,13,6,7,1,Home Win
2025-05-15,2024,Osasuna,Atletico Madrid,2,0,0.6,1.4,35.0,65.0,9,9,3,5,Home Win
2025-05-18,2024,Atletico Madrid,Betis,4,0,4.8,0.0,45.0,0.0,20,0,11,0,Home Win
2025-05-25,2024,Girona,Atletico Madrid,0,4,0.0,2.7,44.0,56.0,2,19,1,11,Away Win
2024-08-15,2024,Athletic Club,Getafe,1,1,0.3,0.8,68.0,32.0,7,9,4,2,Draw
2024-08-28,2024,Athletic Club,Valencia,1,0,1.4,0.1,50.0,50.0,13,2,4,0,Home Win
2024-09-15,2024,Las Palmas,Athletic Club,2,3,1.4,1.7,64.0,36.0,15,9,5,4,Away Win
2024-09-19,2024,Leganes,Athletic Club,0,2,0.9,1.3,48.0,52.0,14,10,3,4,Away Win
2024-09-22,2024,Athletic Club,Celta Vigo,3,1,0.7,1.3,33.0,67.0,10,10,5,3,Home Win
2024-09-29,2024,Athletic Club,Sevilla,1,1,2.0,1.1,39.0,61.0,13,13,5,3,Draw
2024-10-06,2024,Girona,Athletic Club,2,1,1.9,3.1,66.0,34.0,13,11,5,2,Home Win
2024-10-19,2024,Athletic Club,Espanyol,4,1,1.3,0.2,56.0,44.0,10,5,6,2,Home Win
2024-10-28,2024,Mallorca,Athletic Club,0,0,0.5,0.6,33.0,67.0,4,20,1,1,Draw
2024-11-03,2024,Athletic Club,Betis,1,0,4.0,0.0,50.0,0.0,17,0,8,0,Home Win
2024-11-10,2024,Valladolid,Athletic Club,1,1,0.6,1.2,34.0,66.0,6,17,3,1,Draw
2024-11-24,2024,Athletic Club,Real Sociedad,1,0,1.3,0.5,41.0,59.0,12,6,4,1,Home Win
2024-12-01,2024,Rayo Vallecano,Athletic Club,1,2,0.2,0.7,48.0,52.0,7,12,4,7,Away Win
2024-12-08,2024,Athletic Club,Villarreal,2,0,1.2,0.8,42.0,58.0,12,11,4,1,Home Win
2024-12-15,2024,Alaves,Athletic Club,1,1,0.9,0.7,52.0,48.0,6,9,3,2,Draw
2024-12-21,2024,Osasuna,Athletic Club,1,2,0.6,1.2,53.0,47.0,6,13,3,8,Away Win
2025-01-19,2024,Celta Vigo,Athletic Club,1,2,0.6,1.8,59.0,41.0,3,14,1,6,Away Win
2025-01-26,2024,Athletic Club,Leganes,0,0,2.1,1.0,68.0,32.0,29,5,3,2,Draw
2025-02-08,2024,Athletic Club,Girona,3,0,3.6,0.1,45.0,55.0,22,3,7,1,Home Win
2025-02-16,2024,Espanyol,Athletic Club,1,1,0.8,1.0,39.0,61.0,12,14,4,4,Draw
2025-02-23,2024,Athletic Club,Valladolid,7,1,3.8,0.5,57.0,43.0,29,5,16,3,Home Win
2025-03-09,2024,Athletic Club,Mallorca,1,1,0.7,0.5,55.0,45.0,8,9,2,2,Draw
2025-03-16,2024,Sevilla,Athletic Club,0,1,0.5,1.3,61.0,39.0,11,8,4,3,Away Win
2025-03-30,2024,Athletic Club,Osasuna,0,0,0.7,0.4,61.0,39.0,11,5,5,2,Draw
2025-04-06,2024,Villarreal,Athletic Club,0,0,2.1,0.8,56.0,44.0,12,11,4,2,Draw
2025-04-13,2024,Athletic Club,Rayo Vallecano,3,1,1.6,1.6,54.0,46.0,12,10,3,2,Home Win
2025-04-23,2024,Athletic Club,Las Palmas,1,0,2.1,1.0,50.0,50.0,13,10,4,2,Home Win
2025-05-04,2024,Real Sociedad,Athletic Club,0,0,0.9,0.2,59.0,41.0,12,3,3,1,Draw
2025-05-11,2024,Athletic Club,Alaves,1,0,1.3,0.4,59.0,41.0,11,3,3,1,Home Win
2025-05-15,2024,Getafe,Athletic Club,0,2,0.4,1.2,35.0,65.0,11,9,1,2,Away Win
2025-05-18,2024,Valencia,Athletic Club,0,1,0.4,1.1,55.0,45.0,6,10,2,4,Away Win
2024-08-23,2024,Sevilla,Villarreal,1,2,1.0,0.9,59.0,41.0,16,8,7,6,Away Win
2024-08-26,2024,Villarreal,Celta Vigo,4,3,3.6,2.7,45.0,55.0,23,20,8,7,Home Win
2024-08-31,2024,Valencia,Villarreal,1,1,1.1,0.5,58.0,42.0,22,9,5,2,Draw
2024-09-14,2024,Mallorca,Villarreal,1,2,0.3,1.8,53.0,47.0,9,21,4,4,Away Win
2024-09-26,2024,Espanyol,Villarreal,1,2,0.4,1.6,56.0,44.0,9,15,2,4,Away Win
2024-09-30,2024,Villarreal,Las Palmas,3,1,2.8,0.9,43.0,57.0,19,7,6,3,Home Win
2024-10-20,2024,Villarreal,Getafe,1,1,0.9,1.9,56.0,44.0,10,20,4,3,Draw
2024-10-26,2024,Valladolid,Villarreal,1,2,0.9,2.0,45.0,55.0,6,21,2,9,Away Win
2024-11-09,2024,Villarreal,Alaves,3,0,1.5,0.5,63.0,38.0,12,9,2,3,Home Win
2024-11-24,2024,Osasuna,Villarreal,2,2,1.0,2.5,41.0,59.0,3,15,2,6,Draw
2024-12-01,2024,Villarreal,Girona,2,2,2.0,0.5,36.0,64.0,13,13,4,6,Draw
2024-12-15,2024,Villarreal,Betis,1,0,1.9,0.0,62.0,0.0,17,0,3,0,Home Win
2024-12-18,2024,Villarreal,Rayo Vallecano,1,1,1.4,1.5,45.0,55.0,14,18,5,2,Draw
2024-12-22,2024,Leganes,Villarreal,2,5,1.2,3.3,36.0,64.0,4,16,2,7,Away Win
2025-01-13,2024,Real Sociedad,Villarreal,1,0,0.8,1.2,56.0,44.0,6,15,3,5,Home Win
2025-01-20,2024,Villarreal,Mallorca,4,0,2.4,0.5,43.0,57.0,14,9,7,2,Home Win
2025-02-01,2024,Villarreal,Valladolid,5,1,3.5,0.5,53.0,47.0,22,8,8,2,Home Win
2025-02-08,2024,Las Palmas,Villarreal,1,2,1.4,0.9,56.0,44.0,20,9,4,4,Away Win
2025-02-15,2024,Villarreal,Valencia,1,1,1.3,1.1,50.0,50.0,13,12,4,3,Draw
2025-02-22,2024,Rayo Vallecano,Villarreal,0,1,0.6,0.6,50.0,50.0,10,10,5,5,Away Win
2025-03-08,2024,Alaves,Villarreal,1,0,1.0,2.8,32.0,68.0,5,24,3,2,Home Win
2025-03-30,2024,Getafe,Villarreal,1,2,1.0,1.2,55.0,45.0,11,9,4,3,Away Win
2025-04-20,2024,Villarreal,Real Sociedad,2,2,1.9,1.7,58.0,42.0,20,3,5,3,Draw
2025-04-23,2024,Celta Vigo,Villarreal,3,0,2.7,0.4,61.0,39.0,20,4,8,1,Home Win
2025-04-27,2024,Villarreal,Espanyol,1,0,1.4,1.0,45.0,55.0,14,12,5,1,Home Win
2025-05-03,2024,Villarreal,Osasuna,4,2,2.2,1.2,44.0,56.0,15,10,5,3,Home Win
2025-05-10,2024,Girona,Villarreal,0,1,0.2,2.0,55.0,45.0,7,14,0,5,Away Win
2025-05-14,2024,Villarreal,Leganes,3,0,1.6,1.1,39.0,61.0,17,23,7,6,Home Win
2025-05-25,2024,Villarreal,Sevilla,4,2,1.1,1.5,51.0,49.0,12,17,7,6,Home Win
2024-08-15,2024,Real Betis,Girona,1,0,1.4,0.0,39.0,0.0,19,0,4,0,Home Win
2024-09-13,2024,Real Betis,Leganes,2,0,2.1,0.0,64.0,0.0,14,0,5,0,Home Win
2024-09-18,2024,Real Betis,Getafe,2,0,2.6,0.0,65.0,0.0,16,0,6,0,Home Win
2024-09-23,2024,Real Betis,Mallorca,1,0,1.0,0.0,61.0,0.0,16,0,6,0,Home Win
2024-09-29,2024,Real Betis,Espanyol,1,0,2.1,0.0,53.0,0.0,19,0,10,0,Home Win
2024-10-27,2024,Real Betis,Atletico Madrid,1,0,1.9,0.0,42.0,0.0,24,0,3,0,Home Win
2024-11-10,2024,Real Betis,Celta Vigo,2,0,1.6,0.0,56.0,0.0,19,0,6,0,Home Win
2024-12-07,2024,Real Betis,Barcelona,2,0,3.1,0.0,38.0,0.0,11,0,4,0,Home Win
2024-12-22,2024,Real Betis,Rayo Vallecano,1,0,2.1,0.0,55.0,0.0,13,0,4,0,Home Win
2025-01-18,2024,Real Betis,Alaves,1,0,0.5,0.0,50.0,0.0,7,0,2,0,Home Win
2025-02-02,2024,Real Betis,Athletic Club,2,0,1.1,0.0,53.0,0.0,10,0,6,0,Home Win
2025-02-16,2024,Real Betis,Real Sociedad,3,0,2.3,0.0,68.0,0.0,23,0,7,0,Home Win
2025-03-01,2024,Real Betis,Real Madrid,2,0,2.4,0.0,42.0,0.0,17,0,2,0,Home Win
2025-03-09,2024,Real Betis,Las Palmas,1,0,2.3,0.0,67.0,0.0,13,0,5,0,Home Win
2025-03-30,2024,Real Betis,Sevilla,2,0,1.1,0.0,55.0,0.0,11,0,3,0,Home Win
2025-04-13,2024,Real Betis,Villarreal,1,0,1.4,0.0,68.0,0.0,24,0,5,0,Home Win
2025-04-24,2024,Real Betis,Valladolid,5,0,1.9,0.0,69.0,0.0,16,0,6,0,Home Win
2025-05-11,2024,Real Betis,Osasuna,1,0,0.4,0.0,58.0,0.0,10,0,5,0,Home Win
2025-05-23,2024,Real Betis,Valencia,1,0,0.9,0.0,47.0,0.0,14,0,4,0,Home Win
2024-08-16,2024,Celta Vigo,Alaves,2,1,0.8,1.6,63.0,37.0,6,10,4,2,Home Win
2024-08-23,2024,Celta Vigo,Valencia,3,1,1.3,0.9,49.0,51.0,6,13,4,4,Home Win
2024-09-01,2024,Osasuna,Celta Vigo,3,2,0.9,1.7,50.0,50.0,10,12,3,4,Home Win
2024-09-15,2024,Celta Vigo,Valladolid,3,1,1.8,0.5,54.0,46.0,14,6,9,2,Home Win
2024-09-29,2024,Celta Vigo,Girona,1,1,0.5,0.8,48.0,52.0,12,9,2,4,Draw
2024-10-05,2024,Las Palmas,Celta Vigo,0,1,1.3,0.8,60.0,40.0,25,8,5,1,Away Win
2024-10-27,2024,Leganes,Celta Vigo,3,0,1.6,0.9,39.0,61.0,7,18,4,5,Home Win
2024-11-04,2024,Celta Vigo,Getafe,1,0,1.9,0.5,57.0,43.0,10,10,3,2,Home Win
2024-11-30,2024,Espanyol,Celta Vigo,3,1,0.9,1.6,22.0,78.0,9,15,5,1,Home Win
2024-12-06,2024,Celta Vigo,Mallorca,2,0,0.9,0.8,50.0,50.0,12,9,5,4,Home Win
2024-12-14,2024,Sevilla,Celta Vigo,1,0,0.7,1.2,45.0,55.0,8,10,3,2,Home Win
2024-12-21,2024,Celta Vigo,Real Sociedad,2,0,1.3,0.3,42.0,58.0,11,7,7,1,Home Win
2025-01-10,2024,Rayo Vallecano,Celta Vigo,2,1,0.7,2.1,50.0,50.0,8,23,5,7,Home Win
2025-01-27,2024,Alaves,Celta Vigo,1,1,0.9,0.1,49.0,51.0,2,5,0,2,Draw
2025-02-02,2024,Valencia,Celta Vigo,2,1,1.6,0.4,46.0,54.0,8,3,5,2,Home Win
2025-02-08,2024,Celta Vigo,Betis,3,0,2.2,0.0,55.0,0.0,14,0,6,0,Home Win
2025-02-21,2024,Celta Vigo,Osasuna,1,0,1.8,1.2,46.0,54.0,11,18,4,1,Home Win
2025-03-01,2024,Girona,Celta Vigo,2,2,0.7,1.8,51.0,49.0,9,9,6,5,Draw
2025-03-08,2024,Celta Vigo,Leganes,2,1,0.9,1.0,56.0,44.0,7,12,4,6,Home Win
2025-03-15,2024,Valladolid,Celta Vigo,0,1,0.7,1.5,39.0,61.0,5,9,2,0,Away Win
2025-03-31,2024,Celta Vigo,Las Palmas,1,1,1.0,0.3,61.0,39.0,20,4,6,2,Draw
2025-04-05,2024,Mallorca,Celta Vigo,1,2,0.5,0.8,45.0,55.0,7,10,2,4,Away Win
2025-04-12,2024,Celta Vigo,Espanyol,0,2,0.9,1.2,65.0,35.0,16,5,6,3,Away Win
2025-05-10,2024,Celta Vigo,Sevilla,3,2,0.9,2.3,49.0,51.0,8,18,4,9,Home Win
2025-05-13,2024,Real Sociedad,Celta Vigo,0,1,1.7,1.1,61.0,39.0,15,6,4,2,Away Win
2025-05-18,2024,Celta Vigo,Rayo Vallecano,1,2,2.4,1.2,61.0,39.0,23,7,5,2,Away Win
2025-05-24,2024,Getafe,Celta Vigo,1,2,0.4,1.5,35.0,65.0,6,15,1,8,Away Win
2024-08-18,2024,Real Sociedad,Rayo Vallecano,1,2,1.1,1.1,66.0,34.0,11,12,4,4,Away Win
2024-08-24,2024,Getafe,Rayo Vallecano,0,0,0.5,0.2,48.0,52.0,12,3,0,0,Draw
2024-08-31,2024,Espanyol,Rayo Vallecano,2,1,1.6,1.3,47.0,53.0,10,17,3,5,Home Win
2024-09-16,2024,Rayo Vallecano,Osasuna,3,1,1.6,0.3,65.0,35.0,17,5,6,2,Home Win
2024-09-25,2024,Girona,Rayo Vallecano,0,0,2.0,0.5,71.0,29.0,11,2,1,0,Draw
2024-09-28,2024,Rayo Vallecano,Leganes,1,1,0.9,0.9,54.0,46.0,15,13,6,3,Draw
2024-10-05,2024,Valladolid,Rayo Vallecano,1,2,2.0,1.5,40.0,60.0,13,17,5,3,Away Win
2024-10-20,2024,Mallorca,Rayo Vallecano,1,0,2.0,0.6,51.0,49.0,19,10,5,2,Home Win
2024-10-26,2024,Rayo Vallecano,Alaves,1,0,1.9,0.9,51.0,49.0,15,15,4,7,Home Win
2024-11-08,2024,Rayo Vallecano,Las Palmas,1,3,2.4,1.1,64.0,36.0,34,11,6,3,Away Win
2024-11-24,2024,Sevilla,Rayo Vallecano,1,0,1.1,0.8,53.0,47.0,11,9,3,1,Home Win
2024-12-07,2024,Valencia,Rayo Vallecano,0,1,1.3,0.9,60.0,40.0,14,6,5,1,Away Win
2025-01-19,2024,Osasuna,Rayo Vallecano,1,1,0.8,0.8,52.0,48.0,12,8,3,3,Draw
2025-01-26,2024,Rayo Vallecano,Girona,2,1,2.4,1.0,57.0,43.0,17,12,7,5,Home Win
2025-01-31,2024,Leganes,Rayo Vallecano,0,1,0.9,2.2,34.0,66.0,4,19,0,3,Away Win
2025-02-07,2024,Rayo Vallecano,Valladolid,1,0,2.3,0.4,69.0,31.0,20,8,5,3,Home Win
2025-03-01,2024,Rayo Vallecano,Sevilla,1,1,2.8,0.6,64.0,36.0,20,10,8,4,Draw
2025-03-16,2024,Rayo Vallecano,Real Sociedad,2,2,0.6,0.6,55.0,45.0,10,8,5,4,Draw
2025-03-29,2024,Alaves,Rayo Vallecano,0,2,1.5,0.6,55.0,45.0,11,11,2,5,Away Win
2025-04-04,2024,Rayo Vallecano,Espanyol,0,4,0.7,3.4,69.0,31.0,16,14,5,6,Away Win
2025-04-19,2024,Rayo Vallecano,Valencia,1,1,0.5,2.0,57.0,43.0,11,10,4,3,Draw
2025-05-02,2024,Rayo Vallecano,Getafe,1,0,1.2,0.9,59.0,41.0,13,12,8,1,Home Win
2025-05-09,2024,Las Palmas,Rayo Vallecano,0,1,0.7,1.2,42.0,58.0,11,16,2,5,Away Win
2025-05-15,2024,Rayo Vallecano,Betis,2,0,1.2,0.0,53.0,0.0,20,0,6,0,Home Win
2025-05-24,2024,Rayo Vallecano,Mallorca,0,0,2.2,0.6,57.0,43.0,27,9,8,2,Draw
2024-08-17,2024,Osasuna,Leganes,1,1,1.7,1.0,61.0,39.0,16,10,6,4,Draw
2024-08-24,2024,Osasuna,Mallorca,1,0,0.6,0.6,46.0,54.0,15,10,5,1,Home Win
2024-08-29,2024,Girona,Osasuna,4,0,2.4,0.0,60.0,40.0,10,1,5,0,Home Win
2024-09-21,2024,Osasuna,Las Palmas,2,1,1.9,0.8,40.0,60.0,12,11,3,6,Home Win
2024-09-24,2024,Valencia,Osasuna,0,0,0.7,0.5,52.0,48.0,10,9,3,2,Draw
2024-10-05,2024,Getafe,Osasuna,1,1,0.8,0.3,41.0,59.0,11,6,3,2,Draw
2024-10-19,2024,Osasuna,Betis,1,0,2.0,0.0,55.0,0.0,19,0,6,0,Home Win
2024-10-27,2024,Real Sociedad,Osasuna,0,2,1.6,1.0,74.0,26.0,19,10,9,4,Away Win
2024-11-02,2024,Osasuna,Valladolid,1,0,2.2,0.2,49.0,51.0,19,7,3,3,Home Win
2024-12-02,2024,Sevilla,Osasuna,1,1,1.3,0.7,64.0,36.0,12,7,5,3,Draw
2024-12-08,2024,Osasuna,Alaves,2,2,1.8,1.3,60.0,40.0,16,6,8,3,Draw
2024-12-14,2024,Espanyol,Osasuna,0,0,0.3,0.3,42.0,58.0,9,6,3,0,Draw
2025-01-24,2024,Las Palmas,Osasuna,1,1,0.8,2.6,51.0,49.0,16,16,7,4,Draw
2025-02-02,2024,Osasuna,Real Sociedad,2,1,0.7,2.0,38.0,62.0,11,13,4,3,Home Win
2025-02-10,2024,Mallorca,Osasuna,1,1,1.3,1.4,46.0,54.0,9,19,1,4,Draw
2025-03-02,2024,Osasuna,Valencia,3,3,1.5,1.8,51.0,49.0,10,13,4,5,Draw
2025-03-16,2024,Osasuna,Getafe,1,2,1.9,0.5,61.0,39.0,11,7,3,3,Away Win
2025-04-07,2024,Leganes,Osasuna,1,1,1.7,2.2,56.0,44.0,12,13,6,6,Draw
2025-04-13,2024,Osasuna,Girona,2,1,1.7,0.9,32.0,68.0,13,18,6,8,Home Win
2025-04-20,2024,Valladolid,Osasuna,2,3,1.9,2.3,50.0,50.0,11,10,4,5,Away Win
2025-04-24,2024,Osasuna,Sevilla,1,0,0.3,1.1,57.0,43.0,9,12,2,3,Home Win
2025-05-18,2024,Osasuna,Espanyol,2,0,1.2,0.7,46.0,54.0,16,16,3,6,Home Win
2025-05-24,2024,Alaves,Osasuna,1,1,2.0,1.6,46.0,54.0,13,19,4,5,Draw
2024-08-27,2024,Mallorca,Sevilla,0,0,0.9,0.7,45.0,55.0,12,16,4,7,Draw
2024-08-31,2024,Leganes,Mallorca,0,1,0.3,1.0,54.0,46.0,9,12,2,3,Away Win
2024-09-17,2024,Mallorca,Real Sociedad,1,0,1.2,0.6,40.0,60.0,9,13,3,5,Home Win
2024-09-27,2024,Valladolid,Mallorca,1,2,1.2,2.2,51.0,49.0,13,17,1,6,Away Win
2024-10-05,2024,Espanyol,Mallorca,2,1,0.9,1.6,40.0,60.0,8,11,3,5,Home Win
2024-11-01,2024,Alaves,Mallorca,1,0,1.1,0.5,51.0,49.0,13,7,3,2,Home Win
2024-11-23,2024,Las Palmas,Mallorca,2,3,1.2,1.7,61.0,39.0,13,9,2,3,Away Win
2024-11-29,2024,Mallorca,Valencia,2,1,0.8,1.3,48.0,52.0,9,6,3,0,Home Win
2024-12-14,2024,Mallorca,Girona,2,1,1.2,0.8,32.0,68.0,8,13,2,1,Home Win
2024-12-21,2024,Getafe,Mallorca,0,1,0.8,2.3,54.0,46.0,18,8,5,1,Away Win
2025-01-25,2024,Mallorca,Betis,0,0,1.0,0.0,48.0,0.0,16,0,3,0,Draw
2025-02-16,2024,Mallorca,Las Palmas,3,1,1.7,0.8,49.0,51.0,14,9,5,4,Home Win
2025-02-24,2024,Sevilla,Mallorca,1,1,1.3,2.3,53.0,47.0,19,13,3,2,Draw
2025-03-02,2024,Mallorca,Alaves,1,1,1.1,1.6,44.0,56.0,15,19,4,7,Draw
2025-03-15,2024,Mallorca,Espanyol,2,1,2.7,0.2,62.0,38.0,18,2,5,0,Home Win
2025-03-30,2024,Valencia,Mallorca,1,0,0.7,0.6,44.0,56.0,8,8,2,2,Home Win
2025-04-12,2024,Real Sociedad,Mallorca,0,2,0.7,0.7,65.0,35.0,15,7,4,3,Away Win
2025-04-19,2024,Mallorca,Leganes,0,0,0.9,0.9,55.0,45.0,11,15,1,1,Draw
2025-05-05,2024,Girona,Mallorca,1,0,1.3,0.5,47.0,53.0,13,9,6,1,Home Win
2025-05-10,2024,Mallorca,Valladolid,2,1,1.0,1.8,61.0,39.0,12,16,4,7,Home Win
2025-05-18,2024,Mallorca,Getafe,1,2,0.4,1.6,72.0,28.0,7,10,1,4,Away Win
2024-08-24,2024,Espanyol,Real Sociedad,0,1,1.6,0.7,34.0,66.0,13,8,3,3,Away Win
2024-08-28,2024,Real Sociedad,Alaves,1,2,1.0,1.6,53.0,47.0,10,13,1,4,Away Win
2024-09-01,2024,Getafe,Real Sociedad,0,0,0.6,0.0,53.0,47.0,16,1,1,0,Draw
2024-09-21,2024,Valladolid,Real Sociedad,0,0,1.0,1.4,36.0,64.0,15,14,2,3,Draw
2024-09-28,2024,Real Sociedad,Valencia,3,0,3.4,0.8,61.0,39.0,11,9,6,4,Home Win
2024-10-19,2024,Girona,Real Sociedad,0,1,0.4,1.7,47.0,53.0,8,14,3,4,Away Win
2024-11-03,2024,Sevilla,Real Sociedad,0,2,1.1,1.4,55.0,45.0,8,8,0,2,Away Win
2024-12-01,2024,Real Sociedad,Betis,2,0,0.8,0.0,41.0,0.0,1,0,0,0,Home Win
2024-12-08,2024,Leganes,Real Sociedad,0,3,0.7,1.8,56.0,44.0,11,15,2,5,Away Win
2024-12-15,2024,Real Sociedad,Las Palmas,0,0,1.1,1.0,61.0,39.0,15,9,4,3,Draw
2025-01-19,2024,Valencia,Real Sociedad,1,0,1.6,0.8,36.0,64.0,7,9,2,3,Home Win
2025-01-26,2024,Real Sociedad,Getafe,0,3,0.9,1.4,56.0,44.0,13,13,4,4,Away Win
2025-02-09,2024,Real Sociedad,Espanyol,2,1,1.7,0.9,68.0,32.0,13,3,3,0,Home Win
2025-02-23,2024,Real Sociedad,Leganes,3,0,0.7,0.3,55.0,45.0,12,8,5,2,Home Win
2025-03-09,2024,Real Sociedad,Sevilla,0,1,0.7,0.6,61.0,39.0,7,9,2,4,Away Win
2025-03-29,2024,Real Sociedad,Valladolid,2,1,0.7,0.7,55.0,45.0,12,12,2,5,Home Win
2025-04-06,2024,Las Palmas,Real Sociedad,1,3,2.0,2.4,51.0,49.0,13,13,5,8,Away Win
2025-04-23,2024,Alaves,Real Sociedad,1,0,0.6,0.8,38.0,62.0,10,6,1,0,Home Win
2025-05-18,2024,Real Sociedad,Girona,3,2,2.0,2.3,54.0,46.0,14,9,6,5,Home Win
2024-09-21,2024,Valencia,Girona,2,0,0.4,0.4,33.0,67.0,8,8,2,3,Home Win
2024-10-04,2024,Leganes,Valencia,0,0,0.8,0.5,59.0,41.0,8,6,0,1,Draw
2024-10-21,2024,Valencia,Las Palmas,2,3,1.6,1.2,48.0,52.0,13,11,6,6,Away Win
2024-10-27,2024,Getafe,Valencia,1,1,2.2,0.7,64.0,36.0,14,2,3,1,Draw
2024-11-23,2024,Valencia,Betis,4,0,1.5,0.0,48.0,0.0,11,0,5,0,Home Win
2024-12-13,2024,Valladolid,Valencia,1,0,0.6,0.8,33.0,67.0,2,14,1,1,Home Win
2024-12-18,2024,Espanyol,Valencia,1,1,2.1,2.0,46.0,54.0,10,14,3,4,Draw
2024-12-22,2024,Valencia,Alaves,2,2,1.5,1.6,62.0,38.0,7,10,2,2,Draw
2025-01-11,2024,Sevilla,Valencia,1,1,0.5,0.7,54.0,46.0,15,5,5,1,Draw
2025-02-09,2024,Valencia,Leganes,2,0,1.9,0.5,44.0,56.0,19,12,4,4,Home Win
2025-03-08,2024,Valencia,Valladolid,2,1,1.9,0.9,62.0,38.0,17,11,4,4,Home Win
2025-03-15,2024,Girona,Valencia,1,1,0.9,1.0,57.0,43.0,14,12,4,2,Draw
2025-04-11,2024,Valencia,Sevilla,1,0,1.3,0.8,51.0,49.0,8,12,6,5,Home Win
2025-04-22,2024,Valencia,Espanyol,1,1,0.9,0.3,67.0,33.0,16,8,7,3,Draw
2025-05-03,2024,Las Palmas,Valencia,2,3,1.7,1.4,53.0,47.0,14,10,2,5,Away Win
2025-05-10,2024,Valencia,Getafe,3,0,2.7,0.5,58.0,42.0,8,10,4,3,Home Win
2025-05-14,2024,Alaves,Valencia,1,0,1.8,0.8,42.0,58.0,10,10,4,3,Home Win
2024-09-14,2024,Sevilla,Getafe,1,0,1.4,1.0,60.0,40.0,10,15,4,4,Home Win
2024-09-22,2024,Getafe,Leganes,1,1,1.5,0.6,59.0,41.0,12,6,3,2,Draw
2024-09-28,2024,Getafe,Alaves,2,0,2.1,0.5,46.0,54.0,13,9,7,1,Home Win
2024-11-10,2024,Getafe,Girona,0,1,0.6,0.2,47.0,53.0,8,3,0,2,Away Win
2024-11-22,2024,Getafe,Valladolid,2,0,0.6,1.1,57.0,43.0,12,6,5,3,Home Win
2024-12-09,2024,Getafe,Espanyol,1,0,0.4,0.7,43.0,57.0,15,9,6,1,Home Win
2025-01-12,2024,Las Palmas,Getafe,1,2,1.3,1.1,63.0,37.0,14,12,6,3,Away Win
2025-02-01,2024,Getafe,Sevilla,0,0,1.0,0.9,45.0,55.0,7,13,1,0,Draw
2025-02-09,2024,Alaves,Getafe,0,1,1.4,0.9,65.0,35.0,12,3,4,2,Away Win
2025-02-14,2024,Girona,Getafe,1,2,0.9,0.6,71.0,29.0,14,10,4,6,Away Win
2025-02-23,2024,Getafe,Betis,1,0,1.2,0.0,49.0,0.0,10,0,4,0,Home Win
2025-03-02,2024,Leganes,Getafe,1,0,1.0,0.3,57.0,43.0,6,9,1,0,Home Win
2025-04-06,2024,Valladolid,Getafe,0,4,0.6,1.9,51.0,49.0,5,16,0,8,Away Win
2025-04-12,2024,Getafe,Las Palmas,1,3,1.4,1.3,42.0,58.0,11,10,6,5,Away Win
2025-04-18,2024,Espanyol,Getafe,1,0,0.4,0.4,62.0,38.0,9,9,3,4,Home Win
2024-08-19,2024,Valladolid,Espanyol,1,0,0.8,0.7,46.0,54.0,12,10,1,2,Home Win
2024-09-14,2024,Espanyol,Alaves,3,2,1.6,1.9,39.0,61.0,8,19,3,6,Home Win
2024-10-25,2024,Espanyol,Sevilla,0,2,1.2,0.8,43.0,57.0,16,6,1,3,Away Win
2024-11-23,2024,Girona,Espanyol,4,1,3.5,0.5,75.0,25.0,12,9,5,1,Home Win
2024-12-22,2024,Las Palmas,Espanyol,1,0,0.9,0.7,57.0,43.0,10,9,3,2,Home Win
2025-01-11,2024,Espanyol,Leganes,1,1,0.7,2.0,53.0,47.0,15,14,5,6,Draw
2025-01-17,2024,Espanyol,Valladolid,2,1,1.0,1.2,36.0,64.0,12,11,4,4,Home Win
2025-01-25,2024,Sevilla,Espanyol,1,1,1.2,0.7,74.0,26.0,25,6,4,1,Draw
2025-02-22,2024,Alaves,Espanyol,0,1,1.8,0.4,62.0,38.0,15,9,4,2,Away Win
2025-03-10,2024,Espanyol,Girona,1,1,0.2,1.6,33.0,67.0,7,17,4,3,Draw
2025-05-04,2024,Espanyol,Betis,1,0,1.2,0.0,38.0,0.0,11,0,5,0,Home Win
2025-05-11,2024,Leganes,Espanyol,3,2,1.5,1.2,49.0,51.0,13,12,5,6,Home Win
2025-05-24,2024,Espanyol,Las Palmas,2,0,2.0,0.5,44.0,56.0,7,10,2,4,Home Win
2024-08-25,2024,Alaves,Betis,0,0,0.2,0.0,38.0,0.0,5,0,1,0,Draw
2024-09-01,2024,Alaves,Las Palmas,2,0,2.0,0.7,30.0,70.0,14,12,5,6,Home Win
2024-09-20,2024,Alaves,Sevilla,2,1,1.1,0.5,35.0,65.0,10,8,4,2,Home Win
2024-10-18,2024,Alaves,Valladolid,2,3,0.5,2.4,62.0,38.0,10,10,4,2,Away Win
2024-11-30,2024,Alaves,Leganes,1,1,1.1,0.9,60.0,40.0,18,6,7,3,Draw
2025-01-11,2024,Alaves,Girona,0,1,1.3,0.5,43.0,57.0,11,3,2,1,Away Win
2025-02-15,2024,Leganes,Alaves,3,3,1.8,1.7,43.0,57.0,6,15,1,6,Draw
2025-03-14,2024,Las Palmas,Alaves,2,2,1.8,1.7,61.0,39.0,13,9,5,3,Draw
2025-04-05,2024,Girona,Alaves,0,1,1.4,0.8,64.0,36.0,16,9,1,4,Away Win
2025-04-20,2024,Sevilla,Alaves,1,1,1.6,1.0,44.0,56.0,10,11,2,3,Draw
2025-05-18,2024,Valladolid,Alaves,0,1,1.6,1.4,50.0,50.0,7,13,1,3,Away Win
2024-09-01,2024,Sevilla,Girona,0,2,0.9,1.9,50.0,50.0,16,10,5,3,Away Win
2024-10-26,2024,Las Palmas,Girona,1,0,0.9,0.6,43.0,57.0,12,8,3,3,Home Win
2024-11-02,2024,Girona,Leganes,4,3,2.0,0.4,54.0,46.0,14,8,5,5,Home Win
2024-12-20,2024,Girona,Valladolid,3,0,2.5,0.0,70.0,30.0,23,1,7,1,Home Win
2025-01-18,2024,Girona,Sevilla,1,2,1.0,2.6,60.0,40.0,7,13,4,5,Away Win
2025-02-03,2024,Girona,Las Palmas,2,1,2.0,1.5,47.0,53.0,11,10,3,2,Home Win
2025-04-21,2024,Girona,Betis,1,0,1.1,0.0,61.0,0.0,11,0,4,0,Home Win
2025-04-24,2024,Leganes,Girona,1,1,0.3,0.5,32.0,68.0,7,8,1,2,Draw
2025-05-13,2024,Valladolid,Girona,0,1,0.9,1.4,48.0,52.0,11,13,4,5,Away Win
2024-08-16,2024,Las Palmas,Sevilla,2,2,1.4,1.8,48.0,52.0,15,18,5,5,Draw
2024-09-24,2024,Sevilla,Valladolid,2,1,2.1,0.7,54.0,46.0,22,8,5,2,Home Win
2024-10-06,2024,Sevilla,Betis,1,0,1.4,0.0,51.0,0.0,13,0,4,0,Home Win
2024-11-09,2024,Leganes,Sevilla,1,0,1.1,0.6,43.0,57.0,7,13,3,2,Home Win
2025-02-16,2024,Valladolid,Sevilla,0,4,0.5,1.1,52.0,48.0,7,11,1,6,Away Win
2025-05-04,2024,Sevilla,Leganes,2,2,2.7,0.6,57.0,43.0,25,9,7,3,Draw
2025-05-13,2024,Sevilla,Las Palmas,1,0,1.3,0.5,45.0,55.0,10,14,3,3,Home Win
2024-08-25,2024,Leganes,Las Palmas,2,1,1.5,0.9,39.0,61.0,9,10,4,5,Home Win
2024-08-28,2024,Valladolid,Leganes,0,0,1.1,0.2,58.0,42.0,12,7,2,1,Draw
2025-03-16,2024,Leganes,Betis,2,0,1.3,0.0,36.0,0.0,10,0,4,0,Home Win
2025-05-18,2024,Las Palmas,Leganes,0,1,0.6,1.5,69.0,31.0,12,11,3,4,Away Win
2025-05-24,2024,Leganes,Valladolid,3,0,2.1,0.4,54.0,46.0,16,6,6,2,Home Win
2024-09-26,2024,Las Palmas,Betis,1,0,1.0,0.0,55.0,0.0,8,0,2,0,Home Win
2024-12-07,2024,Las Palmas,Valladolid,2,1,1.1,1.3,58.0,42.0,11,9,5,2,Home Win
2025-02-28,2024,Valladolid,Las Palmas,1,1,1.8,0.2,64.0,36.0,23,4,7,3,Draw
2025-01-11,2024,Valladolid,Betis,1,0,1.2,0.0,42.0,0.0,12,0,1,0,Home Win
2023-08-12,2023,Athletic Club,Real Madrid,0,2,0.4,0.9,46.0,54.0,7,14,1,8,Away Win
2023-08-19,2023,Almeria,Real Madrid,1,3,1.3,2.0,43.0,57.0,20,25,8,9,Away Win
2023-08-25,2023,Celta Vigo,Real Madrid,0,1,1.2,1.4,37.0,63.0,13,9,4,2,Away Win
2023-09-02,2023,Real Madrid,Getafe,2,1,2.8,0.4,76.0,24.0,26,6,12,2,Home Win
2023-09-17,2023,Real Madrid,Real Sociedad,2,1,2.0,1.6,52.0,48.0,17,15,8,5,Home Win
2023-09-24,2023,Atletico Madrid,Real Madrid,3,1,1.4,1.0,37.0,63.0,10,20,4,5,Home Win
2023-09-27,2023,Real Madrid,Las Palmas,2,0,1.7,0.7,48.0,52.0,21,16,9,2,Home Win
2023-09-30,2023,Girona,Real Madrid,0,3,1.6,2.3,52.0,48.0,13,14,3,7,Away Win
2023-10-07,2023,Real Madrid,Osasuna,4,0,3.2,0.5,67.0,33.0,18,7,8,1,Home Win
2023-10-21,2023,Sevilla,Real Madrid,1,1,1.5,1.6,49.0,51.0,17,14,6,4,Draw
2023-10-28,2023,Barcelona,Real Madrid,1,2,1.5,1.1,53.0,47.0,15,13,3,4,Away Win
2023-11-05,2023,Real Madrid,Rayo Vallecano,0,0,2.2,0.1,63.0,37.0,22,4,5,0,Draw
2023-11-11,2023,Real Madrid,Valencia,5,1,1.7,1.7,56.0,44.0,16,10,7,4,Home Win
2023-11-26,2023,Cadiz,Real Madrid,0,3,1.2,1.6,39.0,61.0,13,14,4,5,Away Win
2023-12-02,2023,Real Madrid,Granada,2,0,1.8,0.1,71.0,29.0,11,2,4,0,Home Win
2023-12-17,2023,Real Madrid,Villarreal,4,1,2.3,0.8,60.0,40.0,22,3,9,1,Home Win
2023-12-21,2023,Alaves,Real Madrid,0,1,0.6,0.6,40.0,60.0,8,9,2,4,Away Win
2024-01-03,2023,Real Madrid,Mallorca,1,0,1.7,0.6,67.0,33.0,17,7,5,0,Home Win
2024-01-21,2023,Real Madrid,Almeria,3,2,2.2,0.9,73.0,27.0,17,10,5,2,Home Win
2024-01-27,2023,Las Palmas,Real Madrid,1,2,0.7,2.3,53.0,47.0,7,13,2,5,Away Win
2024-02-01,2023,Getafe,Real Madrid,0,2,0.8,2.0,42.0,58.0,10,16,2,9,Away Win
2024-02-04,2023,Real Madrid,Atletico Madrid,1,1,1.9,1.1,54.0,46.0,17,10,4,5,Draw
2024-02-10,2023,Real Madrid,Girona,4,0,3.2,0.3,53.0,47.0,15,5,6,0,Home Win
2024-02-18,2023,Rayo Vallecano,Real Madrid,1,1,1.1,1.1,41.0,59.0,7,11,2,4,Draw
2024-02-25,2023,Real Madrid,Sevilla,1,0,1.0,0.8,64.0,36.0,16,4,6,1,Home Win
2024-03-02,2023,Valencia,Real Madrid,2,2,1.1,2.2,30.0,70.0,12,10,5,5,Draw
2024-03-10,2023,Real Madrid,Celta Vigo,4,0,3.4,0.8,62.0,38.0,25,11,13,1,Home Win
2024-03-16,2023,Osasuna,Real Madrid,2,4,0.7,2.9,36.0,64.0,10,17,4,9,Away Win
2024-03-31,2023,Real Madrid,Athletic Club,2,0,1.1,0.3,58.0,42.0,9,7,4,3,Home Win
2024-04-13,2023,Mallorca,Real Madrid,0,1,0.6,1.5,44.0,56.0,6,16,2,8,Away Win
2024-04-21,2023,Real Madrid,Barcelona,3,2,2.3,1.4,47.0,53.0,13,15,7,6,Home Win
2024-04-26,2023,Real Sociedad,Real Madrid,0,1,0.6,0.4,56.0,44.0,9,5,3,3,Away Win
2024-05-04,2023,Real Madrid,Cadiz,3,0,2.3,0.9,70.0,30.0,19,7,9,2,Home Win
2024-05-11,2023,Granada,Real Madrid,0,4,1.0,1.5,42.0,58.0,12,13,1,7,Away Win
2024-05-14,2023,Real Madrid,Alaves,5,0,2.5,1.3,71.0,29.0,22,18,11,10,Home Win
2024-05-19,2023,Villarreal,Real Madrid,4,4,1.7,1.0,43.0,57.0,21,12,7,6,Draw
2024-05-25,2023,Real Madrid,Betis,0,0,1.0,0.0,59.0,0.0,13,0,4,0,Draw
2023-08-13,2023,Getafe,Barcelona,0,0,0.6,1.4,26.0,74.0,5,14,2,3,Draw
2023-08-20,2023,Barcelona,Cadiz,2,0,3.4,1.1,74.0,26.0,24,10,10,1,Home Win
2023-08-27,2023,Villarreal,Barcelona,3,4,1.9,3.1,40.0,60.0,13,21,6,11,Away Win
2023-09-03,2023,Osasuna,Barcelona,1,2,0.8,2.0,31.0,69.0,11,8,3,3,Away Win
2023-09-16,2023,Barcelona,Betis,5,0,2.4,0.0,65.0,0.0,17,0,9,0,Home Win
2023-09-23,2023,Barcelona,Celta Vigo,3,2,1.6,1.5,74.0,26.0,15,13,6,7,Home Win
2023-09-26,2023,Mallorca,Barcelona,2,2,0.8,1.9,31.0,69.0,10,10,5,4,Draw
2023-09-29,2023,Barcelona,Sevilla,1,0,2.4,1.1,58.0,42.0,18,12,4,3,Home Win
2023-10-08,2023,Granada,Barcelona,2,2,0.8,3.0,20.0,80.0,7,22,2,10,Draw
2023-10-22,2023,Barcelona,Athletic Club,1,0,1.3,0.4,62.0,38.0,12,10,7,3,Home Win
2023-11-04,2023,Real Sociedad,Barcelona,0,1,0.9,1.2,51.0,49.0,13,12,6,4,Away Win
2023-11-12,2023,Barcelona,Alaves,2,1,1.6,1.7,71.0,29.0,10,8,5,1,Home Win
2023-11-25,2023,Rayo Vallecano,Barcelona,1,1,0.7,1.0,33.0,67.0,10,15,4,4,Draw
2023-12-03,2023,Barcelona,Atletico Madrid,1,0,2.6,0.6,58.0,42.0,13,8,2,3,Home Win
2023-12-10,2023,Barcelona,Girona,2,4,3.7,2.5,54.0,46.0,31,15,11,7,Away Win
2023-12-16,2023,Valencia,Barcelona,1,1,0.5,3.2,37.0,63.0,11,16,4,7,Draw
2023-12-20,2023,Barcelona,Almeria,3,2,3.4,1.6,65.0,35.0,30,10,11,5,Home Win
2024-01-04,2023,Las Palmas,Barcelona,1,2,0.7,2.4,44.0,56.0,12,14,3,4,Away Win
2024-01-27,2023,Barcelona,Villarreal,3,5,2.2,2.1,70.0,30.0,22,9,9,6,Away Win
2024-01-31,2023,Barcelona,Osasuna,1,0,1.9,1.0,68.0,32.0,16,9,4,1,Home Win
2024-02-03,2023,Alaves,Barcelona,1,3,1.0,1.2,36.0,64.0,13,8,2,5,Away Win
2024-02-11,2023,Barcelona,Granada,3,3,2.3,1.4,65.0,35.0,11,11,5,5,Draw
2024-02-17,2023,Celta Vigo,Barcelona,1,2,0.8,1.5,34.0,66.0,13,13,4,3,Away Win
2024-02-24,2023,Barcelona,Getafe,4,0,3.1,0.5,67.0,33.0,17,10,9,4,Home Win
2024-03-03,2023,Athletic Club,Barcelona,0,0,0.4,0.7,40.0,60.0,8,8,2,1,Draw
2024-03-08,2023,Barcelona,Mallorca,1,0,2.0,0.6,63.0,37.0,19,9,5,3,Home Win
2024-03-17,2023,Atletico Madrid,Barcelona,0,3,0.8,1.5,41.0,59.0,13,9,3,5,Away Win
2024-03-30,2023,Barcelona,Las Palmas,1,0,1.7,0.3,69.0,31.0,14,8,2,0,Home Win
2024-04-13,2023,Cadiz,Barcelona,0,1,1.0,0.9,38.0,62.0,14,12,3,1,Away Win
2024-04-29,2023,Barcelona,Valencia,4,2,2.2,2.1,80.0,20.0,27,4,13,2,Home Win
2024-05-04,2023,Girona,Barcelona,4,2,1.8,2.6,40.0,60.0,9,15,6,6,Home Win
2024-05-13,2023,Barcelona,Real Sociedad,2,0,2.1,0.7,56.0,44.0,13,10,4,3,Home Win
2024-05-16,2023,Almeria,Barcelona,0,2,0.9,1.6,36.0,64.0,12,16,3,7,Away Win
2024-05-19,2023,Barcelona,Rayo Vallecano,3,0,1.3,1.3,72.0,28.0,14,15,6,4,Home Win
2024-05-26,2023,Sevilla,Barcelona,1,2,1.5,1.3,39.0,61.0,15,11,6,6,Away Win
2023-08-12,2023,Real Sociedad,Girona,1,1,1.0,0.8,48.0,52.0,15,6,2,1,Draw
2023-08-20,2023,Girona,Getafe,3,0,1.4,0.7,63.0,37.0,7,9,6,2,Home Win
2023-08-26,2023,Sevilla,Girona,1,2,1.7,1.7,52.0,48.0,21,8,4,3,Away Win
2023-09-03,2023,Girona,Las Palmas,1,0,1.0,1.1,46.0,54.0,11,10,6,5,Home Win
2023-09-18,2023,Granada,Girona,2,4,1.6,2.8,43.0,57.0,12,13,5,6,Away Win
2023-09-23,2023,Girona,Mallorca,5,3,3.2,1.8,56.0,44.0,22,14,8,4,Home Win
2023-09-27,2023,Villarreal,Girona,1,2,1.8,2.1,53.0,47.0,13,17,2,5,Away Win
2023-10-07,2023,Cadiz,Girona,0,1,0.4,1.2,27.0,73.0,8,20,2,5,Away Win
2023-10-22,2023,Girona,Almeria,5,2,1.9,1.0,66.0,34.0,19,9,8,5,Home Win
2023-10-27,2023,Girona,Celta Vigo,1,0,0.6,0.2,65.0,35.0,12,4,2,2,Home Win
2023-11-04,2023,Osasuna,Girona,2,4,1.4,2.2,50.0,50.0,15,11,3,4,Away Win
2023-11-11,2023,Rayo Vallecano,Girona,1,2,1.7,4.5,46.0,54.0,22,19,9,6,Away Win
2023-11-27,2023,Girona,Athletic Club,1,1,1.3,1.5,60.0,40.0,13,13,2,6,Draw
2023-12-02,2023,Girona,Valencia,2,1,1.6,1.0,75.0,25.0,9,9,5,3,Home Win
2023-12-18,2023,Girona,Alaves,3,0,1.7,0.7,66.0,34.0,8,12,3,2,Home Win
2024-01-03,2023,Girona,Atletico Madrid,4,3,2.3,2.3,52.0,48.0,17,18,9,12,Home Win
2024-01-14,2023,Almeria,Girona,0,0,1.7,0.3,46.0,54.0,20,5,3,1,Draw
2024-01-21,2023,Girona,Sevilla,5,1,2.3,0.7,55.0,45.0,12,9,8,3,Home Win
2024-01-28,2023,Celta Vigo,Girona,0,1,0.6,0.9,40.0,60.0,10,15,5,6,Away Win
2024-02-03,2023,Girona,Real Sociedad,0,0,0.7,0.6,49.0,51.0,11,11,3,2,Draw
2024-02-19,2023,Athletic Club,Girona,3,2,1.8,2.1,31.0,69.0,14,12,7,5,Home Win
2024-02-26,2023,Girona,Rayo Vallecano,3,0,2.2,0.5,54.0,46.0,14,7,8,1,Home Win
2024-03-03,2023,Mallorca,Girona,1,0,1.2,1.0,40.0,60.0,16,15,1,4,Home Win
2024-03-09,2023,Girona,Osasuna,2,0,1.9,0.2,60.0,40.0,11,7,6,1,Home Win
2024-03-16,2023,Getafe,Girona,1,0,1.2,1.8,41.0,59.0,11,13,3,3,Home Win
2024-03-31,2023,Girona,Betis,3,0,2.6,0.0,57.0,0.0,8,0,4,0,Home Win
2024-04-13,2023,Atletico Madrid,Girona,3,1,2.3,2.4,41.0,59.0,16,12,3,5,Home Win
2024-04-20,2023,Girona,Cadiz,4,1,2.1,1.6,57.0,43.0,10,12,5,5,Home Win
2024-04-27,2023,Las Palmas,Girona,0,2,1.6,1.9,61.0,39.0,9,4,4,1,Away Win
2024-05-10,2023,Alaves,Girona,2,2,1.7,1.7,36.0,64.0,14,15,8,5,Draw
2024-05-14,2023,Girona,Villarreal,0,1,1.6,0.6,67.0,33.0,22,11,4,3,Away Win
2024-05-19,2023,Valencia,Girona,1,3,3.2,2.6,37.0,63.0,19,18,5,5,Away Win
2024-05-24,2023,Girona,Granada,7,0,4.6,1.0,70.0,30.0,14,10,7,2,Home Win
2023-08-14,2023,Atletico Madrid,Granada,3,1,2.4,0.9,46.0,54.0,14,7,6,4,Home Win
2023-08-28,2023,Rayo Vallecano,Atletico Madrid,0,7,0.6,3.4,56.0,44.0,12,17,3,10,Away Win
2023-09-16,2023,Valencia,Atletico Madrid,3,0,1.3,0.6,37.0,63.0,12,11,8,3,Home Win
2023-09-28,2023,Osasuna,Atletico Madrid,0,2,1.0,1.5,55.0,45.0,13,5,2,3,Away Win
2023-10-01,2023,Atletico Madrid,Cadiz,3,2,2.7,0.8,69.0,31.0,18,8,9,4,Home Win
2023-10-08,2023,Atletico Madrid,Real Sociedad,2,1,2.2,1.2,38.0,62.0,13,13,4,4,Home Win
2023-10-21,2023,Celta Vigo,Atletico Madrid,0,3,0.9,1.8,36.0,64.0,16,11,3,6,Away Win
2023-10-29,2023,Atletico Madrid,Alaves,2,1,1.3,0.5,63.0,37.0,11,8,7,1,Home Win
2023-11-03,2023,Las Palmas,Atletico Madrid,2,1,0.4,1.2,52.0,48.0,9,13,3,5,Home Win
2023-11-12,2023,Atletico Madrid,Villarreal,3,1,3.9,0.8,50.0,50.0,25,11,10,7,Home Win
2023-11-25,2023,Atletico Madrid,Mallorca,1,0,1.7,1.1,68.0,32.0,20,8,3,1,Home Win
2023-12-10,2023,Atletico Madrid,Almeria,2,1,2.2,1.3,57.0,43.0,13,19,4,6,Home Win
2023-12-16,2023,Athletic Club,Atletico Madrid,2,0,2.4,0.4,38.0,62.0,15,7,7,3,Home Win
2023-12-19,2023,Atletico Madrid,Getafe,3,3,2.0,2.0,42.0,58.0,7,28,3,8,Draw
2023-12-23,2023,Atletico Madrid,Sevilla,1,0,0.9,0.3,50.0,50.0,12,8,4,2,Home Win
2024-01-22,2023,Granada,Atletico Madrid,0,1,0.6,1.2,53.0,47.0,17,10,1,5,Away Win
2024-01-28,2023,Atletico Madrid,Valencia,2,0,2.4,0.5,54.0,46.0,12,10,8,3,Home Win
2024-01-31,2023,Atletico Madrid,Rayo Vallecano,2,1,1.0,0.4,54.0,46.0,8,10,3,2,Home Win
2024-02-11,2023,Sevilla,Atletico Madrid,1,0,1.0,1.5,39.0,61.0,10,16,6,4,Home Win
2024-02-17,2023,Atletico Madrid,Las Palmas,5,0,3.5,0.7,36.0,64.0,12,11,6,2,Home Win
2024-02-24,2023,Almeria,Atletico Madrid,2,2,0.5,1.5,40.0,60.0,9,18,4,9,Draw
2024-03-03,2023,Atletico Madrid,Betis,2,0,3.0,0.0,42.0,0.0,16,0,11,0,Home Win
2024-03-09,2023,Cadiz,Atletico Madrid,2,0,1.1,0.9,40.0,60.0,7,8,3,4,Home Win
2024-04-01,2023,Villarreal,Atletico Madrid,1,2,0.8,1.3,52.0,48.0,11,14,2,8,Away Win
2024-04-21,2023,Alaves,Atletico Madrid,2,0,0.4,0.9,32.0,68.0,8,15,3,4,Home Win
2024-04-27,2023,Atletico Madrid,Athletic Club,3,1,0.8,1.0,42.0,58.0,8,7,3,1,Home Win
2024-05-04,2023,Mallorca,Atletico Madrid,0,1,0.2,0.7,59.0,41.0,7,9,4,4,Away Win
2024-05-12,2023,Atletico Madrid,Celta Vigo,1,0,1.4,0.4,56.0,44.0,21,6,8,2,Home Win
2024-05-15,2023,Getafe,Atletico Madrid,0,3,0.6,1.3,45.0,55.0,8,7,3,3,Away Win
2024-05-19,2023,Atletico Madrid,Osasuna,1,4,1.6,1.8,56.0,44.0,14,15,2,6,Away Win
2024-05-25,2023,Real Sociedad,Atletico Madrid,0,2,0.6,2.2,59.0,41.0,14,10,2,4,Away Win
2023-08-19,2023,Osasuna,Athletic Club,0,2,1.3,1.5,63.0,37.0,18,8,7,2,Away Win
2023-08-27,2023,Athletic Club,Betis,4,0,2.9,0.0,48.0,0.0,12,0,4,0,Home Win
2023-09-03,2023,Mallorca,Athletic Club,0,0,0.4,0.6,33.0,67.0,8,11,1,3,Draw
2023-09-16,2023,Athletic Club,Cadiz,3,0,2.9,0.3,65.0,35.0,20,5,8,4,Home Win
2023-09-22,2023,Alaves,Athletic Club,0,2,1.1,1.7,44.0,56.0,15,11,5,3,Away Win
2023-09-27,2023,Athletic Club,Getafe,2,2,0.7,1.4,49.0,51.0,8,13,4,5,Draw
2023-09-30,2023,Real Sociedad,Athletic Club,3,0,1.4,1.8,51.0,49.0,8,18,5,3,Home Win
2023-10-06,2023,Athletic Club,Almeria,3,0,1.9,0.1,59.0,41.0,23,4,9,1,Home Win
2023-10-29,2023,Athletic Club,Valencia,2,2,1.9,1.9,57.0,43.0,12,11,7,4,Draw
2023-11-05,2023,Villarreal,Athletic Club,2,3,2.1,2.3,58.0,43.0,17,17,6,7,Away Win
2023-11-10,2023,Athletic Club,Celta Vigo,4,3,4.6,2.1,58.0,42.0,20,12,11,4,Home Win
2023-12-02,2023,Athletic Club,Rayo Vallecano,4,0,1.3,0.5,51.0,49.0,9,11,4,3,Home Win
2023-12-11,2023,Granada,Athletic Club,1,1,0.7,1.1,48.0,52.0,7,19,2,4,Draw
2023-12-20,2023,Athletic Club,Las Palmas,1,0,3.4,0.3,50.0,50.0,18,5,8,1,Home Win
2024-01-04,2023,Sevilla,Athletic Club,0,2,0.7,1.3,61.0,39.0,11,15,2,5,Away Win
2024-01-13,2023,Athletic Club,Real Sociedad,2,1,1.6,1.1,49.0,51.0,10,9,3,1,Home Win
2024-01-20,2023,Valencia,Athletic Club,1,0,0.9,0.5,40.0,60.0,6,6,1,3,Home Win
2024-01-28,2023,Cadiz,Athletic Club,0,0,0.4,0.2,43.0,57.0,9,8,2,0,Draw
2024-02-02,2023,Athletic Club,Mallorca,4,0,1.7,0.4,62.0,38.0,13,6,6,2,Home Win
2024-02-12,2023,Almeria,Athletic Club,0,0,0.9,0.7,39.0,61.0,10,12,4,4,Draw
2024-03-10,2023,Las Palmas,Athletic Club,0,2,1.2,1.1,70.0,30.0,14,7,2,2,Away Win
2024-03-16,2023,Athletic Club,Alaves,2,0,1.7,1.3,59.0,41.0,16,6,4,2,Home Win
2024-04-14,2023,Athletic Club,Villarreal,1,1,0.7,2.1,53.0,47.0,13,8,6,1,Draw
2024-04-19,2023,Athletic Club,Granada,1,1,1.5,0.2,67.0,33.0,17,5,5,0,Draw
2024-05-03,2023,Getafe,Athletic Club,0,2,4.5,0.6,64.0,36.0,33,7,8,2,Away Win
2024-05-11,2023,Athletic Club,Osasuna,2,2,1.4,1.0,67.0,33.0,15,13,6,3,Draw
2024-05-15,2023,Celta Vigo,Athletic Club,2,1,0.7,0.2,53.0,47.0,10,7,4,2,Home Win
2024-05-19,2023,Athletic Club,Sevilla,2,0,1.6,0.9,53.0,47.0,15,9,6,4,Home Win
2024-05-25,2023,Rayo Vallecano,Athletic Club,0,1,1.1,0.9,63.0,37.0,17,7,4,1,Away Win
2023-08-19,2023,Real Sociedad,Celta Vigo,1,1,0.7,1.0,53.0,47.0,11,17,2,6,Draw
2023-08-25,2023,Las Palmas,Real Sociedad,0,0,0.9,1.0,52.0,48.0,11,8,5,1,Draw
2023-09-02,2023,Real Sociedad,Granada,5,3,2.3,0.8,61.0,39.0,15,8,6,5,Home Win
2023-09-24,2023,Real Sociedad,Getafe,4,3,2.0,1.4,61.0,39.0,9,9,5,6,Home Win
2023-09-27,2023,Valencia,Real Sociedad,0,1,0.4,0.2,38.0,62.0,9,2,2,1,Away Win
2023-10-21,2023,Real Sociedad,Mallorca,1,0,1.3,1.9,56.0,44.0,14,18,6,6,Home Win
2023-10-29,2023,Rayo Vallecano,Real Sociedad,2,2,1.0,2.0,55.0,45.0,16,14,7,2,Draw
2023-11-11,2023,Almeria,Real Sociedad,1,3,0.4,2.4,47.0,53.0,7,17,2,5,Away Win
2023-11-26,2023,Real Sociedad,Sevilla,2,1,0.7,0.6,49.0,51.0,11,8,8,2,Home Win
2023-12-02,2023,Osasuna,Real Sociedad,1,1,0.7,1.7,29.0,71.0,9,17,3,5,Draw
2023-12-09,2023,Villarreal,Real Sociedad,0,3,2.2,1.5,53.0,47.0,20,16,4,5,Away Win
2023-12-17,2023,Real Sociedad,Betis,0,0,1.1,0.0,57.0,0.0,12,0,4,0,Draw
2023-12-21,2023,Cadiz,Real Sociedad,0,0,1.0,0.5,40.0,60.0,10,8,2,1,Draw
2024-01-02,2023,Real Sociedad,Alaves,1,1,1.2,1.0,53.0,47.0,16,6,5,1,Draw
2024-01-20,2023,Celta Vigo,Real Sociedad,0,1,0.3,0.8,49.0,51.0,6,6,2,2,Away Win
2024-01-27,2023,Real Sociedad,Rayo Vallecano,0,0,0.2,0.1,51.0,49.0,6,5,3,0,Draw
2024-02-10,2023,Real Sociedad,Osasuna,0,1,1.5,0.5,68.0,32.0,21,9,3,2,Away Win
2024-02-18,2023,Mallorca,Real Sociedad,1,2,0.1,1.1,33.0,67.0,4,19,1,5,Away Win
2024-02-23,2023,Real Sociedad,Villarreal,1,3,1.5,1.0,70.0,30.0,21,6,7,4,Away Win
2024-03-02,2023,Sevilla,Real Sociedad,3,2,2.0,1.5,39.0,61.0,12,12,5,3,Home Win
2024-03-09,2023,Granada,Real Sociedad,2,3,1.7,2.1,37.0,63.0,12,11,5,8,Away Win
2024-03-15,2023,Real Sociedad,Cadiz,2,0,1.9,0.8,63.0,37.0,14,13,6,2,Home Win
2024-03-31,2023,Alaves,Real Sociedad,0,1,0.3,0.9,41.0,59.0,3,12,0,3,Away Win
2024-04-14,2023,Real Sociedad,Almeria,2,2,1.5,1.6,50.0,50.0,17,6,4,2,Draw
2024-04-21,2023,Getafe,Real Sociedad,1,1,0.5,1.2,41.0,59.0,6,7,2,3,Draw
2024-05-04,2023,Real Sociedad,Las Palmas,2,0,0.6,0.5,52.0,48.0,9,7,4,1,Home Win
2024-05-16,2023,Real Sociedad,Valencia,1,0,1.3,0.8,57.0,43.0,10,7,5,3,Home Win
2023-08-20,2023,Real Betis,Atletico Madrid,0,0,0.7,0.0,53.0,0.0,14,0,0,0,Draw
2023-09-02,2023,Real Betis,Rayo Vallecano,1,0,1.0,0.0,55.0,0.0,14,0,5,0,Home Win
2023-09-24,2023,Real Betis,Cadiz,1,0,1.8,0.0,63.0,0.0,21,0,7,0,Home Win
2023-10-01,2023,Real Betis,Valencia,3,0,1.6,0.0,55.0,0.0,15,0,7,0,Home Win
2023-10-29,2023,Real Betis,Osasuna,2,0,1.2,0.0,51.0,0.0,9,0,2,0,Home Win
2023-11-04,2023,Real Betis,Mallorca,2,0,2.2,0.0,57.0,0.0,22,0,3,0,Home Win
2023-11-26,2023,Real Betis,Las Palmas,1,0,1.4,0.0,39.0,0.0,12,0,6,0,Home Win
2023-12-09,2023,Real Betis,Real Madrid,1,0,1.3,0.0,37.0,0.0,14,0,6,0,Home Win
2023-12-21,2023,Real Betis,Girona,1,0,1.5,0.0,47.0,0.0,21,0,4,0,Home Win
2024-01-13,2023,Real Betis,Granada,1,0,1.8,0.0,57.0,0.0,25,0,6,0,Home Win
2024-01-21,2023,Real Betis,Barcelona,2,0,1.1,0.0,37.0,0.0,14,0,4,0,Home Win
2024-02-04,2023,Real Betis,Getafe,1,0,1.6,0.0,54.0,0.0,8,0,1,0,Home Win
2024-02-18,2023,Real Betis,Alaves,0,0,0.8,0.0,62.0,0.0,13,0,1,0,Draw
2024-02-25,2023,Real Betis,Athletic Club,3,0,1.2,0.0,57.0,0.0,13,0,5,0,Home Win
2024-03-10,2023,Real Betis,Villarreal,2,0,1.0,0.0,54.0,0.0,13,0,4,0,Home Win
2024-04-12,2023,Real Betis,Celta Vigo,2,0,1.2,0.0,47.0,0.0,15,0,3,0,Home Win
2024-04-28,2023,Real Betis,Sevilla,1,0,1.8,0.0,50.0,0.0,14,0,3,0,Home Win
2024-05-12,2023,Real Betis,Almeria,3,0,0.8,0.0,48.0,0.0,14,0,7,0,Home Win
2024-05-19,2023,Real Betis,Real Sociedad,0,0,1.7,0.0,67.0,0.0,17,0,8,0,Draw
2023-08-13,2023,Villarreal,Betis,1,0,0.9,0.0,63.0,0.0,18,0,5,0,Home Win
2023-08-18,2023,Mallorca,Villarreal,0,1,0.4,1.8,40.0,60.0,8,15,1,3,Away Win
2023-09-01,2023,Cadiz,Villarreal,3,1,2.1,0.3,43.0,57.0,17,7,3,3,Home Win
2023-09-17,2023,Villarreal,Almeria,2,1,0.9,1.5,62.0,38.0,10,17,4,7,Home Win
2023-09-24,2023,Rayo Vallecano,Villarreal,1,1,1.2,1.6,42.0,58.0,11,13,6,6,Draw
2023-09-30,2023,Getafe,Villarreal,0,0,0.9,0.1,64.0,36.0,22,3,9,0,Draw
2023-10-08,2023,Villarreal,Las Palmas,1,2,1.0,1.1,49.0,51.0,9,7,4,4,Away Win
2023-10-22,2023,Villarreal,Alaves,1,1,1.5,1.7,68.0,32.0,11,16,2,7,Draw
2023-10-30,2023,Granada,Villarreal,2,3,2.1,1.6,46.0,54.0,18,5,8,4,Away Win
2023-11-26,2023,Villarreal,Osasuna,3,1,2.4,1.0,45.0,55.0,10,15,3,7,Home Win
2023-12-03,2023,Sevilla,Villarreal,1,1,1.8,1.2,57.0,43.0,18,5,4,4,Draw
2023-12-20,2023,Villarreal,Celta Vigo,3,2,2.4,1.3,49.0,51.0,11,15,7,4,Home Win
2024-01-02,2023,Valencia,Villarreal,3,1,2.8,0.5,46.0,54.0,9,8,6,4,Home Win
2024-01-13,2023,Las Palmas,Villarreal,3,0,0.8,2.0,54.0,46.0,8,17,3,3,Home Win
2024-01-20,2023,Villarreal,Mallorca,1,1,1.9,0.4,51.0,49.0,18,8,5,2,Draw
2024-02-04,2023,Villarreal,Cadiz,0,0,1.2,0.7,59.0,41.0,19,8,4,2,Draw
2024-02-10,2023,Alaves,Villarreal,1,1,1.8,1.2,51.0,49.0,17,13,4,3,Draw
2024-02-16,2023,Villarreal,Getafe,1,1,1.2,0.8,55.0,45.0,20,11,7,1,Draw
2024-03-03,2023,Villarreal,Granada,5,1,2.0,0.5,48.0,52.0,16,9,10,3,Home Win
2024-03-17,2023,Villarreal,Valencia,1,0,2.0,1.1,52.0,48.0,12,14,6,7,Home Win
2024-04-21,2023,Almeria,Villarreal,1,2,1.8,1.6,57.0,43.0,24,11,5,3,Away Win
2024-04-28,2023,Villarreal,Rayo Vallecano,3,0,1.4,1.0,46.0,54.0,15,20,7,4,Home Win
2024-05-05,2023,Celta Vigo,Villarreal,3,2,3.9,0.6,53.0,47.0,22,11,6,3,Home Win
2024-05-11,2023,Villarreal,Sevilla,3,2,3.1,1.7,59.0,41.0,25,7,7,3,Home Win
2024-05-25,2023,Osasuna,Villarreal,1,1,0.9,1.6,43.0,57.0,12,11,6,3,Draw
2023-08-11,2023,Sevilla,Valencia,1,2,0.7,1.1,55.0,45.0,9,10,3,3,Away Win
2023-08-18,2023,Valencia,Las Palmas,1,0,1.5,0.5,39.0,61.0,8,7,3,1,Home Win
2023-08-27,2023,Valencia,Osasuna,1,2,1.7,1.2,64.0,36.0,16,6,4,1,Away Win
2023-09-02,2023,Alaves,Valencia,1,0,1.3,0.8,40.0,60.0,6,9,0,4,Home Win
2023-09-23,2023,Almeria,Valencia,2,2,2.6,0.8,61.0,39.0,17,7,10,5,Draw
2023-10-07,2023,Mallorca,Valencia,1,1,0.6,0.5,49.0,51.0,9,11,5,3,Draw
2023-10-23,2023,Valencia,Cadiz,2,0,1.5,0.6,61.0,39.0,12,5,4,4,Home Win
2023-11-05,2023,Valencia,Granada,1,0,1.2,0.5,51.0,49.0,10,6,1,1,Home Win
2023-11-25,2023,Valencia,Celta Vigo,0,0,0.5,0.8,55.0,45.0,8,13,0,1,Draw
2023-12-08,2023,Getafe,Valencia,1,0,0.7,0.1,67.0,33.0,8,3,6,0,Home Win
2023-12-19,2023,Rayo Vallecano,Valencia,0,1,0.3,0.3,59.0,41.0,7,8,1,3,Away Win
2024-01-14,2023,Cadiz,Valencia,1,4,1.1,1.9,57.0,43.0,9,9,1,5,Away Win
2024-02-03,2023,Valencia,Almeria,2,1,1.4,1.9,48.0,52.0,6,15,2,4,Home Win
2024-02-10,2023,Las Palmas,Valencia,2,0,1.3,0.5,72.0,28.0,8,7,3,1,Home Win
2024-02-17,2023,Valencia,Sevilla,0,0,1.0,0.0,54.0,46.0,14,1,4,1,Draw
2024-03-09,2023,Valencia,Getafe,1,0,0.8,1.3,51.0,49.0,10,15,3,5,Home Win
2024-03-30,2023,Valencia,Mallorca,0,0,1.5,0.9,53.0,47.0,14,11,4,3,Draw
2024-04-04,2023,Granada,Valencia,0,1,0.6,0.4,57.0,43.0,13,6,3,2,Away Win
2024-04-15,2023,Osasuna,Valencia,0,1,1.9,0.2,65.0,35.0,12,4,1,3,Away Win
2024-04-20,2023,Valencia,Betis,1,0,1.1,0.0,54.0,0.0,7,0,4,0,Home Win
2024-05-05,2023,Valencia,Alaves,0,1,0.9,0.8,58.0,42.0,13,14,1,4,Away Win
2024-05-12,2023,Valencia,Rayo Vallecano,0,0,1.3,0.6,51.0,49.0,13,12,5,1,Draw
2024-05-26,2023,Celta Vigo,Valencia,2,2,1.5,2.0,54.0,46.0,8,11,3,0,Draw
2023-08-14,2023,Cadiz,Alaves,1,0,0.7,0.3,45.0,55.0,12,10,3,2,Home Win
2023-08-21,2023,Alaves,Sevilla,4,3,1.8,0.6,34.0,66.0,14,12,7,2,Home Win
2023-08-28,2023,Getafe,Alaves,1,0,2.2,0.7,47.0,53.0,14,16,3,1,Home Win
2023-09-15,2023,Rayo Vallecano,Alaves,2,0,2.6,0.7,51.0,49.0,19,9,10,1,Home Win
2023-09-28,2023,Celta Vigo,Alaves,1,1,0.6,2.6,46.0,54.0,8,21,0,9,Draw
2023-10-01,2023,Alaves,Osasuna,0,2,1.5,1.1,46.0,54.0,17,10,3,3,Away Win
2023-10-08,2023,Alaves,Betis,1,0,1.3,0.0,40.0,0.0,15,0,5,0,Home Win
2023-11-05,2023,Alaves,Almeria,1,0,2.4,0.5,56.0,44.0,22,9,3,3,Home Win
2023-11-24,2023,Alaves,Granada,3,1,0.8,1.1,43.0,57.0,8,10,5,3,Home Win
2023-12-03,2023,Mallorca,Alaves,0,0,0.8,0.3,63.0,37.0,7,7,3,4,Draw
2023-12-09,2023,Alaves,Las Palmas,0,1,1.9,0.4,41.0,59.0,19,9,3,2,Away Win
2024-01-12,2023,Sevilla,Alaves,2,3,2.2,2.0,68.0,32.0,18,16,3,8,Away Win
2024-01-19,2023,Alaves,Cadiz,1,0,2.0,0.3,49.0,51.0,12,9,2,1,Home Win
2024-01-26,2023,Almeria,Alaves,0,3,1.4,1.8,64.0,36.0,19,10,7,2,Away Win
2024-02-24,2023,Alaves,Mallorca,1,1,0.5,2.2,52.0,48.0,9,15,1,7,Draw
2024-03-04,2023,Osasuna,Alaves,1,0,1.0,1.0,55.0,45.0,15,10,4,4,Home Win
2024-03-10,2023,Alaves,Rayo Vallecano,1,0,0.6,0.6,34.0,66.0,12,9,4,3,Home Win
2024-04-14,2023,Granada,Alaves,2,0,1.3,0.3,38.0,62.0,8,8,2,3,Home Win
2024-04-27,2023,Alaves,Celta Vigo,3,0,2.3,0.2,38.0,62.0,16,4,8,0,Home Win
2024-05-18,2023,Alaves,Getafe,1,0,1.2,0.3,48.0,52.0,9,10,2,4,Home Win
2024-05-26,2023,Las Palmas,Alaves,1,1,1.0,2.5,65.0,35.0,9,13,4,3,Draw
2023-08-13,2023,Celta Vigo,Osasuna,0,2,1.0,1.0,53.0,47.0,11,11,0,5,Away Win
2023-09-17,2023,Getafe,Osasuna,3,2,0.5,1.1,44.0,56.0,11,7,6,2,Home Win
2023-09-23,2023,Osasuna,Sevilla,0,0,1.4,0.8,44.0,56.0,16,15,2,3,Draw
2023-10-20,2023,Osasuna,Granada,2,0,2.1,0.6,58.0,42.0,11,13,5,3,Home Win
2023-11-11,2023,Osasuna,Las Palmas,1,1,1.0,0.4,46.0,54.0,11,6,3,1,Draw
2023-12-10,2023,Cadiz,Osasuna,1,1,0.9,1.6,45.0,55.0,12,12,5,3,Draw
2023-12-15,2023,Osasuna,Rayo Vallecano,1,0,1.2,0.7,60.0,40.0,10,10,4,3,Home Win
2023-12-21,2023,Mallorca,Osasuna,3,2,1.1,1.6,42.0,58.0,15,12,8,7,Home Win
2024-01-04,2023,Osasuna,Almeria,1,0,1.3,0.2,52.0,48.0,14,4,2,0,Home Win
2024-01-21,2023,Osasuna,Getafe,3,2,1.2,1.4,43.0,57.0,13,10,7,7,Home Win
2024-01-28,2023,Sevilla,Osasuna,1,1,0.8,1.2,44.0,56.0,10,11,5,4,Draw
2024-02-04,2023,Osasuna,Celta Vigo,0,3,1.1,1.1,70.0,30.0,18,6,1,5,Away Win
2024-02-17,2023,Osasuna,Cadiz,2,0,2.0,0.5,56.0,44.0,11,5,4,1,Home Win
2024-02-25,2023,Las Palmas,Osasuna,1,1,0.7,0.7,71.0,29.0,9,6,3,2,Draw
2024-03-30,2023,Almeria,Osasuna,0,3,0.8,1.0,51.0,49.0,12,6,5,4,Away Win
2024-04-20,2023,Rayo Vallecano,Osasuna,2,1,0.5,0.5,64.0,36.0,17,6,6,2,Home Win
2024-04-28,2023,Granada,Osasuna,3,0,2.6,0.8,38.0,62.0,12,11,4,2,Home Win
2024-05-05,2023,Osasuna,Betis,0,0,0.8,0.0,42.0,0.0,12,0,2,0,Draw
2024-05-14,2023,Osasuna,Mallorca,1,1,0.4,1.0,52.0,48.0,10,10,4,4,Draw
2023-10-08,2023,Celta Vigo,Getafe,2,2,3.1,0.7,74.0,26.0,25,3,10,2,Draw
2023-10-21,2023,Getafe,Betis,1,0,1.5,0.0,45.0,0.0,13,0,3,0,Home Win
2023-10-28,2023,Mallorca,Getafe,0,0,0.9,0.2,59.0,41.0,15,8,4,0,Draw
2023-11-06,2023,Getafe,Cadiz,1,0,1.2,0.5,45.0,55.0,13,6,3,2,Home Win
2023-11-11,2023,Granada,Getafe,1,1,1.7,2.3,58.0,42.0,12,10,6,6,Draw
2023-11-25,2023,Getafe,Almeria,2,1,1.2,1.8,53.0,47.0,18,13,5,4,Home Win
2023-12-01,2023,Las Palmas,Getafe,2,0,1.5,0.9,70.0,30.0,11,12,6,4,Home Win
2023-12-16,2023,Sevilla,Getafe,0,3,1.0,2.4,57.0,43.0,12,12,4,5,Away Win
2024-01-02,2023,Getafe,Rayo Vallecano,0,2,0.4,1.9,38.0,62.0,5,12,0,7,Away Win
2024-01-29,2023,Getafe,Granada,2,0,1.3,1.9,40.0,60.0,7,15,4,3,Home Win
2024-02-11,2023,Getafe,Celta Vigo,3,2,2.1,1.2,48.0,52.0,11,9,4,4,Home Win
2024-03-02,2023,Getafe,Las Palmas,3,3,2.3,1.6,28.0,72.0,16,14,5,5,Draw
2024-03-30,2023,Getafe,Sevilla,0,1,1.6,0.8,66.0,34.0,18,10,5,3,Away Win
2024-04-13,2023,Rayo Vallecano,Getafe,0,0,1.0,0.3,63.0,37.0,12,7,2,0,Draw
2024-04-27,2023,Almeria,Getafe,1,3,2.4,1.7,56.0,44.0,21,8,10,5,Away Win
2024-05-12,2023,Cadiz,Getafe,1,0,1.5,0.5,45.0,55.0,12,10,5,4,Home Win
2024-05-26,2023,Getafe,Mallorca,1,2,0.9,1.4,50.0,50.0,16,9,6,4,Away Win
2023-09-01,2023,Almeria,Celta Vigo,2,3,3.0,1.5,63.0,37.0,16,14,5,7,Away Win
2023-09-16,2023,Celta Vigo,Mallorca,0,1,1.3,0.8,60.0,40.0,16,7,4,3,Away Win
2023-10-02,2023,Las Palmas,Celta Vigo,2,1,1.7,1.5,73.0,27.0,15,11,4,3,Home Win
2023-11-04,2023,Celta Vigo,Sevilla,1,1,2.1,0.9,39.0,61.0,15,13,3,5,Draw
2023-12-04,2023,Celta Vigo,Cadiz,1,1,2.4,0.3,68.0,32.0,26,2,7,1,Draw
2023-12-11,2023,Rayo Vallecano,Celta Vigo,0,0,1.2,0.1,63.0,37.0,18,4,4,2,Draw
2023-12-16,2023,Celta Vigo,Granada,1,0,1.4,0.5,39.0,61.0,11,7,4,2,Home Win
2024-01-03,2023,Celta Vigo,Betis,2,0,2.7,0.0,40.0,0.0,18,0,5,0,Home Win
2024-01-13,2023,Mallorca,Celta Vigo,1,1,1.8,0.6,57.0,43.0,17,6,6,2,Draw
2024-02-25,2023,Cadiz,Celta Vigo,2,2,2.2,0.7,65.0,35.0,19,7,6,3,Draw
2024-03-01,2023,Celta Vigo,Almeria,1,0,1.5,0.1,66.0,34.0,15,3,6,0,Home Win
2024-03-17,2023,Sevilla,Celta Vigo,1,2,1.7,1.6,36.0,64.0,11,18,4,5,Away Win
2024-03-31,2023,Celta Vigo,Rayo Vallecano,0,0,0.8,0.6,61.0,39.0,13,8,0,2,Draw
2024-04-20,2023,Celta Vigo,Las Palmas,4,1,4.0,1.0,32.0,68.0,21,9,13,4,Home Win
2024-05-19,2023,Granada,Celta Vigo,1,2,1.9,1.7,49.0,51.0,10,8,3,5,Away Win
2023-09-17,2023,Sevilla,Las Palmas,1,0,1.7,1.0,43.0,57.0,26,14,9,2,Home Win
2023-09-26,2023,Sevilla,Almeria,5,1,2.2,1.8,46.0,54.0,18,9,9,0,Home Win
2023-10-07,2023,Sevilla,Rayo Vallecano,2,2,1.0,1.0,64.0,36.0,22,7,6,4,Draw
2023-10-28,2023,Cadiz,Sevilla,2,2,1.1,1.2,34.0,66.0,10,20,5,10,Draw
2023-11-12,2023,Sevilla,Betis,1,0,0.7,0.0,61.0,0.0,13,0,4,0,Home Win
2023-12-09,2023,Mallorca,Sevilla,1,0,0.5,0.6,35.0,65.0,6,19,3,5,Home Win
2023-12-19,2023,Granada,Sevilla,0,3,0.9,0.5,52.0,48.0,12,12,3,5,Away Win
2024-02-05,2023,Rayo Vallecano,Sevilla,1,2,1.8,1.3,66.0,34.0,22,10,5,6,Away Win
2024-03-11,2023,Almeria,Sevilla,2,2,2.0,2.4,44.0,56.0,14,19,4,6,Draw
2024-04-14,2023,Las Palmas,Sevilla,0,2,0.1,2.1,63.0,37.0,5,10,2,3,Away Win
2024-04-22,2023,Sevilla,Mallorca,2,1,1.1,0.7,54.0,46.0,11,8,4,5,Home Win
2024-05-05,2023,Sevilla,Granada,3,0,1.7,0.4,60.0,40.0,11,8,5,3,Home Win
2024-05-15,2023,Sevilla,Cadiz,0,1,1.3,2.5,56.0,44.0,14,19,3,7,Away Win
2023-08-12,2023,Las Palmas,Mallorca,1,1,0.9,1.6,68.0,32.0,4,10,1,2,Draw
2023-08-26,2023,Granada,Mallorca,3,2,1.4,2.6,53.0,47.0,9,9,3,5,Home Win
2023-09-30,2023,Rayo Vallecano,Mallorca,2,2,2.3,1.5,60.0,40.0,18,9,4,4,Draw
2023-11-29,2023,Mallorca,Cadiz,1,1,1.1,0.3,67.0,33.0,16,6,3,3,Draw
2023-12-17,2023,Almeria,Mallorca,0,0,0.3,1.9,53.0,47.0,7,20,1,2,Draw
2024-01-27,2023,Mallorca,Betis,0,0,1.5,0.0,53.0,0.0,14,0,1,0,Draw
2024-02-11,2023,Mallorca,Rayo Vallecano,2,1,0.9,1.6,49.0,51.0,8,11,5,4,Home Win
2024-03-16,2023,Mallorca,Granada,1,0,1.6,0.4,52.0,48.0,18,8,8,3,Home Win
2024-04-28,2023,Cadiz,Mallorca,1,1,0.4,0.9,58.0,42.0,10,9,2,2,Draw
2024-05-11,2023,Mallorca,Las Palmas,1,0,0.3,0.4,44.0,56.0,7,7,2,1,Home Win
2024-05-19,2023,Mallorca,Almeria,2,2,3.0,0.4,52.0,48.0,29,7,8,3,Draw
2023-09-24,2023,Las Palmas,Granada,1,0,0.6,0.0,56.0,44.0,10,2,3,1,Home Win
2023-10-22,2023,Las Palmas,Rayo Vallecano,0,1,1.3,1.4,60.0,40.0,11,11,5,3,Away Win
2023-10-28,2023,Almeria,Las Palmas,1,2,0.3,0.9,41.0,59.0,10,10,4,3,Away Win
2023-12-17,2023,Las Palmas,Cadiz,1,1,0.7,1.6,64.0,36.0,7,13,2,5,Draw
2024-01-20,2023,Rayo Vallecano,Las Palmas,0,2,1.6,0.7,45.0,55.0,16,10,3,5,Away Win
2024-02-03,2023,Granada,Las Palmas,1,1,0.1,1.0,23.0,77.0,3,16,1,6,Draw
2024-03-17,2023,Las Palmas,Almeria,0,1,0.9,0.8,65.0,35.0,21,3,6,2,Away Win
2024-05-16,2023,Las Palmas,Betis,2,0,2.3,0.0,57.0,0.0,16,0,9,0,Home Win
2024-05-19,2023,Cadiz,Las Palmas,0,0,0.9,0.6,49.0,51.0,10,9,3,1,Draw
2023-08-11,2023,Almeria,Rayo Vallecano,0,2,1.4,2.1,60.0,40.0,19,8,5,2,Away Win
2023-08-21,2023,Granada,Rayo Vallecano,0,2,1.2,2.1,48.0,52.0,14,17,7,9,Away Win
2023-09-27,2023,Cadiz,Rayo Vallecano,0,0,0.6,0.3,52.0,48.0,9,9,2,4,Draw
2024-03-02,2023,Rayo Vallecano,Cadiz,1,1,0.7,1.0,53.0,47.0,9,16,5,5,Draw
2024-03-17,2023,Rayo Vallecano,Betis,2,0,0.7,0.0,39.0,0.0,8,0,4,0,Home Win
2024-05-05,2023,Rayo Vallecano,Almeria,0,1,1.4,0.4,68.0,32.0,27,7,10,2,Away Win
2024-05-15,2023,Rayo Vallecano,Granada,2,1,2.5,1.2,33.0,67.0,18,10,9,1,Home Win
2023-08-26,2023,Cadiz,Almeria,1,1,1.6,0.3,52.0,48.0,11,5,3,2,Draw
2024-01-03,2023,Granada,Cadiz,2,0,3.0,0.8,55.0,45.0,15,15,8,2,Home Win
2024-02-09,2023,Cadiz,Betis,0,0,0.8,0.0,53.0,0.0,14,0,5,0,Draw
2024-03-29,2023,Cadiz,Granada,1,0,1.6,0.5,59.0,41.0,13,10,5,2,Home Win
2024-05-25,2023,Almeria,Cadiz,6,1,2.9,0.5,46.0,54.0,27,12,12,4,Home Win
2023-10-01,2023,Almeria,Granada,3,3,2.9,2.9,49.0,51.0,17,17,5,2,Draw
2023-12-03,2023,Almeria,Betis,0,0,2.4,0.0,62.0,0.0,20,0,8,0,Draw
2024-02-18,2023,Granada,Almeria,1,1,2.0,1.4,58.0,42.0,19,13,7,3,Draw
2023-09-28,2023,Granada,Betis,1,0,1.8,0.0,39.0,0.0,18,0,7,0,Home Win
2022-08-13,2022,Barcelona,Rayo Vallecano,0,0,1.9,0.5,67.0,33.0,21,4,5,2,Draw
2022-08-21,2022,Real Sociedad,Barcelona,1,4,0.8,2.1,42.0,58.0,10,15,5,7,Away Win
2022-08-28,2022,Barcelona,Valladolid,4,0,2.6,0.8,67.0,33.0,24,8,9,2,Home Win
2022-09-03,2022,Sevilla,Barcelona,0,3,1.0,4.0,46.0,54.0,9,18,4,5,Away Win
2022-09-10,2022,Cadiz,Barcelona,0,4,0.4,3.4,30.0,70.0,6,16,0,8,Away Win
2022-09-17,2022,Barcelona,Elche,3,0,3.9,0.0,76.0,24.0,25,1,9,1,Home Win
2022-10-01,2022,Mallorca,Barcelona,0,1,1.2,0.7,29.0,71.0,13,11,3,3,Away Win
2022-10-09,2022,Barcelona,Celta Vigo,1,0,2.0,1.5,57.0,43.0,13,14,5,3,Home Win
2022-10-16,2022,Real Madrid,Barcelona,3,1,1.1,2.0,44.0,56.0,7,18,3,5,Home Win
2022-10-20,2022,Barcelona,Villarreal,3,0,2.1,0.4,69.0,31.0,16,5,5,1,Home Win
2022-10-23,2022,Barcelona,Athletic Club,4,0,1.4,0.5,65.0,35.0,10,5,7,1,Home Win
2022-10-29,2022,Valencia,Barcelona,0,1,0.2,1.6,33.0,67.0,3,13,2,2,Away Win
2022-11-05,2022,Barcelona,Almeria,2,0,4.0,0.5,70.0,30.0,26,4,12,1,Home Win
2022-11-08,2022,Osasuna,Barcelona,1,2,1.0,0.8,47.0,53.0,15,9,3,3,Away Win
2022-12-31,2022,Barcelona,Espanyol,1,1,2.2,0.9,77.0,23.0,21,3,6,0,Draw
2023-01-08,2022,Atletico Madrid,Barcelona,0,1,1.7,0.7,42.0,58.0,20,10,3,2,Away Win
2023-01-22,2022,Barcelona,Getafe,1,0,0.7,1.1,67.0,33.0,8,7,4,3,Home Win
2023-01-28,2022,Girona,Barcelona,0,1,1.1,1.1,41.0,59.0,8,8,2,3,Away Win
2023-02-05,2022,Barcelona,Sevilla,3,0,2.7,0.1,65.0,35.0,16,3,7,1,Home Win
2023-02-12,2022,Villarreal,Barcelona,0,1,1.1,1.7,54.0,46.0,11,6,2,4,Away Win
2023-02-19,2022,Barcelona,Cadiz,2,0,2.2,1.0,64.0,36.0,16,14,4,4,Home Win
2023-02-26,2022,Almeria,Barcelona,1,0,1.0,1.4,28.0,72.0,6,13,4,1,Home Win
2023-03-05,2022,Barcelona,Valencia,1,0,1.8,1.0,53.0,47.0,12,13,4,1,Home Win
2023-03-12,2022,Athletic Club,Barcelona,0,1,0.9,0.9,38.0,62.0,15,10,3,2,Away Win
2023-03-19,2022,Barcelona,Real Madrid,2,1,1.6,0.5,54.0,46.0,17,11,7,3,Home Win
2023-04-01,2022,Elche,Barcelona,0,4,0.8,1.7,41.0,59.0,15,12,2,5,Away Win
2023-04-10,2022,Barcelona,Girona,0,0,1.3,0.6,59.0,41.0,18,5,3,0,Draw
2023-04-16,2022,Getafe,Barcelona,0,0,0.5,1.5,35.0,65.0,5,15,1,3,Draw
2023-04-23,2022,Barcelona,Atletico Madrid,1,0,1.8,1.3,62.0,38.0,13,13,4,3,Home Win
2023-04-26,2022,Rayo Vallecano,Barcelona,2,1,0.7,0.9,40.0,60.0,9,10,6,5,Home Win
2023-04-29,2022,Barcelona,Betis,4,0,3.0,0.0,67.0,0.0,15,0,6,0,Home Win
2023-05-02,2022,Barcelona,Osasuna,1,0,2.8,0.4,76.0,24.0,21,7,4,2,Home Win
2023-05-14,2022,Espanyol,Barcelona,2,4,2.7,3.1,31.0,69.0,15,15,7,5,Away Win
2023-05-20,2022,Barcelona,Real Sociedad,1,2,1.5,2.0,67.0,33.0,13,13,4,6,Away Win
2023-05-23,2022,Valladolid,Barcelona,3,1,2.3,1.7,31.0,69.0,7,16,3,6,Home Win
2023-05-28,2022,Barcelona,Mallorca,3,0,3.6,0.1,78.0,22.0,28,3,8,1,Home Win
2023-06-04,2022,Celta Vigo,Barcelona,2,1,0.7,1.2,29.0,71.0,12,9,9,2,Home Win
2022-08-14,2022,Almeria,Real Madrid,1,2,0.7,2.1,33.0,67.0,10,29,6,15,Away Win
2022-08-20,2022,Celta Vigo,Real Madrid,1,4,1.4,3.7,51.0,49.0,14,14,1,5,Away Win
2022-08-28,2022,Espanyol,Real Madrid,1,3,1.3,2.1,36.0,64.0,15,19,4,6,Away Win
2022-09-03,2022,Real Madrid,Betis,2,0,2.9,0.0,49.0,0.0,22,0,4,0,Home Win
2022-09-11,2022,Real Madrid,Mallorca,4,1,2.3,0.5,68.0,32.0,22,5,7,2,Home Win
2022-09-18,2022,Atletico Madrid,Real Madrid,1,2,1.0,0.9,54.0,46.0,12,6,4,3,Away Win
2022-10-02,2022,Real Madrid,Osasuna,1,1,2.5,0.5,64.0,36.0,21,8,4,2,Draw
2022-10-08,2022,Getafe,Real Madrid,0,1,0.3,1.4,35.0,65.0,9,19,2,4,Away Win
2022-10-19,2022,Elche,Real Madrid,0,3,0.8,1.5,38.0,62.0,10,10,3,6,Away Win
2022-10-22,2022,Real Madrid,Sevilla,3,1,3.0,0.5,56.0,44.0,18,9,6,2,Home Win
2022-10-30,2022,Real Madrid,Girona,1,1,2.9,1.4,58.0,42.0,19,7,6,1,Draw
2022-11-07,2022,Rayo Vallecano,Real Madrid,3,2,1.5,2.4,46.0,54.0,14,15,6,1,Home Win
2022-11-10,2022,Real Madrid,Cadiz,2,1,2.0,0.9,66.0,34.0,18,10,5,5,Home Win
2022-12-30,2022,Valladolid,Real Madrid,0,2,0.6,2.3,39.0,61.0,14,18,4,6,Away Win
2023-01-07,2022,Villarreal,Real Madrid,2,1,3.0,2.2,49.0,51.0,16,12,4,2,Home Win
2023-01-22,2022,Athletic Club,Real Madrid,0,2,1.1,1.1,51.0,49.0,18,10,3,4,Away Win
2023-01-29,2022,Real Madrid,Real Sociedad,0,0,1.3,0.4,61.0,39.0,20,8,7,3,Draw
2023-02-02,2022,Real Madrid,Valencia,2,0,2.3,0.2,70.0,30.0,19,4,7,0,Home Win
2023-02-05,2022,Mallorca,Real Madrid,1,0,0.2,1.7,27.0,73.0,4,19,1,0,Home Win
2023-02-15,2022,Real Madrid,Elche,4,0,4.1,0.6,72.0,28.0,24,7,11,0,Home Win
2023-02-18,2022,Osasuna,Real Madrid,0,2,0.5,1.3,47.0,53.0,11,11,4,6,Away Win
2023-02-25,2022,Real Madrid,Atletico Madrid,1,1,1.6,0.3,62.0,38.0,18,7,7,1,Draw
2023-03-11,2022,Real Madrid,Espanyol,3,1,1.7,1.2,71.0,29.0,22,10,7,3,Home Win
2023-04-02,2022,Real Madrid,Valladolid,6,0,4.5,0.8,60.0,40.0,29,12,17,2,Home Win
2023-04-08,2022,Real Madrid,Villarreal,2,3,2.4,1.5,49.0,51.0,18,17,4,8,Away Win
2023-04-15,2022,Cadiz,Real Madrid,0,2,0.7,3.5,31.0,69.0,12,35,3,11,Away Win
2023-04-22,2022,Real Madrid,Celta Vigo,2,0,1.5,0.9,66.0,34.0,17,12,5,2,Home Win
2023-04-25,2022,Girona,Real Madrid,4,2,2.3,1.8,29.0,71.0,13,18,5,3,Home Win
2023-04-29,2022,Real Madrid,Almeria,4,2,2.8,1.3,68.0,32.0,14,9,7,3,Home Win
2023-05-02,2022,Real Sociedad,Real Madrid,2,0,1.9,0.8,53.0,47.0,9,10,4,4,Home Win
2023-05-13,2022,Real Madrid,Getafe,1,0,0.9,0.7,75.0,25.0,16,9,3,2,Home Win
2023-05-21,2022,Valencia,Real Madrid,1,0,1.0,1.4,27.0,73.0,11,13,6,5,Home Win
2023-05-24,2022,Real Madrid,Rayo Vallecano,2,1,1.3,0.7,61.0,39.0,12,15,3,6,Home Win
2023-05-27,2022,Sevilla,Real Madrid,1,2,1.2,0.8,33.0,67.0,11,6,1,3,Away Win
2023-06-04,2022,Real Madrid,Athletic Club,1,1,1.8,2.3,64.0,36.0,8,14,1,8,Draw
2022-08-15,2022,Getafe,Atletico Madrid,0,3,0.7,1.2,42.0,58.0,10,12,0,5,Away Win
2022-08-21,2022,Atletico Madrid,Villarreal,0,2,1.6,1.8,51.0,49.0,13,19,5,5,Away Win
2022-08-29,2022,Valencia,Atletico Madrid,0,1,0.5,1.5,69.0,31.0,12,13,2,7,Away Win
2022-09-03,2022,Real Sociedad,Atletico Madrid,1,1,1.4,1.1,54.0,46.0,12,15,5,7,Draw
2022-09-10,2022,Atletico Madrid,Celta Vigo,4,1,0.7,1.7,46.0,54.0,10,14,4,3,Home Win
2022-10-01,2022,Sevilla,Atletico Madrid,0,2,0.5,2.2,60.0,40.0,14,20,3,6,Away Win
2022-10-08,2022,Atletico Madrid,Girona,2,1,1.9,0.8,45.0,55.0,13,11,7,4,Home Win
2022-10-15,2022,Athletic Club,Atletico Madrid,0,1,1.2,0.3,60.0,40.0,13,3,3,1,Away Win
2022-10-18,2022,Atletico Madrid,Rayo Vallecano,1,1,1.1,1.8,52.0,48.0,12,13,4,3,Draw
2022-10-29,2022,Cadiz,Atletico Madrid,3,2,1.1,1.3,41.0,59.0,10,16,7,8,Home Win
2022-11-06,2022,Atletico Madrid,Espanyol,1,1,1.9,0.7,67.0,33.0,27,6,7,2,Draw
2022-11-09,2022,Mallorca,Atletico Madrid,1,0,1.3,1.3,37.0,63.0,9,17,3,5,Home Win
2022-12-29,2022,Atletico Madrid,Elche,2,0,1.7,0.4,62.0,38.0,18,5,4,1,Home Win
2023-01-15,2022,Almeria,Atletico Madrid,1,1,1.4,2.4,55.0,45.0,14,12,3,6,Draw
2023-01-21,2022,Atletico Madrid,Valladolid,3,0,3.3,0.5,47.0,53.0,18,7,8,1,Home Win
2023-01-29,2022,Osasuna,Atletico Madrid,0,1,0.9,1.6,52.0,48.0,14,13,4,5,Away Win
2023-02-04,2022,Atletico Madrid,Getafe,1,1,0.7,1.2,62.0,38.0,12,8,4,0,Draw
2023-02-12,2022,Celta Vigo,Atletico Madrid,0,1,0.9,0.9,47.0,53.0,14,10,3,2,Away Win
2023-02-19,2022,Atletico Madrid,Athletic Club,1,0,1.2,0.8,57.0,43.0,17,8,5,2,Home Win
2023-03-04,2022,Atletico Madrid,Sevilla,6,1,3.2,1.5,47.0,53.0,18,7,8,1,Home Win
2023-03-13,2022,Girona,Atletico Madrid,0,1,0.4,1.9,50.0,50.0,6,14,4,4,Away Win
2023-03-18,2022,Atletico Madrid,Valencia,3,0,1.9,1.0,56.0,44.0,14,9,6,1,Home Win
2023-04-02,2022,Atletico Madrid,Betis,1,0,1.6,0.0,54.0,0.0,13,0,7,0,Home Win
2023-04-09,2022,Rayo Vallecano,Atletico Madrid,1,2,0.7,1.9,51.0,49.0,15,14,3,4,Away Win
2023-04-16,2022,Atletico Madrid,Almeria,2,1,2.3,0.2,64.0,36.0,19,3,7,1,Home Win
2023-04-26,2022,Atletico Madrid,Mallorca,3,1,2.7,0.9,68.0,32.0,24,6,9,2,Home Win
2023-04-30,2022,Valladolid,Atletico Madrid,2,5,1.8,2.0,57.0,43.0,18,9,5,5,Away Win
2023-05-03,2022,Atletico Madrid,Cadiz,5,1,3.0,0.0,61.0,39.0,17,2,7,1,Home Win
2023-05-14,2022,Elche,Atletico Madrid,1,0,1.4,1.5,49.0,51.0,15,13,4,4,Home Win
2023-05-21,2022,Atletico Madrid,Osasuna,3,0,1.9,0.8,54.0,46.0,15,12,5,2,Home Win
2023-05-24,2022,Espanyol,Atletico Madrid,3,3,3.0,2.3,46.0,54.0,25,16,12,7,Draw
2023-05-28,2022,Atletico Madrid,Real Sociedad,2,1,0.7,1.2,50.0,50.0,11,10,5,5,Home Win
2023-06-04,2022,Villarreal,Atletico Madrid,2,2,1.6,1.8,66.0,34.0,22,9,7,3,Draw
2022-08-14,2022,Cadiz,Real Sociedad,0,1,0.2,1.7,41.0,59.0,7,15,1,7,Away Win
2022-08-27,2022,Elche,Real Sociedad,0,1,0.7,1.8,45.0,55.0,12,8,5,4,Away Win
2022-09-11,2022,Getafe,Real Sociedad,2,1,1.1,1.2,34.0,66.0,7,13,2,6,Home Win
2022-09-18,2022,Real Sociedad,Espanyol,2,1,1.9,0.8,62.0,38.0,14,14,6,4,Home Win
2022-10-02,2022,Girona,Real Sociedad,3,5,1.0,2.1,41.0,59.0,16,11,8,5,Away Win
2022-10-09,2022,Real Sociedad,Villarreal,1,0,1.2,0.2,60.0,40.0,17,5,5,1,Home Win
2022-10-16,2022,Celta Vigo,Real Sociedad,1,2,0.5,0.8,53.0,47.0,10,8,3,6,Away Win
2022-10-19,2022,Real Sociedad,Mallorca,1,0,1.2,0.9,51.0,49.0,14,12,7,3,Home Win
2022-10-22,2022,Valladolid,Real Sociedad,1,0,0.8,0.9,26.0,74.0,9,20,2,2,Home Win
2022-10-30,2022,Real Sociedad,Betis,0,0,0.9,0.0,58.0,0.0,14,0,7,0,Draw
2022-11-06,2022,Real Sociedad,Valencia,1,1,1.1,0.9,29.0,71.0,9,14,3,3,Draw
2022-11-09,2022,Sevilla,Real Sociedad,1,2,0.6,1.7,32.0,68.0,6,17,3,9,Away Win
2022-12-31,2022,Real Sociedad,Osasuna,2,0,1.4,0.4,51.0,49.0,9,11,2,3,Home Win
2023-01-08,2022,Almeria,Real Sociedad,0,2,0.6,1.7,44.0,56.0,6,9,1,6,Away Win
2023-01-14,2022,Real Sociedad,Athletic Club,3,1,2.0,0.3,57.0,43.0,10,6,4,2,Home Win
2023-01-21,2022,Rayo Vallecano,Real Sociedad,0,2,0.9,1.6,54.0,46.0,14,12,2,7,Away Win
2023-02-05,2022,Real Sociedad,Valladolid,0,1,1.2,0.7,55.0,45.0,15,7,4,2,Away Win
2023-02-13,2022,Espanyol,Real Sociedad,2,3,1.2,1.4,44.0,56.0,10,11,6,4,Away Win
2023-02-18,2022,Real Sociedad,Celta Vigo,1,1,1.4,1.4,54.0,46.0,9,18,3,4,Draw
2023-02-25,2022,Valencia,Real Sociedad,1,0,0.5,0.7,38.0,62.0,8,11,3,3,Home Win
2023-03-03,2022,Real Sociedad,Cadiz,0,0,1.2,0.6,71.0,29.0,15,6,3,2,Draw
2023-03-12,2022,Mallorca,Real Sociedad,1,1,1.4,0.5,38.0,62.0,8,8,2,2,Draw
2023-03-19,2022,Real Sociedad,Elche,2,0,2.0,0.1,60.0,40.0,17,4,4,3,Home Win
2023-04-02,2022,Villarreal,Real Sociedad,2,0,2.7,1.0,52.0,48.0,15,16,3,3,Home Win
2023-04-08,2022,Real Sociedad,Getafe,2,0,2.1,0.3,60.0,40.0,10,6,5,4,Home Win
2023-04-15,2022,Athletic Club,Real Sociedad,2,0,0.8,1.4,51.0,49.0,13,13,5,4,Home Win
2023-04-22,2022,Real Sociedad,Rayo Vallecano,2,1,0.6,0.5,60.0,40.0,7,7,1,2,Home Win
2023-04-28,2022,Osasuna,Real Sociedad,0,2,1.4,1.4,51.0,49.0,13,12,1,7,Away Win
2023-05-13,2022,Real Sociedad,Girona,2,2,2.7,1.2,51.0,49.0,17,13,5,6,Draw
2023-05-23,2022,Real Sociedad,Almeria,1,0,1.9,0.1,72.0,28.0,15,2,2,2,Home Win
2023-06-04,2022,Real Sociedad,Sevilla,2,1,1.8,0.4,55.0,45.0,17,9,6,4,Home Win
2022-08-13,2022,Valladolid,Villarreal,0,3,1.0,1.5,51.0,49.0,12,10,6,4,Away Win
2022-08-28,2022,Getafe,Villarreal,0,0,0.3,1.1,36.0,64.0,8,11,2,6,Draw
2022-09-04,2022,Villarreal,Elche,4,0,3.4,0.6,53.0,47.0,18,7,10,0,Home Win
2022-09-18,2022,Villarreal,Sevilla,1,1,1.5,0.6,46.0,54.0,17,12,6,1,Draw
2022-10-01,2022,Cadiz,Villarreal,0,0,0.7,1.6,40.0,60.0,10,14,2,6,Draw
2022-10-17,2022,Villarreal,Osasuna,2,0,1.5,0.5,58.0,42.0,11,14,8,3,Home Win
2022-10-23,2022,Villarreal,Almeria,2,1,1.0,1.0,52.0,48.0,11,15,5,4,Home Win
2022-10-30,2022,Athletic Club,Villarreal,1,0,1.7,0.3,43.0,57.0,19,6,7,3,Home Win
2022-11-06,2022,Villarreal,Mallorca,0,2,0.5,0.4,71.0,29.0,9,7,2,5,Away Win
2022-11-09,2022,Espanyol,Villarreal,0,1,1.1,0.7,44.0,56.0,14,10,6,3,Away Win
2022-12-31,2022,Villarreal,Valencia,2,1,2.5,1.4,52.0,48.0,14,13,8,4,Home Win
2023-01-13,2022,Celta Vigo,Villarreal,1,1,2.1,0.1,51.0,49.0,21,3,8,1,Draw
2023-01-22,2022,Villarreal,Girona,1,0,2.5,0.6,68.0,32.0,17,8,7,1,Home Win
2023-01-30,2022,Villarreal,Rayo Vallecano,0,1,0.8,1.0,62.0,38.0,12,11,3,3,Away Win
2023-02-04,2022,Elche,Villarreal,3,1,3.0,1.4,28.0,72.0,16,14,5,2,Home Win
2023-02-18,2022,Mallorca,Villarreal,4,2,2.2,1.2,45.0,55.0,13,8,5,4,Home Win
2023-02-27,2022,Villarreal,Getafe,2,1,1.5,0.6,64.0,36.0,11,8,5,3,Home Win
2023-03-04,2022,Almeria,Villarreal,0,2,0.4,2.1,29.0,71.0,6,17,0,6,Away Win
2023-03-12,2022,Villarreal,Betis,1,0,1.7,0.0,57.0,0.0,15,0,4,0,Home Win
2023-03-19,2022,Osasuna,Villarreal,0,3,0.9,1.8,55.0,45.0,10,12,2,6,Away Win
2023-04-15,2022,Villarreal,Valladolid,1,2,2.0,2.2,70.0,30.0,22,14,7,7,Away Win
2023-04-23,2022,Sevilla,Villarreal,2,1,0.9,2.2,38.0,62.0,17,17,4,5,Home Win
2023-04-27,2022,Villarreal,Espanyol,4,2,3.7,0.9,64.0,36.0,30,14,12,4,Home Win
2023-04-30,2022,Villarreal,Celta Vigo,3,1,2.4,0.9,51.0,49.0,8,14,3,5,Home Win
2023-05-03,2022,Valencia,Villarreal,1,1,1.2,0.7,33.0,67.0,8,11,1,4,Draw
2023-05-13,2022,Villarreal,Athletic Club,5,1,3.2,3.1,56.0,44.0,17,10,11,3,Home Win
2023-05-20,2022,Girona,Villarreal,1,2,1.2,1.9,46.0,54.0,9,10,3,5,Away Win
2023-05-24,2022,Villarreal,Cadiz,2,0,2.4,1.7,64.0,36.0,13,16,7,8,Home Win
2023-05-28,2022,Rayo Vallecano,Villarreal,2,1,1.4,0.4,33.0,67.0,15,7,4,2,Home Win
2022-08-15,2022,Real Betis,Elche,3,0,3.1,0.0,71.0,0.0,17,0,8,0,Home Win
2022-08-26,2022,Real Betis,Osasuna,1,0,0.5,0.0,55.0,0.0,7,0,1,0,Home Win
2022-09-11,2022,Real Betis,Villarreal,1,0,1.4,0.0,47.0,0.0,16,0,5,0,Home Win
2022-09-18,2022,Real Betis,Girona,2,0,1.6,0.0,44.0,0.0,8,0,2,0,Home Win
2022-10-16,2022,Real Betis,Almeria,3,0,2.5,0.0,54.0,0.0,16,0,6,0,Home Win
2022-10-23,2022,Real Betis,Atletico Madrid,1,0,1.4,0.0,55.0,0.0,17,0,4,0,Home Win
2022-11-06,2022,Real Betis,Sevilla,1,0,1.0,0.0,37.0,0.0,9,0,4,0,Home Win
2022-12-29,2022,Real Betis,Athletic Club,0,0,0.5,0.0,53.0,0.0,9,0,5,0,Draw
2023-02-01,2022,Real Betis,Barcelona,1,0,0.6,0.0,37.0,0.0,5,0,1,0,Home Win
2023-02-04,2022,Real Betis,Celta Vigo,3,0,3.4,0.0,55.0,0.0,14,0,6,0,Home Win
2023-02-18,2022,Real Betis,Valladolid,2,0,2.4,0.0,47.0,0.0,15,0,9,0,Home Win
2023-03-05,2022,Real Betis,Real Madrid,0,0,0.5,0.0,37.0,0.0,8,0,4,0,Draw
2023-03-19,2022,Real Betis,Mallorca,1,0,0.8,0.0,60.0,0.0,10,0,3,0,Home Win
2023-04-09,2022,Real Betis,Cadiz,0,0,1.2,0.0,47.0,0.0,9,0,2,0,Draw
2023-04-15,2022,Real Betis,Espanyol,3,0,2.0,0.0,52.0,0.0,15,0,8,0,Home Win
2023-04-25,2022,Real Betis,Real Sociedad,0,0,1.0,0.0,58.0,0.0,11,0,1,0,Draw
2023-05-15,2022,Real Betis,Rayo Vallecano,3,0,1.5,0.0,49.0,0.0,11,0,4,0,Home Win
2023-05-24,2022,Real Betis,Getafe,0,0,1.2,0.0,70.0,0.0,11,0,4,0,Draw
2023-06-04,2022,Real Betis,Valencia,1,0,0.6,0.0,61.0,0.0,8,0,3,0,Home Win
2022-08-12,2022,Osasuna,Sevilla,2,1,1.5,0.9,35.0,65.0,11,10,4,3,Home Win
2022-08-20,2022,Osasuna,Cadiz,2,0,2.7,1.0,55.0,45.0,14,9,1,2,Home Win
2022-09-04,2022,Osasuna,Rayo Vallecano,2,1,2.4,0.2,47.0,53.0,13,5,5,3,Home Win
2022-09-12,2022,Almeria,Osasuna,0,1,0.2,2.0,61.0,39.0,7,15,2,4,Away Win
2022-09-18,2022,Osasuna,Getafe,0,2,0.5,0.8,55.0,45.0,12,10,4,4,Away Win
2022-10-07,2022,Osasuna,Valencia,1,2,1.6,2.1,44.0,56.0,10,14,2,7,Away Win
2022-10-20,2022,Osasuna,Espanyol,1,0,1.0,1.0,64.0,36.0,17,5,5,3,Home Win
2022-10-23,2022,Girona,Osasuna,1,1,0.4,0.6,50.0,50.0,7,9,1,2,Draw
2022-10-30,2022,Osasuna,Valladolid,2,0,2.5,0.5,48.0,52.0,19,7,9,2,Home Win
2022-11-05,2022,Celta Vigo,Osasuna,1,2,0.7,0.4,61.0,39.0,13,8,5,4,Away Win
2023-01-09,2022,Athletic Club,Osasuna,0,0,1.0,0.4,59.0,41.0,17,3,3,1,Draw
2023-01-14,2022,Osasuna,Mallorca,1,0,1.6,0.5,61.0,39.0,15,6,4,2,Home Win
2023-01-22,2022,Elche,Osasuna,1,1,1.2,0.5,44.0,56.0,13,8,4,4,Draw
2023-02-04,2022,Espanyol,Osasuna,1,1,1.4,0.9,41.0,59.0,9,9,4,3,Draw
2023-02-12,2022,Valladolid,Osasuna,0,0,1.6,0.7,51.0,49.0,18,15,4,4,Draw
2023-02-26,2022,Sevilla,Osasuna,2,3,1.7,0.9,67.0,33.0,22,11,8,4,Away Win
2023-03-06,2022,Osasuna,Celta Vigo,0,0,0.8,1.1,64.0,36.0,10,6,5,0,Draw
2023-03-11,2022,Valencia,Osasuna,1,0,1.7,0.3,55.0,45.0,7,7,3,0,Home Win
2023-03-31,2022,Mallorca,Osasuna,0,0,0.5,0.5,42.0,58.0,10,11,1,2,Draw
2023-04-08,2022,Osasuna,Elche,2,1,1.2,0.7,61.0,39.0,22,7,6,1,Home Win
2023-04-14,2022,Rayo Vallecano,Osasuna,2,1,0.9,0.6,46.0,54.0,12,8,3,4,Home Win
2023-04-22,2022,Osasuna,Betis,3,0,1.5,0.0,38.0,0.0,10,0,5,0,Home Win
2023-04-25,2022,Cadiz,Osasuna,0,1,1.4,1.0,56.0,44.0,20,6,4,4,Away Win
2023-05-13,2022,Osasuna,Almeria,3,1,1.9,0.5,56.0,44.0,18,8,7,3,Home Win
2023-05-25,2022,Osasuna,Athletic Club,2,0,0.8,0.8,49.0,51.0,9,10,3,5,Home Win
2023-05-28,2022,Getafe,Osasuna,2,1,2.5,0.5,50.0,50.0,16,10,6,2,Home Win
2023-06-04,2022,Osasuna,Girona,2,1,1.8,0.9,37.0,63.0,14,11,7,6,Home Win
2022-08-15,2022,Athletic Club,Mallorca,0,0,1.6,0.4,64.0,36.0,23,6,6,2,Draw
2022-08-21,2022,Athletic Club,Valencia,1,0,1.0,0.7,38.0,62.0,12,10,2,0,Home Win
2022-08-29,2022,Cadiz,Athletic Club,0,4,0.4,2.4,38.0,62.0,9,19,3,7,Away Win
2022-09-04,2022,Athletic Club,Espanyol,0,1,1.2,0.6,66.0,34.0,17,9,2,2,Away Win
2022-09-11,2022,Elche,Athletic Club,1,4,0.9,2.7,47.0,53.0,9,15,2,7,Away Win
2022-09-17,2022,Athletic Club,Rayo Vallecano,3,2,1.9,0.7,39.0,61.0,14,11,7,2,Home Win
2022-09-30,2022,Athletic Club,Almeria,4,0,2.1,0.7,58.0,42.0,16,8,3,2,Home Win
2022-10-08,2022,Sevilla,Athletic Club,1,1,1.0,1.7,45.0,55.0,10,21,3,4,Draw
2022-10-18,2022,Getafe,Athletic Club,2,2,0.8,1.0,41.0,59.0,11,14,4,4,Draw
2022-11-04,2022,Girona,Athletic Club,2,1,1.0,0.7,42.0,58.0,19,11,10,7,Home Win
2022-11-08,2022,Athletic Club,Valladolid,3,0,2.1,0.5,43.0,57.0,19,8,6,0,Home Win
2023-01-29,2022,Celta Vigo,Athletic Club,1,0,0.7,0.4,49.0,51.0,9,5,3,0,Home Win
2023-02-03,2022,Athletic Club,Cadiz,4,1,1.7,1.6,42.0,58.0,17,15,9,3,Home Win
2023-02-11,2022,Valencia,Athletic Club,1,2,1.6,1.5,49.0,51.0,18,11,8,3,Away Win
2023-02-26,2022,Athletic Club,Girona,2,3,1.6,1.1,60.0,40.0,17,8,3,4,Away Win
2023-03-05,2022,Rayo Vallecano,Athletic Club,0,0,1.1,1.3,55.0,45.0,18,16,2,3,Draw
2023-03-17,2022,Valladolid,Athletic Club,1,3,1.1,2.6,48.0,52.0,15,15,3,5,Away Win
2023-04-01,2022,Athletic Club,Getafe,0,0,0.9,0.8,65.0,35.0,16,10,3,1,Draw
2023-04-08,2022,Espanyol,Athletic Club,1,2,0.9,2.3,49.0,51.0,9,12,2,7,Away Win
2023-04-22,2022,Almeria,Athletic Club,1,2,0.8,1.7,53.0,47.0,12,14,4,3,Away Win
2023-04-27,2022,Athletic Club,Sevilla,0,1,0.3,1.0,54.0,46.0,6,3,0,0,Away Win
2023-05-01,2022,Mallorca,Athletic Club,1,1,0.9,1.7,30.0,70.0,9,15,2,5,Draw
2023-05-04,2022,Athletic Club,Betis,0,0,1.6,0.0,63.0,0.0,21,0,6,0,Draw
2023-05-20,2022,Athletic Club,Celta Vigo,2,1,1.0,0.5,49.0,51.0,10,8,3,3,Home Win
2023-05-28,2022,Athletic Club,Elche,0,1,2.4,0.9,64.0,36.0,27,6,7,2,Away Win
2022-08-20,2022,Mallorca,Betis,1,0,0.6,0.0,48.0,0.0,13,0,7,0,Home Win
2022-08-27,2022,Rayo Vallecano,Mallorca,0,2,0.7,0.8,65.0,35.0,15,9,0,4,Away Win
2022-09-03,2022,Mallorca,Girona,1,1,0.7,1.2,51.0,49.0,10,9,4,3,Draw
2022-09-17,2022,Mallorca,Almeria,1,0,0.6,0.4,44.0,56.0,5,9,2,2,Home Win
2022-10-10,2022,Elche,Mallorca,1,1,0.5,2.3,42.0,58.0,7,9,2,2,Draw
2022-10-15,2022,Mallorca,Sevilla,0,1,0.7,0.2,44.0,56.0,9,4,4,1,Away Win
2022-10-22,2022,Valencia,Mallorca,1,2,1.2,1.5,67.0,33.0,12,9,2,4,Away Win
2022-10-28,2022,Mallorca,Espanyol,1,1,1.4,0.3,52.0,48.0,13,7,5,2,Draw
2022-12-30,2022,Getafe,Mallorca,2,0,1.2,0.6,55.0,45.0,14,3,6,0,Home Win
2023-01-07,2022,Mallorca,Valladolid,1,0,1.2,0.6,42.0,58.0,13,9,4,1,Home Win
2023-01-20,2022,Mallorca,Celta Vigo,1,0,0.5,0.5,42.0,58.0,8,10,3,3,Home Win
2023-01-28,2022,Cadiz,Mallorca,2,0,1.9,0.4,43.0,57.0,10,9,3,2,Home Win
2023-02-11,2022,Sevilla,Mallorca,2,0,2.1,0.3,64.0,36.0,15,6,5,0,Home Win
2023-02-25,2022,Espanyol,Mallorca,2,1,1.4,0.7,40.0,60.0,9,15,3,4,Home Win
2023-03-04,2022,Mallorca,Elche,0,1,0.9,0.9,56.0,44.0,14,15,3,6,Away Win
2023-04-09,2022,Valladolid,Mallorca,3,3,1.2,1.8,62.0,38.0,10,13,6,5,Draw
2023-04-17,2022,Celta Vigo,Mallorca,0,1,0.8,1.0,72.0,28.0,12,8,3,2,Away Win
2023-04-23,2022,Mallorca,Getafe,3,1,1.5,0.1,49.0,51.0,8,3,4,1,Home Win
2023-05-04,2022,Girona,Mallorca,2,1,1.7,1.4,62.0,38.0,17,7,6,1,Home Win
2023-05-12,2022,Mallorca,Cadiz,1,0,1.2,0.7,43.0,57.0,8,14,3,3,Home Win
2023-05-20,2022,Almeria,Mallorca,3,0,1.8,0.8,54.0,46.0,12,7,3,3,Home Win
2023-05-25,2022,Mallorca,Valencia,1,0,0.5,1.9,41.0,59.0,4,15,3,5,Home Win
2023-06-04,2022,Mallorca,Rayo Vallecano,3,0,2.2,1.1,47.0,53.0,8,21,3,4,Home Win
2022-08-14,2022,Valencia,Girona,1,0,1.6,0.1,46.0,54.0,16,5,1,1,Home Win
2022-08-22,2022,Girona,Getafe,3,1,1.1,0.6,66.0,34.0,12,7,6,3,Home Win
2022-08-26,2022,Girona,Celta Vigo,0,1,1.0,1.0,53.0,47.0,11,11,3,6,Away Win
2022-09-09,2022,Girona,Valladolid,2,1,1.9,0.5,45.0,55.0,14,14,5,4,Home Win
2022-10-15,2022,Girona,Cadiz,1,1,2.3,1.1,65.0,35.0,22,9,5,2,Draw
2022-10-20,2022,Almeria,Girona,3,2,1.8,2.8,35.0,65.0,13,12,7,3,Home Win
2022-11-08,2022,Elche,Girona,1,2,0.6,2.3,45.0,55.0,11,21,2,3,Away Win
2022-12-29,2022,Girona,Rayo Vallecano,2,2,2.3,1.0,59.0,41.0,14,12,5,4,Draw
2023-01-07,2022,Espanyol,Girona,2,2,1.5,1.2,44.0,56.0,12,12,6,5,Draw
2023-01-14,2022,Girona,Sevilla,2,1,2.2,1.1,46.0,54.0,19,10,7,2,Home Win
2023-02-05,2022,Girona,Valencia,1,0,2.3,1.0,51.0,49.0,20,8,8,4,Home Win
2023-02-10,2022,Cadiz,Girona,2,0,0.7,0.2,43.0,57.0,12,7,3,1,Home Win
2023-02-17,2022,Girona,Almeria,6,2,3.0,1.8,52.0,48.0,14,16,8,4,Home Win
2023-03-04,2022,Getafe,Girona,3,2,1.5,0.8,39.0,61.0,9,9,5,7,Home Win
2023-03-18,2022,Rayo Vallecano,Girona,2,2,1.9,1.8,47.0,53.0,14,12,3,4,Draw
2023-04-01,2022,Girona,Espanyol,2,1,1.6,1.0,62.0,38.0,13,5,3,1,Home Win
2023-04-16,2022,Girona,Elche,2,0,1.3,0.7,49.0,51.0,14,13,4,5,Home Win
2023-04-22,2022,Valladolid,Girona,1,0,1.1,1.0,38.0,62.0,15,12,6,6,Home Win
2023-05-01,2022,Sevilla,Girona,0,2,2.2,0.8,63.0,37.0,23,9,5,3,Away Win
2023-05-23,2022,Celta Vigo,Girona,1,1,1.2,1.2,40.0,60.0,16,10,7,3,Draw
2023-05-28,2022,Girona,Betis,1,0,1.0,0.0,54.0,0.0,9,0,3,0,Home Win
2022-08-19,2022,Espanyol,Rayo Vallecano,0,2,0.8,1.4,54.0,46.0,13,8,1,3,Away Win
2022-09-10,2022,Rayo Vallecano,Valencia,2,1,1.7,1.7,46.0,54.0,14,17,6,4,Home Win
2022-10-03,2022,Rayo Vallecano,Elche,2,1,0.9,1.1,70.0,30.0,15,6,6,2,Home Win
2022-10-08,2022,Almeria,Rayo Vallecano,3,1,1.2,0.8,37.0,63.0,10,12,4,4,Home Win
2022-10-14,2022,Rayo Vallecano,Getafe,0,0,1.6,0.4,65.0,35.0,16,6,2,3,Draw
2022-10-22,2022,Rayo Vallecano,Cadiz,5,1,3.7,0.2,62.0,38.0,27,3,10,0,Home Win
2022-10-29,2022,Sevilla,Rayo Vallecano,0,1,1.2,0.7,62.0,38.0,10,15,4,5,Away Win
2022-11-10,2022,Rayo Vallecano,Celta Vigo,0,0,0.4,0.9,59.0,41.0,10,11,3,3,Draw
2023-01-08,2022,Rayo Vallecano,Betis,1,0,1.6,0.0,62.0,0.0,15,0,3,0,Home Win
2023-01-14,2022,Valladolid,Rayo Vallecano,0,1,0.6,1.1,45.0,55.0,9,12,2,5,Away Win
2023-02-06,2022,Rayo Vallecano,Almeria,2,0,1.1,1.2,49.0,51.0,15,14,11,5,Home Win
2023-02-12,2022,Getafe,Rayo Vallecano,1,1,1.4,2.2,43.0,57.0,12,18,3,3,Draw
2023-02-19,2022,Rayo Vallecano,Sevilla,1,1,1.3,0.5,58.0,42.0,18,7,5,2,Draw
2023-02-25,2022,Cadiz,Rayo Vallecano,1,0,0.8,0.6,42.0,58.0,5,11,3,1,Home Win
2023-03-11,2022,Celta Vigo,Rayo Vallecano,3,0,2.4,1.1,43.0,57.0,15,12,6,3,Home Win
2023-04-03,2022,Valencia,Rayo Vallecano,1,1,2.3,0.8,61.0,39.0,17,7,3,2,Draw
2023-04-29,2022,Elche,Rayo Vallecano,4,0,2.8,0.8,50.0,50.0,18,14,9,2,Home Win
2023-05-04,2022,Rayo Vallecano,Valladolid,2,1,1.4,0.6,52.0,48.0,16,7,6,4,Home Win
2023-05-21,2022,Rayo Vallecano,Espanyol,1,2,2.0,1.6,64.0,36.0,14,10,4,6,Away Win
2022-08-19,2022,Sevilla,Valladolid,1,1,2.0,0.5,61.0,39.0,18,6,2,3,Draw
2022-08-27,2022,Almeria,Sevilla,2,1,2.3,1.0,33.0,67.0,11,13,5,5,Home Win
2022-09-10,2022,Espanyol,Sevilla,2,3,2.5,2.0,58.0,42.0,18,11,4,7,Away Win
2022-10-18,2022,Sevilla,Valencia,1,1,1.1,1.8,64.0,36.0,18,12,5,4,Draw
2022-12-30,2022,Celta Vigo,Sevilla,1,1,2.0,0.7,44.0,56.0,17,7,5,5,Draw
2023-01-08,2022,Sevilla,Getafe,2,1,1.2,0.7,58.0,42.0,11,11,5,2,Home Win
2023-01-21,2022,Sevilla,Cadiz,1,0,1.7,0.1,75.0,25.0,16,4,7,1,Home Win
2023-01-28,2022,Sevilla,Elche,3,0,3.2,0.4,80.0,20.0,22,6,8,1,Home Win
2023-03-12,2022,Sevilla,Almeria,2,1,3.0,1.1,56.0,44.0,26,13,4,4,Home Win
2023-03-19,2022,Getafe,Sevilla,2,0,1.7,1.0,37.0,63.0,15,11,4,4,Home Win
2023-04-01,2022,Cadiz,Sevilla,0,2,1.1,1.1,51.0,49.0,14,11,3,5,Away Win
2023-04-07,2022,Sevilla,Celta Vigo,2,2,0.4,0.6,31.0,69.0,7,9,2,4,Draw
2023-04-16,2022,Valencia,Sevilla,0,2,0.4,0.4,60.0,40.0,14,6,3,3,Away Win
2023-05-04,2022,Sevilla,Espanyol,3,2,2.6,1.0,63.0,37.0,17,7,5,3,Home Win
2023-05-14,2022,Valladolid,Sevilla,0,3,2.0,2.5,55.0,45.0,28,17,4,5,Away Win
2023-05-21,2022,Sevilla,Betis,0,0,1.1,0.0,54.0,0.0,10,0,4,0,Draw
2023-05-24,2022,Elche,Sevilla,1,1,1.5,0.7,71.0,29.0,20,9,7,3,Draw
2022-08-13,2022,Celta Vigo,Espanyol,2,2,0.4,1.1,60.0,40.0,8,9,3,1,Draw
2022-09-02,2022,Celta Vigo,Cadiz,3,0,0.7,0.3,58.0,42.0,9,7,5,0,Home Win
2022-09-17,2022,Valencia,Celta Vigo,3,0,1.7,0.5,65.0,35.0,14,6,7,2,Home Win
2022-10-02,2022,Celta Vigo,Betis,1,0,0.9,0.0,46.0,0.0,11,0,4,0,Home Win
2022-10-19,2022,Valladolid,Celta Vigo,4,1,1.5,2.6,38.0,62.0,8,21,6,4,Home Win
2022-10-24,2022,Celta Vigo,Getafe,1,1,0.7,0.2,71.0,29.0,17,4,5,1,Draw
2022-10-29,2022,Almeria,Celta Vigo,3,1,2.3,0.3,61.0,39.0,19,8,5,3,Home Win
2023-01-06,2022,Elche,Celta Vigo,0,1,1.0,2.0,57.0,43.0,13,14,5,7,Away Win
2023-02-26,2022,Celta Vigo,Valladolid,3,0,1.8,0.5,52.0,48.0,18,6,4,3,Home Win
2023-03-18,2022,Espanyol,Celta Vigo,1,3,1.2,1.6,57.0,43.0,11,7,3,3,Away Win
2023-04-02,2022,Celta Vigo,Almeria,2,2,2.0,1.0,57.0,43.0,21,8,5,3,Draw
2023-04-26,2022,Celta Vigo,Elche,1,0,1.3,1.1,49.0,51.0,15,12,9,1,Home Win
2023-05-03,2022,Getafe,Celta Vigo,1,0,2.7,0.3,35.0,65.0,13,7,3,1,Home Win
2023-05-14,2022,Celta Vigo,Valencia,1,2,0.7,1.2,64.0,36.0,10,12,6,5,Away Win
2023-05-28,2022,Cadiz,Celta Vigo,1,0,1.7,0.6,49.0,51.0,13,9,2,4,Home Win
2022-09-16,2022,Valladolid,Cadiz,0,1,1.5,0.3,57.0,43.0,18,7,6,1,Away Win
2022-10-09,2022,Cadiz,Espanyol,2,2,1.3,1.3,54.0,46.0,8,9,3,6,Draw
2022-10-19,2022,Cadiz,Betis,0,0,0.9,0.0,41.0,0.0,13,0,3,0,Draw
2022-11-05,2022,Getafe,Cadiz,0,0,0.6,1.4,53.0,47.0,13,15,1,4,Draw
2022-12-30,2022,Cadiz,Almeria,1,1,1.3,2.3,49.0,51.0,12,19,6,10,Draw
2023-01-06,2022,Valencia,Cadiz,0,1,0.4,0.4,73.0,27.0,11,6,2,2,Away Win
2023-01-16,2022,Cadiz,Elche,1,1,1.6,0.6,50.0,50.0,16,12,3,5,Draw
2023-03-10,2022,Cadiz,Getafe,2,2,1.7,2.7,51.0,49.0,10,14,3,8,Draw
2023-03-18,2022,Almeria,Cadiz,1,1,2.4,1.4,66.0,34.0,16,10,4,4,Draw
2023-04-21,2022,Espanyol,Cadiz,0,0,1.3,1.4,56.0,44.0,14,11,5,2,Draw
2023-04-30,2022,Cadiz,Valencia,2,1,1.8,1.3,39.0,61.0,8,16,3,3,Home Win
2023-05-19,2022,Cadiz,Valladolid,2,0,2.2,0.7,47.0,53.0,9,6,3,2,Home Win
2023-06-04,2022,Elche,Cadiz,1,1,1.6,2.5,67.0,34.0,12,14,5,3,Draw
2022-09-04,2022,Valencia,Getafe,5,1,2.3,0.2,69.0,31.0,24,7,9,4,Home Win
2022-10-01,2022,Getafe,Valladolid,2,3,2.8,1.6,44.0,56.0,13,13,5,6,Away Win
2022-10-31,2022,Elche,Getafe,0,1,1.3,0.4,59.0,41.0,11,8,4,3,Away Win
2022-11-09,2022,Almeria,Getafe,1,0,0.5,0.4,54.0,46.0,8,11,3,2,Home Win
2023-01-15,2022,Getafe,Espanyol,1,2,0.5,0.8,62.0,38.0,10,10,2,4,Away Win
2023-01-28,2022,Getafe,Betis,0,0,0.3,0.0,39.0,0.0,6,0,1,0,Draw
2023-02-20,2022,Getafe,Valencia,1,0,1.8,1.0,46.0,54.0,15,8,6,3,Home Win
2023-04-26,2022,Getafe,Almeria,1,2,1.6,1.9,46.0,54.0,21,23,9,11,Away Win
2023-04-30,2022,Espanyol,Getafe,1,0,2.4,0.5,56.0,44.0,16,7,7,2,Home Win
2023-05-20,2022,Getafe,Elche,1,1,1.5,1.1,39.0,61.0,9,13,5,4,Draw
2023-06-04,2022,Valladolid,Getafe,0,0,0.9,0.5,78.0,22.0,15,4,0,1,Draw
2022-10-02,2022,Espanyol,Valencia,2,2,0.8,1.1,38.0,62.0,10,12,5,5,Draw
2022-10-15,2022,Valencia,Elche,2,2,2.7,1.7,60.0,40.0,19,7,6,5,Draw
2022-11-10,2022,Valencia,Betis,3,0,2.0,0.0,62.0,0.0,14,0,6,0,Home Win
2023-01-23,2022,Valencia,Almeria,2,2,1.9,1.4,57.0,43.0,16,13,6,3,Draw
2023-01-29,2022,Valladolid,Valencia,1,0,1.5,1.2,52.0,48.0,13,15,6,2,Home Win
2023-04-09,2022,Almeria,Valencia,2,1,0.9,1.3,40.0,60.0,10,11,4,3,Home Win
2023-04-23,2022,Elche,Valencia,0,2,0.6,1.0,65.0,35.0,7,5,1,3,Away Win
2023-04-27,2022,Valencia,Valladolid,2,1,0.9,0.9,49.0,51.0,19,9,6,2,Home Win
2023-05-28,2022,Valencia,Espanyol,2,2,2.6,1.2,53.0,47.0,19,9,4,5,Draw
2022-08-22,2022,Elche,Almeria,1,1,1.0,0.7,54.0,46.0,13,12,3,7,Draw
2022-09-05,2022,Valladolid,Almeria,1,0,1.2,0.5,51.0,49.0,14,12,6,0,Home Win
2023-01-27,2022,Almeria,Espanyol,3,1,2.1,0.8,56.0,44.0,19,6,7,3,Home Win
2023-02-11,2022,Almeria,Betis,2,0,2.3,0.0,52.0,0.0,17,0,9,0,Home Win
2023-05-02,2022,Almeria,Elche,2,1,1.7,1.0,46.0,54.0,10,14,4,1,Home Win
2023-05-28,2022,Almeria,Valladolid,0,0,1.7,0.5,49.0,51.0,23,8,7,2,Draw
2023-06-04,2022,Espanyol,Almeria,3,3,0.6,1.8,63.0,37.0,12,10,8,3,Draw
2022-10-09,2022,Valladolid,Betis,0,0,0.6,0.0,58.0,0.0,12,0,3,0,Draw
2022-10-16,2022,Espanyol,Valladolid,1,0,1.3,0.7,49.0,51.0,15,14,3,2,Home Win
2022-11-05,2022,Valladolid,Elche,2,1,1.9,0.2,51.0,49.0,16,4,11,2,Home Win
2023-03-05,2022,Valladolid,Espanyol,2,1,1.4,1.2,45.0,55.0,15,12,5,2,Home Win
2023-03-11,2022,Elche,Valladolid,1,1,2.0,0.2,56.0,44.0,24,5,10,1,Draw
2022-10-23,2022,Espanyol,Elche,2,2,2.2,0.5,41.0,59.0,13,9,5,4,Draw
2023-01-21,2022,Espanyol,Betis,1,0,2.3,0.0,31.0,0.0,8,0,2,0,Home Win
2023-02-19,2022,Elche,Espanyol,0,1,1.8,1.3,46.0,54.0,19,11,5,3,Away Win
2023-02-24,2022,Elche,Betis,2,0,1.0,0.0,35.0,0.0,3,0,1,0,Home Win
2021-08-14,2021,Alaves,Real Madrid,1,4,1.7,1.7,42.0,58.0,10,19,3,7,Away Win
2021-08-22,2021,Levante,Real Madrid,3,3,1.9,1.6,39.0,61.0,8,20,4,5,Draw
2021-09-12,2021,Real Madrid,Celta Vigo,5,2,3.2,1.8,60.0,40.0,14,11,10,4,Home Win
2021-09-19,2021,Valencia,Real Madrid,1,2,0.9,1.3,39.0,61.0,12,18,4,10,Away Win
2021-09-22,2021,Real Madrid,Mallorca,6,1,2.6,1.4,59.0,41.0,18,17,11,5,Home Win
2021-09-25,2021,Real Madrid,Villarreal,0,0,1.1,0.5,48.0,52.0,15,6,2,2,Draw
2021-10-03,2021,Espanyol,Real Madrid,2,1,1.2,1.6,35.0,65.0,8,18,4,4,Home Win
2021-10-24,2021,Barcelona,Real Madrid,1,2,1.6,1.5,51.0,49.0,12,10,2,5,Away Win
2021-10-27,2021,Real Madrid,Osasuna,0,0,0.7,0.5,74.0,26.0,17,7,3,0,Draw
2021-10-30,2021,Elche,Real Madrid,1,2,1.1,1.1,44.0,56.0,13,17,4,5,Away Win
2021-11-06,2021,Real Madrid,Rayo Vallecano,2,1,2.1,1.4,54.0,46.0,15,19,6,6,Home Win
2021-11-21,2021,Granada,Real Madrid,1,4,0.7,3.5,32.0,68.0,11,21,3,9,Away Win
2021-11-28,2021,Real Madrid,Sevilla,2,1,1.2,0.7,53.0,47.0,14,11,4,5,Home Win
2021-12-01,2021,Real Madrid,Athletic Club,1,0,1.8,2.4,62.0,38.0,17,18,7,2,Home Win
2021-12-04,2021,Real Sociedad,Real Madrid,0,2,0.7,1.6,51.0,49.0,11,13,0,8,Away Win
2021-12-12,2021,Real Madrid,Atletico Madrid,2,0,0.4,0.7,61.0,39.0,7,9,3,6,Home Win
2021-12-19,2021,Real Madrid,Cadiz,0,0,2.0,0.2,82.0,18.0,36,4,9,0,Draw
2021-12-22,2021,Athletic Club,Real Madrid,1,2,1.0,1.1,41.0,59.0,15,12,2,7,Away Win
2022-01-02,2021,Getafe,Real Madrid,1,0,0.9,0.7,27.0,73.0,6,14,3,4,Home Win
2022-01-08,2021,Real Madrid,Valencia,4,1,3.9,1.3,67.0,33.0,22,11,7,6,Home Win
2022-01-23,2021,Real Madrid,Elche,2,2,3.4,0.6,65.0,35.0,21,3,7,2,Draw
2022-02-06,2021,Real Madrid,Granada,1,0,2.1,0.6,66.0,34.0,24,7,11,3,Home Win
2022-02-12,2021,Villarreal,Real Madrid,0,0,0.4,1.7,44.0,56.0,9,17,2,5,Draw
2022-02-19,2021,Real Madrid,Alaves,3,0,2.9,0.6,69.0,31.0,22,7,7,2,Home Win
2022-02-26,2021,Rayo Vallecano,Real Madrid,0,1,0.9,2.1,34.0,66.0,19,13,5,6,Away Win
2022-03-05,2021,Real Madrid,Real Sociedad,4,1,2.0,0.8,64.0,36.0,17,0,7,0,Home Win
2022-03-14,2021,Mallorca,Real Madrid,0,3,1.4,1.8,38.0,62.0,14,10,3,4,Away Win
2022-03-20,2021,Real Madrid,Barcelona,0,4,0.8,3.4,40.0,60.0,14,18,4,10,Away Win
2022-04-02,2021,Celta Vigo,Real Madrid,1,2,1.6,2.9,55.0,45.0,11,9,5,3,Away Win
2022-04-09,2021,Real Madrid,Getafe,2,0,1.6,0.4,68.0,32.0,26,8,8,0,Home Win
2022-04-17,2021,Sevilla,Real Madrid,2,3,0.9,1.2,40.0,60.0,7,15,2,6,Away Win
2022-04-20,2021,Osasuna,Real Madrid,1,3,1.1,4.5,35.0,65.0,12,21,3,9,Away Win
2022-04-30,2021,Real Madrid,Espanyol,4,0,1.8,1.3,58.0,42.0,11,20,5,6,Home Win
2022-05-08,2021,Atletico Madrid,Real Madrid,1,0,2.3,1.1,42.0,58.0,15,15,1,6,Home Win
2022-05-12,2021,Real Madrid,Levante,6,0,3.5,1.0,54.0,46.0,27,16,16,1,Home Win
2022-05-15,2021,Cadiz,Real Madrid,1,1,2.7,1.6,39.0,61.0,20,16,6,7,Draw
2022-05-20,2021,Real Madrid,Betis,0,0,1.2,0.0,52.0,0.0,17,0,3,0,Draw
2021-08-15,2021,Barcelona,Real Sociedad,4,2,2.8,0.8,62.0,38.0,13,11,8,3,Home Win
2021-08-21,2021,Athletic Club,Barcelona,1,1,1.4,1.0,33.0,67.0,16,9,6,3,Draw
2021-08-29,2021,Barcelona,Getafe,2,1,1.1,0.4,66.0,34.0,7,8,3,3,Home Win
2021-09-20,2021,Barcelona,Granada,1,1,1.8,0.8,76.0,24.0,17,5,6,2,Draw
2021-09-23,2021,Cadiz,Barcelona,0,0,1.3,0.4,33.0,67.0,13,6,3,2,Draw
2021-09-26,2021,Barcelona,Levante,3,0,2.9,0.8,70.0,30.0,19,6,11,2,Home Win
2021-10-02,2021,Atletico Madrid,Barcelona,2,0,1.2,0.7,30.0,70.0,6,9,3,2,Home Win
2021-10-17,2021,Barcelona,Valencia,3,1,1.9,0.4,60.0,40.0,11,9,4,3,Home Win
2021-10-27,2021,Rayo Vallecano,Barcelona,1,0,0.8,2.5,32.0,68.0,12,15,3,0,Home Win
2021-10-30,2021,Barcelona,Alaves,1,1,1.3,0.9,79.0,21.0,16,3,5,2,Draw
2021-11-06,2021,Celta Vigo,Barcelona,3,3,1.5,0.9,52.0,48.0,18,10,4,6,Draw
2021-11-20,2021,Barcelona,Espanyol,1,0,1.4,1.0,65.0,35.0,15,12,5,2,Home Win
2021-11-27,2021,Villarreal,Barcelona,1,3,1.1,3.2,50.0,50.0,14,11,2,5,Away Win
2021-12-04,2021,Barcelona,Betis,0,0,1.0,0.0,63.0,0.0,12,0,3,0,Draw
2021-12-12,2021,Osasuna,Barcelona,2,2,0.3,0.9,39.0,61.0,8,10,3,2,Draw
2021-12-18,2021,Barcelona,Elche,3,2,2.7,1.3,72.0,28.0,19,5,7,3,Home Win
2021-12-21,2021,Sevilla,Barcelona,1,1,0.3,1.8,42.0,58.0,5,23,1,7,Draw
2022-01-02,2021,Mallorca,Barcelona,0,1,0.8,1.3,36.0,64.0,13,13,3,3,Away Win
2022-01-08,2021,Granada,Barcelona,1,1,0.9,0.6,36.0,64.0,14,13,4,1,Draw
2022-01-23,2021,Alaves,Barcelona,0,1,0.6,1.5,25.0,75.0,6,10,2,4,Away Win
2022-02-06,2021,Barcelona,Atletico Madrid,4,2,1.0,1.3,56.0,44.0,9,10,4,4,Home Win
2022-02-13,2021,Espanyol,Barcelona,2,2,1.1,1.5,36.0,64.0,10,12,4,4,Draw
2022-02-20,2021,Valencia,Barcelona,1,4,0.8,2.0,36.0,64.0,11,7,5,6,Away Win
2022-02-27,2021,Barcelona,Athletic Club,4,0,3.1,0.3,71.0,29.0,17,6,7,3,Home Win
2022-03-06,2021,Elche,Barcelona,1,2,1.1,4.1,33.0,67.0,13,19,3,7,Away Win
2022-03-13,2021,Barcelona,Osasuna,4,0,3.6,0.2,72.0,28.0,23,4,8,3,Home Win
2022-04-03,2021,Barcelona,Sevilla,1,0,1.9,0.6,55.0,45.0,19,8,6,3,Home Win
2022-04-10,2021,Levante,Barcelona,2,3,3.4,1.2,37.0,63.0,8,14,2,7,Away Win
2022-04-18,2021,Barcelona,Cadiz,0,1,1.2,1.7,74.0,26.0,18,6,6,4,Away Win
2022-04-21,2021,Real Sociedad,Barcelona,0,1,0.8,1.1,55.0,45.0,8,10,5,1,Away Win
2022-04-24,2021,Barcelona,Rayo Vallecano,0,1,1.7,0.3,70.0,30.0,18,3,4,1,Away Win
2022-05-01,2021,Barcelona,Mallorca,2,1,1.2,1.0,70.0,30.0,17,6,5,2,Home Win
2022-05-10,2021,Barcelona,Celta Vigo,3,1,1.1,0.7,54.0,46.0,10,13,4,5,Home Win
2022-05-15,2021,Getafe,Barcelona,0,0,0.3,0.2,29.0,71.0,9,5,3,1,Draw
2022-05-22,2021,Barcelona,Villarreal,0,2,0.6,0.8,69.0,31.0,14,4,3,3,Away Win
2021-08-15,2021,Celta Vigo,Atletico Madrid,1,2,2.3,1.5,53.0,47.0,9,13,1,4,Away Win
2021-08-22,2021,Atletico Madrid,Elche,1,0,1.2,0.2,43.0,57.0,8,4,4,2,Home Win
2021-08-29,2021,Atletico Madrid,Villarreal,2,2,1.7,0.3,49.0,51.0,23,2,3,2,Draw
2021-09-12,2021,Espanyol,Atletico Madrid,1,2,0.4,0.8,42.0,58.0,9,13,3,3,Away Win
2021-09-18,2021,Atletico Madrid,Athletic Club,0,0,0.9,1.0,55.0,45.0,14,6,2,0,Draw
2021-09-21,2021,Getafe,Atletico Madrid,1,2,0.3,1.1,32.0,68.0,7,12,1,4,Away Win
2021-09-25,2021,Alaves,Atletico Madrid,1,0,0.7,0.7,30.0,70.0,7,13,1,1,Home Win
2021-10-24,2021,Atletico Madrid,Real Sociedad,2,2,1.7,0.8,56.0,44.0,16,8,3,4,Draw
2021-10-28,2021,Levante,Atletico Madrid,2,2,1.8,0.9,36.0,64.0,8,7,1,3,Draw
2021-10-31,2021,Atletico Madrid,Betis,3,0,2.3,0.0,48.0,0.0,18,0,9,0,Home Win
2021-11-07,2021,Valencia,Atletico Madrid,3,3,1.1,2.3,48.0,52.0,11,13,5,7,Draw
2021-11-20,2021,Atletico Madrid,Osasuna,1,0,1.0,0.5,60.0,40.0,15,9,2,3,Home Win
2021-11-28,2021,Cadiz,Atletico Madrid,1,4,1.0,3.8,37.0,63.0,9,17,1,7,Away Win
2021-12-04,2021,Atletico Madrid,Mallorca,1,2,1.5,0.6,58.0,42.0,14,10,6,3,Away Win
2021-12-18,2021,Sevilla,Atletico Madrid,2,1,0.5,1.0,54.0,46.0,6,15,2,3,Home Win
2021-12-22,2021,Granada,Atletico Madrid,2,1,0.6,1.5,40.0,60.0,6,15,4,3,Home Win
2022-01-02,2021,Atletico Madrid,Rayo Vallecano,2,0,1.7,0.1,50.0,50.0,15,5,5,0,Home Win
2022-01-09,2021,Villarreal,Atletico Madrid,2,2,2.1,0.7,59.0,41.0,12,7,2,5,Draw
2022-01-22,2021,Atletico Madrid,Valencia,3,2,2.5,0.7,64.0,36.0,16,7,6,3,Home Win
2022-02-12,2021,Atletico Madrid,Getafe,4,3,2.5,2.1,50.0,50.0,10,8,6,2,Home Win
2022-02-16,2021,Atletico Madrid,Levante,0,1,1.3,0.6,54.0,46.0,10,8,1,5,Away Win
2022-02-19,2021,Osasuna,Atletico Madrid,0,3,0.6,1.1,62.0,38.0,14,5,4,4,Away Win
2022-02-26,2021,Atletico Madrid,Celta Vigo,2,0,0.6,0.8,36.0,64.0,13,16,6,2,Home Win
2022-03-11,2021,Atletico Madrid,Cadiz,2,1,0.3,0.8,45.0,55.0,6,14,5,2,Home Win
2022-03-19,2021,Rayo Vallecano,Atletico Madrid,0,1,1.4,1.4,54.0,46.0,15,11,3,3,Away Win
2022-04-02,2021,Atletico Madrid,Alaves,4,1,3.0,0.5,50.0,50.0,13,7,7,1,Home Win
2022-04-09,2021,Mallorca,Atletico Madrid,1,0,1.1,0.5,33.0,67.0,9,9,2,1,Home Win
2022-04-17,2021,Atletico Madrid,Espanyol,2,1,1.2,0.7,52.0,48.0,9,11,2,5,Home Win
2022-04-20,2021,Atletico Madrid,Granada,0,0,1.1,0.2,64.0,36.0,22,7,1,2,Draw
2022-04-30,2021,Athletic Club,Atletico Madrid,2,0,1.3,0.7,43.0,57.0,10,9,3,3,Home Win
2022-05-11,2021,Elche,Atletico Madrid,0,2,0.2,1.9,56.0,44.0,9,11,0,5,Away Win
2022-05-15,2021,Atletico Madrid,Sevilla,1,1,1.2,0.7,41.0,59.0,12,8,3,4,Draw
2022-05-22,2021,Real Sociedad,Atletico Madrid,1,2,2.5,0.7,62.0,38.0,12,6,3,5,Away Win
2021-08-15,2021,Sevilla,Rayo Vallecano,3,0,3.7,0.4,74.0,26.0,20,4,7,3,Home Win
2021-08-23,2021,Getafe,Sevilla,0,1,0.5,1.2,40.0,60.0,12,9,0,3,Away Win
2021-08-28,2021,Elche,Sevilla,1,1,0.5,1.3,30.0,70.0,7,18,4,5,Draw
2021-09-19,2021,Real Sociedad,Sevilla,0,0,1.3,0.5,47.0,53.0,10,11,3,4,Draw
2021-09-22,2021,Sevilla,Valencia,3,1,1.0,0.4,58.0,42.0,11,8,5,3,Home Win
2021-09-25,2021,Sevilla,Espanyol,2,0,1.8,0.7,54.0,46.0,12,13,5,2,Home Win
2021-10-03,2021,Granada,Sevilla,1,0,0.1,1.3,32.0,68.0,3,14,1,3,Home Win
2021-10-17,2021,Celta Vigo,Sevilla,0,1,1.2,1.0,46.0,54.0,14,8,3,2,Away Win
2021-10-24,2021,Sevilla,Levante,5,3,1.6,1.9,60.0,40.0,18,12,11,7,Home Win
2021-10-27,2021,Mallorca,Sevilla,1,1,1.5,0.8,31.0,69.0,11,10,4,3,Draw
2021-10-30,2021,Sevilla,Osasuna,2,0,2.0,0.6,63.0,37.0,16,10,4,3,Home Win
2021-11-20,2021,Sevilla,Alaves,2,2,1.8,1.1,68.0,32.0,16,7,6,2,Draw
2021-12-04,2021,Sevilla,Villarreal,1,0,0.4,1.7,45.0,55.0,8,16,3,2,Home Win
2021-12-11,2021,Athletic Club,Sevilla,0,1,1.4,0.2,55.0,45.0,13,6,2,1,Away Win
2022-01-03,2021,Cadiz,Sevilla,0,1,0.2,0.9,26.0,74.0,8,14,2,3,Away Win
2022-01-09,2021,Sevilla,Getafe,1,0,0.7,0.1,67.0,33.0,10,4,1,2,Home Win
2022-01-19,2021,Valencia,Sevilla,1,1,0.5,0.9,33.0,67.0,10,12,2,3,Draw
2022-01-22,2021,Sevilla,Celta Vigo,2,2,1.1,0.7,65.0,35.0,16,6,4,4,Draw
2022-02-05,2021,Osasuna,Sevilla,0,0,0.4,1.3,27.0,73.0,9,8,3,3,Draw
2022-02-11,2021,Sevilla,Elche,2,0,0.8,0.3,57.0,43.0,14,7,6,1,Home Win
2022-02-20,2021,Espanyol,Sevilla,1,1,1.5,0.5,43.0,57.0,11,7,4,2,Draw
2022-02-27,2021,Sevilla,Betis,2,0,1.4,0.0,46.0,0.0,11,0,2,0,Home Win
2022-03-04,2021,Alaves,Sevilla,0,0,1.4,1.2,35.0,65.0,14,13,2,4,Draw
2022-03-13,2021,Rayo Vallecano,Sevilla,1,1,0.4,0.3,44.0,56.0,10,3,2,2,Draw
2022-03-20,2021,Sevilla,Real Sociedad,0,0,0.3,1.1,60.0,40.0,10,13,0,2,Draw
2022-04-08,2021,Sevilla,Granada,4,2,2.9,0.9,72.0,28.0,16,15,8,5,Home Win
2022-04-21,2021,Levante,Sevilla,2,3,2.7,1.8,45.0,55.0,13,13,5,6,Away Win
2022-04-29,2021,Sevilla,Cadiz,1,1,0.7,0.9,58.0,42.0,11,10,6,3,Draw
2022-05-08,2021,Villarreal,Sevilla,1,1,2.2,0.8,53.0,47.0,14,7,7,2,Draw
2022-05-11,2021,Sevilla,Mallorca,0,0,1.5,0.6,72.0,28.0,18,10,3,2,Draw
2022-05-22,2021,Sevilla,Athletic Club,1,0,1.2,0.7,66.0,34.0,13,10,3,1,Home Win
2021-08-20,2021,Real Betis,Cadiz,1,0,1.1,0.0,73.0,0.0,16,0,7,0,Home Win
2021-08-28,2021,Real Betis,Real Madrid,0,0,0.6,0.0,50.0,0.0,12,0,6,0,Draw
2021-09-19,2021,Real Betis,Espanyol,2,0,1.9,0.0,59.0,0.0,23,0,9,0,Home Win
2021-09-26,2021,Real Betis,Getafe,2,0,1.9,0.0,52.0,0.0,20,0,5,0,Home Win
2021-10-24,2021,Real Betis,Rayo Vallecano,3,0,1.4,0.0,46.0,0.0,10,0,4,0,Home Win
2021-10-27,2021,Real Betis,Valencia,4,0,2.0,0.0,60.0,0.0,13,0,8,0,Home Win
2021-11-07,2021,Real Betis,Sevilla,0,0,0.3,0.0,26.0,0.0,8,0,1,0,Draw
2021-11-28,2021,Real Betis,Levante,3,0,2.6,0.0,60.0,0.0,26,0,8,0,Home Win
2021-12-12,2021,Real Betis,Real Sociedad,4,0,1.6,0.0,49.0,0.0,11,0,5,0,Home Win
2022-01-02,2021,Real Betis,Celta Vigo,0,0,1.4,0.0,55.0,0.0,18,0,7,0,Draw
2022-01-18,2021,Real Betis,Alaves,4,0,2.4,0.0,60.0,0.0,18,0,5,0,Home Win
2022-02-06,2021,Real Betis,Villarreal,0,0,0.6,0.0,60.0,0.0,9,0,3,0,Draw
2022-02-20,2021,Real Betis,Mallorca,2,0,1.5,0.0,55.0,0.0,13,0,4,0,Home Win
2022-03-06,2021,Real Betis,Atletico Madrid,1,0,1.0,0.0,65.0,0.0,18,0,6,0,Home Win
2022-03-13,2021,Real Betis,Athletic Club,1,0,0.7,0.0,51.0,0.0,8,0,5,0,Home Win
2022-04-03,2021,Real Betis,Osasuna,4,0,4.4,0.0,54.0,0.0,24,0,8,0,Home Win
2022-04-19,2021,Real Betis,Elche,0,0,1.2,0.0,64.0,0.0,18,0,3,0,Draw
2022-05-07,2021,Real Betis,Barcelona,1,0,0.7,0.0,43.0,0.0,14,0,5,0,Home Win
2022-05-15,2021,Real Betis,Granada,2,0,2.3,0.0,60.0,0.0,11,0,4,0,Home Win
2021-08-22,2021,Real Sociedad,Rayo Vallecano,1,0,1.9,0.5,61.0,39.0,12,9,7,1,Home Win
2021-08-28,2021,Real Sociedad,Levante,1,0,1.0,0.4,51.0,49.0,7,6,2,0,Home Win
2021-09-12,2021,Cadiz,Real Sociedad,0,2,0.3,1.9,24.0,76.0,6,15,1,3,Away Win
2021-09-23,2021,Granada,Real Sociedad,2,3,1.3,1.7,39.0,61.0,9,20,1,11,Away Win
2021-09-26,2021,Real Sociedad,Elche,1,0,2.4,0.5,63.0,37.0,18,5,4,2,Home Win
2021-10-03,2021,Getafe,Real Sociedad,1,1,0.7,0.7,38.0,62.0,9,10,2,5,Draw
2021-10-16,2021,Real Sociedad,Mallorca,1,0,0.4,0.2,50.0,50.0,10,7,2,1,Home Win
2021-10-28,2021,Celta Vigo,Real Sociedad,0,2,1.4,1.7,58.0,42.0,14,11,6,4,Away Win
2021-10-31,2021,Real Sociedad,Athletic Club,1,1,1.1,1.0,54.0,46.0,7,11,2,5,Draw
2021-11-07,2021,Osasuna,Real Sociedad,0,2,0.4,1.5,44.0,56.0,6,8,2,2,Away Win
2021-11-21,2021,Real Sociedad,Valencia,0,0,0.3,0.7,62.0,38.0,9,8,2,3,Draw
2021-11-28,2021,Espanyol,Real Sociedad,1,0,0.4,1.7,41.0,59.0,8,10,2,4,Home Win
2021-12-18,2021,Real Sociedad,Villarreal,1,3,0.9,2.9,40.0,60.0,8,15,4,7,Away Win
2022-01-02,2021,Alaves,Real Sociedad,1,1,1.7,0.9,37.0,63.0,18,10,4,4,Draw
2022-01-08,2021,Real Sociedad,Celta Vigo,1,0,1.7,0.4,41.0,59.0,12,4,3,0,Home Win
2022-01-23,2021,Real Sociedad,Getafe,0,0,0.8,0.3,70.0,30.0,9,9,3,2,Draw
2022-02-06,2021,Valencia,Real Sociedad,0,0,1.1,0.4,40.0,60.0,14,8,3,2,Draw
2022-02-13,2021,Real Sociedad,Granada,2,0,2.9,1.2,56.0,44.0,17,15,7,2,Home Win
2022-02-20,2021,Athletic Club,Real Sociedad,4,0,2.8,0.4,48.0,52.0,17,9,7,2,Home Win
2022-02-27,2021,Real Sociedad,Osasuna,1,0,1.0,0.4,58.0,42.0,11,11,5,1,Home Win
2022-03-02,2021,Mallorca,Real Sociedad,0,2,0.5,1.6,52.0,48.0,13,13,1,3,Away Win
2022-03-13,2021,Real Sociedad,Alaves,1,0,2.2,0.8,59.0,41.0,15,13,5,4,Home Win
2022-04-04,2021,Real Sociedad,Espanyol,1,0,2.2,0.4,68.0,32.0,16,8,5,2,Home Win
2022-04-10,2021,Elche,Real Sociedad,1,2,0.6,1.7,50.0,50.0,10,17,1,6,Away Win
2022-04-15,2021,Real Sociedad,Betis,0,0,0.9,0.0,57.0,0.0,9,0,2,0,Draw
2022-05-01,2021,Rayo Vallecano,Real Sociedad,1,1,1.4,0.7,45.0,55.0,13,8,7,3,Draw
2022-05-06,2021,Levante,Real Sociedad,2,1,2.1,2.1,36.0,64.0,15,21,6,5,Home Win
2022-05-12,2021,Real Sociedad,Cadiz,3,0,3.0,0.7,52.0,48.0,11,14,5,1,Home Win
2022-05-15,2021,Villarreal,Real Sociedad,1,2,0.7,2.1,49.0,51.0,10,11,4,6,Away Win
2021-08-16,2021,Villarreal,Granada,0,0,1.1,0.3,61.0,39.0,14,6,3,1,Draw
2021-08-21,2021,Espanyol,Villarreal,0,0,1.3,0.6,41.0,59.0,14,12,3,2,Draw
2021-09-19,2021,Mallorca,Villarreal,0,0,0.5,1.4,35.0,65.0,10,11,1,3,Draw
2021-09-22,2021,Villarreal,Elche,4,1,3.2,1.2,60.0,40.0,14,9,9,3,Home Win
2021-10-03,2021,Villarreal,Betis,2,0,2.6,0.0,58.0,0.0,11,0,4,0,Home Win
2021-10-17,2021,Villarreal,Osasuna,1,2,0.5,0.6,72.0,28.0,11,6,6,2,Away Win
2021-10-23,2021,Athletic Club,Villarreal,2,1,2.8,0.5,52.0,48.0,12,11,5,3,Home Win
2021-10-26,2021,Villarreal,Cadiz,3,3,1.7,1.4,76.0,24.0,14,9,5,4,Draw
2021-10-30,2021,Valencia,Villarreal,2,0,1.1,0.8,26.0,74.0,8,11,1,1,Home Win
2021-11-07,2021,Villarreal,Getafe,1,0,1.4,0.2,66.0,34.0,10,5,4,2,Home Win
2021-11-20,2021,Celta Vigo,Villarreal,1,1,1.0,2.8,57.0,43.0,12,18,3,6,Draw
2021-12-12,2021,Villarreal,Rayo Vallecano,2,0,2.4,1.5,52.0,48.0,12,19,4,6,Home Win
2021-12-21,2021,Villarreal,Alaves,5,2,3.3,0.8,62.0,38.0,24,4,10,2,Home Win
2022-01-03,2021,Villarreal,Levante,5,0,3.4,0.4,57.0,43.0,17,7,7,3,Home Win
2022-01-16,2021,Elche,Villarreal,1,0,0.2,0.6,48.0,52.0,5,9,2,4,Home Win
2022-01-22,2021,Villarreal,Mallorca,3,0,1.9,1.2,56.0,44.0,11,8,5,2,Home Win
2022-02-19,2021,Granada,Villarreal,1,4,2.3,4.9,39.0,61.0,19,13,3,5,Away Win
2022-02-27,2021,Villarreal,Espanyol,5,1,4.4,1.1,65.0,35.0,19,7,11,2,Home Win
2022-03-05,2021,Osasuna,Villarreal,1,0,0.8,0.5,28.0,72.0,12,10,3,1,Home Win
2022-03-12,2021,Villarreal,Celta Vigo,1,0,1.3,0.8,51.0,49.0,10,12,3,1,Home Win
2022-03-20,2021,Cadiz,Villarreal,1,0,1.7,0.2,42.0,58.0,16,3,7,1,Home Win
2022-04-02,2021,Levante,Villarreal,2,0,2.0,1.2,42.0,58.0,13,13,4,2,Home Win
2022-04-09,2021,Villarreal,Athletic Club,1,1,1.3,1.8,60.0,40.0,11,12,5,6,Draw
2022-04-16,2021,Getafe,Villarreal,1,2,0.9,2.7,41.0,59.0,12,11,5,6,Away Win
2022-04-19,2021,Villarreal,Valencia,2,0,2.4,0.3,58.0,42.0,11,5,4,1,Home Win
2022-04-30,2021,Alaves,Villarreal,2,1,2.4,1.3,33.0,67.0,11,16,4,6,Home Win
2022-05-12,2021,Rayo Vallecano,Villarreal,1,5,1.8,2.4,56.0,44.0,17,11,3,8,Away Win
2021-08-16,2021,Elche,Athletic Club,0,0,1.1,0.6,51.0,49.0,8,9,2,3,Draw
2021-08-28,2021,Celta Vigo,Athletic Club,0,1,1.1,1.4,62.0,38.0,13,6,0,2,Away Win
2021-09-11,2021,Athletic Club,Mallorca,2,0,1.4,0.2,49.0,51.0,19,7,5,1,Home Win
2021-09-21,2021,Athletic Club,Rayo Vallecano,1,2,0.9,1.0,47.0,53.0,8,8,1,3,Away Win
2021-09-25,2021,Valencia,Athletic Club,1,1,0.9,0.8,52.0,48.0,13,12,6,4,Draw
2021-10-01,2021,Athletic Club,Alaves,1,0,2.0,0.9,55.0,45.0,15,17,4,5,Home Win
2021-10-26,2021,Espanyol,Athletic Club,1,1,1.3,3.3,46.0,54.0,13,23,2,6,Draw
2021-11-05,2021,Athletic Club,Cadiz,0,1,0.5,0.5,70.0,30.0,15,8,4,4,Away Win
2021-11-19,2021,Levante,Athletic Club,0,0,0.5,0.5,49.0,51.0,15,7,2,2,Draw
2021-11-26,2021,Athletic Club,Granada,2,2,1.1,1.1,63.0,37.0,17,8,4,3,Draw
2021-12-06,2021,Getafe,Athletic Club,0,0,1.2,0.5,45.0,55.0,17,9,5,3,Draw
2021-12-19,2021,Athletic Club,Betis,3,0,1.3,0.0,44.0,0.0,9,0,6,0,Home Win
2022-01-03,2021,Osasuna,Athletic Club,1,3,0.9,1.4,57.0,43.0,15,17,4,5,Away Win
2022-01-09,2021,Alaves,Athletic Club,0,0,0.5,0.8,42.0,58.0,12,10,1,2,Draw
2022-01-23,2021,Rayo Vallecano,Athletic Club,0,1,2.0,0.4,67.0,33.0,29,9,3,3,Away Win
2022-02-07,2021,Athletic Club,Espanyol,2,1,0.8,0.6,44.0,56.0,7,7,4,3,Home Win
2022-02-14,2021,Mallorca,Athletic Club,3,2,1.9,1.6,45.0,55.0,15,7,4,2,Home Win
2022-03-07,2021,Athletic Club,Levante,3,1,3.1,0.5,50.0,50.0,16,5,7,2,Home Win
2022-03-18,2021,Athletic Club,Getafe,1,1,2.0,0.4,66.0,34.0,22,8,11,2,Draw
2022-04-03,2021,Athletic Club,Elche,2,1,1.9,0.5,48.0,52.0,16,6,6,2,Home Win
2022-04-17,2021,Athletic Club,Celta Vigo,0,2,0.5,0.4,50.0,50.0,10,6,2,4,Away Win
2022-04-21,2021,Cadiz,Athletic Club,2,3,3.1,1.6,58.0,42.0,27,8,8,6,Away Win
2022-05-07,2021,Athletic Club,Valencia,0,0,1.3,0.1,59.0,41.0,10,4,5,1,Draw
2022-05-10,2021,Granada,Athletic Club,1,0,0.9,0.3,41.0,59.0,12,8,2,1,Home Win
2022-05-15,2021,Athletic Club,Osasuna,2,0,1.1,0.9,45.0,55.0,14,8,8,1,Home Win
2021-08-13,2021,Valencia,Getafe,1,0,1.5,1.4,27.0,73.0,3,22,1,4,Home Win
2021-08-21,2021,Granada,Valencia,1,1,1.1,1.5,47.0,53.0,9,17,2,5,Draw
2021-08-27,2021,Valencia,Alaves,3,0,1.6,0.4,49.0,51.0,9,9,4,2,Home Win
2021-09-12,2021,Osasuna,Valencia,1,4,0.6,0.9,58.0,42.0,11,10,2,4,Away Win
2021-10-02,2021,Cadiz,Valencia,0,0,0.2,1.1,33.0,67.0,2,16,1,4,Draw
2021-10-23,2021,Valencia,Mallorca,2,2,1.8,0.6,73.0,27.0,20,9,5,4,Draw
2021-11-27,2021,Valencia,Rayo Vallecano,1,1,1.6,1.2,42.0,58.0,8,12,3,5,Draw
2021-12-05,2021,Celta Vigo,Valencia,1,2,0.9,1.3,66.0,34.0,11,8,5,5,Away Win
2021-12-11,2021,Valencia,Elche,2,1,1.6,0.9,42.0,58.0,21,8,7,4,Home Win
2021-12-20,2021,Levante,Valencia,3,4,2.7,2.1,52.0,48.0,14,14,8,7,Away Win
2021-12-31,2021,Valencia,Espanyol,1,2,0.7,2.0,37.0,63.0,12,14,1,3,Away Win
2022-02-13,2021,Alaves,Valencia,2,1,1.8,1.2,41.0,59.0,8,8,4,3,Home Win
2022-02-26,2021,Mallorca,Valencia,0,1,1.8,0.6,67.0,33.0,23,8,3,4,Away Win
2022-03-05,2021,Valencia,Granada,3,1,1.6,0.4,52.0,48.0,11,7,3,0,Home Win
2022-03-12,2021,Getafe,Valencia,0,0,0.9,0.2,53.0,47.0,16,6,6,0,Draw
2022-03-19,2021,Elche,Valencia,0,1,0.6,0.9,56.0,44.0,8,8,2,3,Away Win
2022-04-03,2021,Valencia,Cadiz,0,0,0.2,0.1,51.0,49.0,5,4,1,3,Draw
2022-04-11,2021,Rayo Vallecano,Valencia,1,1,0.6,0.5,55.0,45.0,11,6,4,2,Draw
2022-04-16,2021,Valencia,Osasuna,1,2,1.3,1.1,51.0,49.0,10,8,3,2,Away Win
2022-04-30,2021,Valencia,Levante,1,1,0.5,1.3,32.0,68.0,6,24,1,6,Draw
2022-05-10,2021,Valencia,Betis,0,0,1.2,0.0,45.0,0.0,19,0,5,0,Draw
2022-05-14,2021,Espanyol,Valencia,1,1,0.7,1.6,48.0,52.0,5,18,3,5,Draw
2022-05-21,2021,Valencia,Celta Vigo,2,0,1.5,0.9,45.0,55.0,10,9,3,3,Home Win
2021-08-14,2021,Osasuna,Espanyol,0,0,0.9,0.5,53.0,47.0,14,10,1,3,Draw
2021-08-23,2021,Osasuna,Celta Vigo,0,0,2.0,0.1,47.0,53.0,14,4,6,0,Draw
2021-08-29,2021,Cadiz,Osasuna,2,3,1.6,2.4,28.0,72.0,6,12,2,2,Away Win
2021-09-18,2021,Alaves,Osasuna,0,2,0.5,1.4,55.0,45.0,8,12,3,4,Away Win
2021-09-23,2021,Osasuna,Betis,1,0,1.0,0.0,49.0,0.0,11,0,3,0,Home Win
2021-09-26,2021,Mallorca,Osasuna,2,3,2.6,0.9,55.0,45.0,17,11,8,6,Away Win
2021-10-02,2021,Osasuna,Rayo Vallecano,1,0,0.5,0.2,51.0,49.0,7,7,3,0,Home Win
2021-10-22,2021,Osasuna,Granada,1,1,1.0,0.5,42.0,58.0,17,9,5,4,Draw
2021-11-29,2021,Osasuna,Elche,1,1,1.8,1.4,50.0,50.0,16,10,3,4,Draw
2021-12-05,2021,Levante,Osasuna,0,0,0.5,0.3,58.0,42.0,11,11,3,1,Draw
2021-12-19,2021,Getafe,Osasuna,1,0,1.1,0.6,49.0,51.0,18,11,3,3,Home Win
2022-01-09,2021,Osasuna,Cadiz,2,0,2.2,0.2,59.0,41.0,15,6,5,1,Home Win
2022-01-19,2021,Celta Vigo,Osasuna,2,0,1.2,0.5,47.0,53.0,5,9,3,0,Home Win
2022-01-23,2021,Granada,Osasuna,0,2,0.7,2.1,55.0,45.0,6,16,2,7,Away Win
2022-02-12,2021,Rayo Vallecano,Osasuna,0,3,0.9,1.6,55.0,45.0,10,12,3,5,Away Win
2022-03-19,2021,Osasuna,Levante,3,1,2.3,1.0,45.0,55.0,20,13,7,4,Home Win
2022-04-10,2021,Osasuna,Alaves,1,0,2.1,0.5,65.0,35.0,14,8,3,2,Home Win
2022-05-01,2021,Elche,Osasuna,1,1,0.6,1.1,57.0,43.0,11,8,4,2,Draw
2022-05-08,2021,Espanyol,Osasuna,1,1,0.6,0.6,51.0,49.0,12,12,3,4,Draw
2022-05-11,2021,Osasuna,Getafe,1,1,0.6,0.3,67.0,33.0,12,6,1,0,Draw
2022-05-22,2021,Osasuna,Mallorca,0,2,0.8,1.2,62.0,38.0,11,14,1,6,Away Win
2021-09-17,2021,Celta Vigo,Cadiz,1,2,1.0,1.1,77.0,23.0,14,6,4,2,Away Win
2021-09-21,2021,Levante,Celta Vigo,0,2,1.7,0.7,46.0,54.0,5,4,1,2,Away Win
2021-09-27,2021,Celta Vigo,Granada,1,0,1.3,0.8,72.0,28.0,13,7,4,4,Home Win
2021-10-03,2021,Elche,Celta Vigo,1,0,1.3,0.5,45.0,55.0,12,10,4,1,Home Win
2021-10-25,2021,Getafe,Celta Vigo,0,3,0.5,1.6,35.0,65.0,11,16,2,8,Away Win
2021-11-01,2021,Rayo Vallecano,Celta Vigo,0,0,0.6,0.6,53.0,47.0,11,10,5,4,Draw
2021-11-27,2021,Alaves,Celta Vigo,1,2,0.9,1.2,42.0,58.0,13,7,5,4,Away Win
2021-12-10,2021,Mallorca,Celta Vigo,0,0,0.8,1.0,49.0,51.0,12,14,1,5,Draw
2021-12-17,2021,Celta Vigo,Espanyol,3,1,1.2,0.4,52.0,48.0,12,6,5,3,Home Win
2022-02-05,2021,Celta Vigo,Rayo Vallecano,2,0,0.7,0.8,52.0,48.0,13,11,3,0,Home Win
2022-02-12,2021,Cadiz,Celta Vigo,0,0,0.7,1.0,45.0,55.0,8,5,2,0,Draw
2022-02-21,2021,Celta Vigo,Levante,1,1,1.2,1.7,62.0,38.0,8,13,4,3,Draw
2022-03-06,2021,Celta Vigo,Mallorca,4,3,2.7,1.5,59.0,41.0,15,11,7,2,Home Win
2022-03-20,2021,Celta Vigo,Betis,0,0,0.9,0.0,52.0,0.0,9,0,3,0,Draw
2022-04-10,2021,Espanyol,Celta Vigo,1,0,1.3,0.8,47.0,53.0,11,10,2,5,Home Win
2022-04-20,2021,Celta Vigo,Getafe,0,2,0.4,1.1,71.0,29.0,9,6,2,3,Away Win
2022-05-01,2021,Granada,Celta Vigo,1,1,0.7,1.1,43.0,57.0,15,13,6,5,Draw
2022-05-07,2021,Celta Vigo,Alaves,4,0,1.9,0.5,66.0,34.0,15,3,8,1,Home Win
2022-05-15,2021,Celta Vigo,Elche,1,0,2.1,0.5,48.0,52.0,14,10,4,1,Home Win
2021-08-29,2021,Rayo Vallecano,Granada,4,0,2.2,0.5,47.0,53.0,18,9,5,3,Home Win
2021-09-11,2021,Levante,Rayo Vallecano,1,1,1.0,2.2,45.0,55.0,6,22,1,6,Draw
2021-09-18,2021,Rayo Vallecano,Getafe,3,0,2.2,1.1,50.0,50.0,10,12,4,2,Home Win
2021-09-26,2021,Rayo Vallecano,Cadiz,3,1,1.3,1.0,58.0,42.0,13,6,6,1,Home Win
2021-10-17,2021,Rayo Vallecano,Elche,2,1,1.2,0.4,52.0,48.0,10,7,4,3,Home Win
2021-11-22,2021,Rayo Vallecano,Mallorca,3,1,2.4,0.7,52.0,48.0,14,11,4,5,Home Win
2021-12-05,2021,Rayo Vallecano,Espanyol,1,0,0.4,0.6,50.0,50.0,7,10,0,3,Home Win
2021-12-18,2021,Rayo Vallecano,Alaves,2,0,1.8,0.2,61.0,39.0,20,6,5,4,Home Win
2022-01-09,2021,Rayo Vallecano,Betis,1,0,1.2,0.0,58.0,0.0,17,0,7,0,Home Win
2022-02-18,2021,Elche,Rayo Vallecano,2,1,2.5,0.7,44.0,56.0,9,13,5,2,Home Win
2022-03-06,2021,Cadiz,Rayo Vallecano,2,0,1.1,1.1,47.0,53.0,13,14,7,3,Home Win
2022-04-03,2021,Granada,Rayo Vallecano,2,2,2.1,0.8,63.0,37.0,16,10,8,4,Draw
2022-04-16,2021,Alaves,Rayo Vallecano,1,0,0.5,1.0,38.0,62.0,11,20,5,3,Home Win
2022-04-21,2021,Espanyol,Rayo Vallecano,0,1,0.4,0.6,57.0,43.0,6,13,2,2,Away Win
2022-05-08,2021,Getafe,Rayo Vallecano,0,0,0.6,0.7,45.0,55.0,12,12,6,1,Draw
2022-05-15,2021,Mallorca,Rayo Vallecano,2,1,0.8,1.2,45.0,55.0,12,11,5,4,Home Win
2022-05-20,2021,Rayo Vallecano,Levante,2,4,2.5,2.5,56.0,44.0,18,14,7,6,Away Win
2021-09-13,2021,Getafe,Elche,0,1,0.3,0.8,56.0,44.0,10,8,1,3,Away Win
2021-09-18,2021,Elche,Levante,1,1,0.4,1.1,54.0,46.0,9,11,2,6,Draw
2021-10-23,2021,Elche,Espanyol,2,2,0.9,0.8,57.0,43.0,12,20,7,7,Draw
2021-10-26,2021,Alaves,Elche,1,0,1.7,0.3,38.0,62.0,16,4,5,1,Home Win
2021-11-07,2021,Mallorca,Elche,2,2,2.3,0.8,52.0,48.0,17,7,5,2,Draw
2021-11-21,2021,Elche,Betis,0,0,0.8,0.0,58.0,0.0,14,0,4,0,Draw
2021-12-05,2021,Elche,Cadiz,3,1,2.4,1.7,57.0,43.0,7,14,2,5,Home Win
2022-01-02,2021,Elche,Granada,0,0,1.2,1.1,49.0,51.0,18,10,2,5,Draw
2022-01-10,2021,Espanyol,Elche,1,2,1.3,1.0,55.0,45.0,10,3,1,2,Away Win
2022-02-05,2021,Elche,Alaves,3,1,0.9,0.9,59.0,41.0,14,6,4,2,Home Win
2022-02-25,2021,Levante,Elche,3,0,2.1,0.6,43.0,57.0,11,8,4,3,Home Win
2022-03-12,2021,Granada,Elche,0,1,1.4,1.2,57.0,43.0,15,13,4,2,Away Win
2022-04-16,2021,Elche,Mallorca,3,0,1.6,1.5,53.0,47.0,6,13,2,2,Home Win
2022-05-07,2021,Cadiz,Elche,3,0,1.8,0.1,56.0,44.0,17,4,7,2,Home Win
2022-05-22,2021,Elche,Getafe,3,1,2.7,1.3,59.0,41.0,19,7,9,2,Home Win
2021-08-27,2021,Mallorca,Espanyol,1,0,1.0,0.4,48.0,52.0,12,8,6,3,Home Win
2021-09-22,2021,Espanyol,Alaves,1,0,1.7,0.5,53.0,47.0,9,7,1,2,Home Win
2021-10-18,2021,Espanyol,Cadiz,2,0,1.3,0.4,54.0,46.0,14,13,6,2,Home Win
2021-10-31,2021,Getafe,Espanyol,2,1,0.8,0.6,44.0,56.0,12,10,7,3,Home Win
2021-11-06,2021,Espanyol,Granada,2,0,1.6,2.0,43.0,57.0,17,18,6,5,Home Win
2021-12-11,2021,Espanyol,Levante,4,3,2.3,2.9,52.0,48.0,17,14,8,5,Home Win
2022-01-18,2021,Cadiz,Espanyol,2,2,0.9,1.7,48.0,52.0,10,14,4,7,Draw
2022-01-21,2021,Espanyol,Betis,1,0,1.4,0.0,38.0,0.0,12,0,4,0,Home Win
2022-03-05,2021,Espanyol,Getafe,2,0,0.1,0.4,54.0,46.0,4,12,1,3,Home Win
2022-03-12,2021,Levante,Espanyol,1,1,1.1,0.4,56.0,44.0,14,6,3,1,Draw
2022-03-20,2021,Espanyol,Mallorca,1,0,1.3,0.5,44.0,56.0,12,10,3,4,Home Win
2022-05-11,2021,Alaves,Espanyol,2,1,2.6,0.9,46.0,54.0,27,4,9,2,Home Win
2022-05-22,2021,Granada,Espanyol,0,0,1.7,0.3,40.0,60.0,14,10,5,5,Draw
2021-10-16,2021,Levante,Getafe,0,0,0.9,0.6,53.0,47.0,6,14,2,4,Draw
2021-10-28,2021,Granada,Getafe,1,1,2.0,0.4,75.0,25.0,17,6,3,4,Draw
2021-11-21,2021,Getafe,Cadiz,4,0,1.2,0.4,47.0,53.0,17,10,8,2,Home Win
2021-11-27,2021,Mallorca,Getafe,0,0,0.4,0.8,53.0,47.0,12,11,2,0,Draw
2021-12-11,2021,Alaves,Getafe,1,1,0.7,1.0,64.0,36.0,9,11,1,2,Draw
2022-01-20,2021,Getafe,Granada,4,2,0.9,0.7,50.0,50.0,12,7,4,4,Home Win
2022-02-04,2021,Getafe,Levante,3,0,0.8,0.5,41.0,59.0,14,11,8,2,Home Win
2022-02-19,2021,Cadiz,Getafe,1,1,0.5,0.9,64.0,36.0,9,5,2,0,Draw
2022-02-26,2021,Getafe,Alaves,2,2,1.1,1.0,50.0,50.0,12,7,3,3,Draw
2022-04-02,2021,Getafe,Mallorca,1,0,1.7,0.4,61.0,39.0,15,7,2,1,Home Win
2022-05-02,2021,Getafe,Betis,0,0,0.7,0.0,36.0,0.0,13,0,2,0,Draw
2021-08-14,2021,Mallorca,Betis,1,0,0.5,0.0,35.0,0.0,6,0,2,0,Home Win
2021-08-21,2021,Alaves,Mallorca,0,1,0.5,0.7,46.0,54.0,9,12,4,2,Away Win
2021-10-02,2021,Mallorca,Levante,1,0,0.6,1.2,52.0,48.0,11,5,7,1,Home Win
2021-10-31,2021,Cadiz,Mallorca,1,1,1.7,0.9,44.0,56.0,12,11,1,5,Draw
2021-12-19,2021,Granada,Mallorca,4,1,1.9,0.9,46.0,54.0,15,8,6,5,Home Win
2022-01-08,2021,Levante,Mallorca,2,0,1.2,1.2,43.0,57.0,16,14,8,7,Home Win
2022-02-05,2021,Mallorca,Cadiz,2,1,2.3,0.8,47.0,53.0,15,12,3,5,Home Win
2022-04-19,2021,Mallorca,Alaves,2,1,0.8,0.6,41.0,59.0,5,12,3,4,Home Win
2022-05-07,2021,Mallorca,Granada,2,6,1.4,1.6,59.0,41.0,18,14,8,7,Away Win
2021-08-14,2021,Cadiz,Levante,1,1,0.6,0.9,43.0,57.0,7,12,2,3,Draw
2021-10-23,2021,Cadiz,Alaves,0,2,1.5,1.3,61.0,39.0,23,7,3,3,Away Win
2021-12-13,2021,Cadiz,Granada,1,1,0.7,1.0,35.0,65.0,13,16,3,5,Draw
2022-01-22,2021,Levante,Cadiz,0,2,1.0,0.7,66.0,34.0,15,8,8,2,Away Win
2022-02-28,2021,Granada,Cadiz,0,0,0.2,0.7,37.0,63.0,6,12,1,4,Draw
2022-04-09,2021,Cadiz,Betis,1,0,1.3,0.0,41.0,0.0,10,0,3,0,Home Win
2022-05-22,2021,Alaves,Cadiz,0,1,0.4,1.8,50.0,50.0,9,13,2,6,Away Win
2021-09-13,2021,Granada,Betis,1,0,0.6,0.0,43.0,0.0,11,0,2,0,Home Win
2021-11-01,2021,Levante,Granada,0,3,1.1,1.0,48.0,52.0,12,12,3,6,Away Win
2021-12-03,2021,Granada,Alaves,2,1,1.0,2.1,45.0,55.0,9,14,2,2,Home Win
2022-03-19,2021,Alaves,Granada,2,3,1.7,2.1,50.0,50.0,10,12,5,3,Away Win
2022-04-17,2021,Granada,Levante,1,4,1.0,3.9,54.0,46.0,16,16,4,7,Away Win
2021-11-06,2021,Alaves,Levante,2,1,1.5,0.8,60.0,40.0,9,12,2,7,Home Win
2022-02-13,2021,Levante,Betis,2,0,1.7,0.0,42.0,0.0,12,0,4,0,Home Win
2022-05-15,2021,Levante,Alaves,3,1,1.9,0.5,63.0,37.0,15,6,5,2,Home Win
2021-10-18,2021,Alaves,Betis,0,0,0.9,0.0,37.0,0.0,14,0,2,0,Draw
2020-09-27,2020,Atletico Madrid,Granada,6,1,3.3,1.6,55.0,45.0,16,11,9,6,Home Win
2020-09-30,2020,Huesca,Atletico Madrid,0,0,0.9,1.6,37.0,63.0,9,16,3,2,Draw
2020-10-03,2020,Atletico Madrid,Villarreal,0,0,0.6,0.3,54.0,46.0,13,6,0,2,Draw
2020-10-17,2020,Celta Vigo,Atletico Madrid,0,2,1.9,1.4,51.0,49.0,15,9,5,4,Away Win
2020-10-24,2020,Atletico Madrid,Betis,2,0,1.4,0.0,40.0,0.0,13,0,6,0,Home Win
2020-10-31,2020,Osasuna,Atletico Madrid,1,3,1.1,2.8,45.0,55.0,8,9,3,5,Away Win
2020-11-07,2020,Atletico Madrid,Cadiz,4,0,2.1,0.4,67.0,33.0,17,10,7,3,Home Win
2020-11-21,2020,Atletico Madrid,Barcelona,1,0,0.5,0.9,46.0,54.0,9,13,2,4,Home Win
2020-11-28,2020,Valencia,Atletico Madrid,0,1,0.2,0.9,34.0,66.0,5,14,2,5,Away Win
2020-12-05,2020,Atletico Madrid,Valladolid,2,0,1.2,0.7,54.0,46.0,14,13,4,3,Home Win
2020-12-12,2020,Real Madrid,Atletico Madrid,2,0,0.9,0.7,56.0,44.0,11,5,3,1,Home Win
2020-12-19,2020,Atletico Madrid,Elche,3,1,2.2,0.6,48.0,52.0,11,8,5,3,Home Win
2020-12-22,2020,Real Sociedad,Atletico Madrid,0,2,0.3,0.5,60.0,40.0,6,8,1,3,Away Win
2020-12-30,2020,Atletico Madrid,Getafe,1,0,1.1,0.8,51.0,49.0,10,10,3,2,Home Win
2021-01-03,2020,Alaves,Atletico Madrid,1,2,0.3,2.2,42.0,58.0,4,8,1,4,Away Win
2021-01-12,2020,Atletico Madrid,Sevilla,2,0,0.4,1.8,34.0,66.0,5,13,4,2,Home Win
2021-01-21,2020,Eibar,Atletico Madrid,1,2,1.5,1.2,36.0,64.0,11,8,1,3,Away Win
2021-01-24,2020,Atletico Madrid,Valencia,3,1,1.8,0.3,49.0,51.0,14,8,5,4,Home Win
2021-01-31,2020,Cadiz,Atletico Madrid,2,4,1.2,1.9,48.0,52.0,11,8,6,3,Away Win
2021-02-08,2020,Atletico Madrid,Celta Vigo,2,2,1.2,1.5,46.0,54.0,9,7,2,2,Draw
2021-02-13,2020,Granada,Atletico Madrid,1,2,0.7,0.7,40.0,60.0,6,10,1,4,Away Win
2021-02-17,2020,Levante,Atletico Madrid,1,1,0.6,1.1,36.0,64.0,7,14,4,6,Draw
2021-02-20,2020,Atletico Madrid,Levante,0,2,2.1,0.8,56.0,44.0,28,6,10,1,Away Win
2021-02-28,2020,Villarreal,Atletico Madrid,0,2,1.8,0.6,63.0,37.0,19,6,6,5,Away Win
2021-03-07,2020,Atletico Madrid,Real Madrid,1,1,1.4,1.6,39.0,61.0,11,18,5,8,Draw
2021-03-10,2020,Atletico Madrid,Athletic Club,2,1,1.5,0.6,46.0,54.0,10,4,4,2,Home Win
2021-03-13,2020,Getafe,Atletico Madrid,0,0,0.7,1.6,27.0,73.0,11,15,2,7,Draw
2021-03-21,2020,Atletico Madrid,Alaves,1,0,0.5,1.2,62.0,38.0,8,8,4,2,Home Win
2021-04-04,2020,Sevilla,Atletico Madrid,1,0,2.0,0.8,57.0,43.0,17,9,4,4,Home Win
2021-04-18,2020,Atletico Madrid,Eibar,5,0,1.9,0.0,61.0,39.0,10,0,7,0,Home Win
2021-04-22,2020,Atletico Madrid,Huesca,2,0,2.2,1.5,53.0,47.0,17,5,12,2,Home Win
2021-04-25,2020,Athletic Club,Atletico Madrid,2,1,1.2,0.8,38.0,62.0,11,14,3,3,Home Win
2021-05-01,2020,Elche,Atletico Madrid,0,1,1.2,0.9,50.0,50.0,5,11,1,4,Away Win
2021-05-08,2020,Barcelona,Atletico Madrid,0,0,0.9,0.8,59.0,41.0,12,11,7,6,Draw
2021-05-12,2020,Atletico Madrid,Real Sociedad,2,1,1.4,1.7,35.0,65.0,12,14,4,7,Home Win
2021-05-16,2020,Atletico Madrid,Osasuna,2,1,2.6,0.3,73.0,27.0,26,5,9,2,Home Win
2021-05-22,2020,Valladolid,Atletico Madrid,1,2,1.1,1.4,48.0,52.0,10,14,4,3,Away Win
2020-09-20,2020,Real Sociedad,Real Madrid,0,0,0.6,0.9,32.0,68.0,6,16,1,4,Draw
2020-09-30,2020,Real Madrid,Valladolid,1,0,2.3,0.6,62.0,38.0,15,11,5,5,Home Win
2020-10-04,2020,Levante,Real Madrid,0,2,0.5,2.2,45.0,55.0,11,13,4,3,Away Win
2020-10-17,2020,Real Madrid,Cadiz,0,1,1.0,1.6,75.0,25.0,14,14,2,4,Away Win
2020-10-24,2020,Barcelona,Real Madrid,1,3,1.8,3.0,53.0,47.0,10,14,4,8,Away Win
2020-10-31,2020,Real Madrid,Huesca,4,1,2.3,1.0,60.0,40.0,13,9,6,2,Home Win
2020-11-08,2020,Valencia,Real Madrid,4,1,2.5,1.3,35.0,65.0,4,16,1,6,Home Win
2020-11-21,2020,Villarreal,Real Madrid,1,1,1.7,0.6,47.0,53.0,12,6,0,1,Draw
2020-11-28,2020,Real Madrid,Alaves,1,2,1.7,2.2,67.0,33.0,20,10,8,5,Away Win
2020-12-05,2020,Sevilla,Real Madrid,0,1,0.7,1.5,63.0,37.0,12,10,2,2,Away Win
2020-12-15,2020,Real Madrid,Athletic Club,3,1,2.2,0.8,68.0,32.0,18,10,5,4,Home Win
2020-12-20,2020,Eibar,Real Madrid,1,3,0.7,2.2,34.0,66.0,10,11,3,4,Away Win
2020-12-23,2020,Real Madrid,Granada,2,0,1.8,0.8,66.0,34.0,23,10,6,1,Home Win
2020-12-30,2020,Elche,Real Madrid,1,1,1.0,1.4,33.0,67.0,5,14,2,6,Draw
2021-01-02,2020,Real Madrid,Celta Vigo,2,0,1.0,0.7,41.0,59.0,9,6,2,0,Home Win
2021-01-09,2020,Osasuna,Real Madrid,0,0,0.6,0.4,31.0,69.0,8,9,2,1,Draw
2021-01-23,2020,Alaves,Real Madrid,1,4,0.7,1.4,40.0,60.0,14,10,4,6,Away Win
2021-01-30,2020,Real Madrid,Levante,1,2,1.3,1.8,47.0,53.0,8,13,2,7,Away Win
2021-02-06,2020,Huesca,Real Madrid,1,2,1.0,3.4,35.0,65.0,13,18,2,7,Away Win
2021-02-09,2020,Real Madrid,Getafe,2,0,1.6,0.1,67.0,33.0,14,1,4,0,Home Win
2021-02-14,2020,Real Madrid,Valencia,2,0,0.8,0.1,61.0,39.0,16,4,7,1,Home Win
2021-02-20,2020,Valladolid,Real Madrid,0,1,1.0,0.8,36.0,64.0,9,10,5,2,Away Win
2021-03-01,2020,Real Madrid,Real Sociedad,1,1,2.2,0.8,59.0,41.0,20,6,2,2,Draw
2021-03-13,2020,Real Madrid,Elche,2,1,1.6,0.5,65.0,35.0,17,3,4,2,Home Win
2021-03-20,2020,Celta Vigo,Real Madrid,1,3,0.6,2.5,51.0,49.0,8,16,3,4,Away Win
2021-04-03,2020,Real Madrid,Eibar,2,0,1.8,0.4,63.0,37.0,21,10,8,4,Home Win
2021-04-10,2020,Real Madrid,Barcelona,2,1,1.5,1.3,31.0,69.0,14,18,3,4,Home Win
2021-04-18,2020,Getafe,Real Madrid,0,0,1.8,0.5,42.0,58.0,19,10,6,1,Draw
2021-04-21,2020,Cadiz,Real Madrid,0,3,1.0,3.2,39.0,61.0,13,13,3,3,Away Win
2021-04-24,2020,Real Madrid,Betis,0,0,1.0,0.0,57.0,0.0,17,0,5,0,Draw
2021-05-01,2020,Real Madrid,Osasuna,2,0,1.7,0.1,65.0,35.0,22,3,6,2,Home Win
2021-05-09,2020,Real Madrid,Sevilla,2,2,0.9,1.2,58.0,42.0,17,6,7,2,Draw
2021-05-13,2020,Granada,Real Madrid,1,4,1.9,1.3,36.0,64.0,10,16,5,7,Away Win
2021-05-16,2020,Athletic Club,Real Madrid,0,1,0.7,1.0,36.0,64.0,8,11,1,2,Away Win
2021-05-22,2020,Real Madrid,Villarreal,2,1,1.2,0.6,56.0,44.0,14,6,4,2,Home Win
2020-09-27,2020,Barcelona,Villarreal,4,0,2.6,0.2,57.0,43.0,16,5,8,1,Home Win
2020-10-01,2020,Celta Vigo,Barcelona,0,3,0.5,0.7,44.0,56.0,10,7,3,4,Away Win
2020-10-04,2020,Barcelona,Sevilla,1,1,1.0,1.5,55.0,45.0,12,13,5,1,Draw
2020-10-17,2020,Getafe,Barcelona,1,0,1.6,0.7,28.0,72.0,8,7,3,1,Home Win
2020-10-31,2020,Alaves,Barcelona,1,1,1.2,1.9,21.0,79.0,4,25,3,8,Draw
2020-11-07,2020,Barcelona,Betis,5,0,3.4,0.0,59.0,0.0,16,0,7,0,Home Win
2020-11-29,2020,Barcelona,Osasuna,4,0,3.7,1.5,71.0,29.0,20,10,10,5,Home Win
2020-12-05,2020,Cadiz,Barcelona,2,1,2.5,1.5,18.0,82.0,7,21,3,8,Home Win
2020-12-13,2020,Barcelona,Levante,1,0,2.1,1.0,63.0,37.0,24,6,13,3,Home Win
2020-12-16,2020,Barcelona,Real Sociedad,2,1,2.5,1.8,53.0,47.0,14,12,4,5,Home Win
2020-12-19,2020,Barcelona,Valencia,2,2,2.3,1.6,72.0,28.0,24,11,8,4,Draw
2020-12-22,2020,Valladolid,Barcelona,0,3,0.8,3.0,39.0,61.0,12,21,5,10,Away Win
2020-12-29,2020,Barcelona,Eibar,1,1,2.2,0.6,72.0,28.0,15,9,5,3,Draw
2021-01-03,2020,Huesca,Barcelona,0,1,0.8,3.0,31.0,69.0,4,20,4,6,Away Win
2021-01-06,2020,Athletic Club,Barcelona,2,3,0.6,1.6,43.0,57.0,8,13,3,9,Away Win
2021-01-09,2020,Granada,Barcelona,0,4,0.5,0.9,28.0,72.0,8,13,4,4,Away Win
2021-01-24,2020,Elche,Barcelona,0,2,0.5,2.6,35.0,65.0,4,15,2,8,Away Win
2021-01-31,2020,Barcelona,Athletic Club,2,1,1.9,0.3,58.0,42.0,12,7,6,2,Home Win
2021-02-13,2020,Barcelona,Alaves,5,1,2.4,0.7,73.0,27.0,17,6,9,2,Home Win
2021-02-21,2020,Barcelona,Cadiz,1,1,2.2,1.4,81.0,19.0,19,2,3,0,Draw
2021-02-24,2020,Barcelona,Elche,3,0,2.7,0.3,65.0,35.0,9,6,5,1,Home Win
2021-02-27,2020,Sevilla,Barcelona,0,2,0.2,1.6,45.0,55.0,4,9,2,5,Away Win
2021-03-06,2020,Osasuna,Barcelona,0,2,0.8,0.8,37.0,63.0,10,13,3,6,Away Win
2021-03-15,2020,Barcelona,Huesca,4,1,1.1,2.2,69.0,31.0,12,7,5,3,Home Win
2021-03-21,2020,Real Sociedad,Barcelona,1,6,0.9,2.8,31.0,69.0,10,14,5,10,Away Win
2021-04-05,2020,Barcelona,Valladolid,1,0,1.6,0.4,68.0,32.0,25,7,10,2,Home Win
2021-04-22,2020,Barcelona,Getafe,5,2,1.7,1.5,80.0,20.0,8,4,5,0,Home Win
2021-04-25,2020,Villarreal,Barcelona,1,2,0.9,2.8,44.0,56.0,10,15,4,5,Away Win
2021-04-29,2020,Barcelona,Granada,1,2,1.4,0.7,81.0,19.0,16,5,4,2,Away Win
2021-05-02,2020,Valencia,Barcelona,2,3,1.2,3.0,32.0,68.0,9,13,4,5,Away Win
2021-05-11,2020,Levante,Barcelona,3,3,1.1,2.7,40.0,60.0,16,17,6,5,Draw
2021-05-16,2020,Barcelona,Celta Vigo,1,2,2.5,0.7,64.0,36.0,21,4,4,4,Away Win
2021-05-22,2020,Eibar,Barcelona,0,1,1.7,0.3,33.0,67.0,17,7,3,3,Away Win
2020-09-27,2020,Cadiz,Sevilla,1,3,1.1,2.4,25.0,75.0,12,14,5,5,Away Win
2020-10-01,2020,Sevilla,Levante,1,0,1.1,0.2,64.0,36.0,16,3,2,1,Home Win
2020-10-17,2020,Granada,Sevilla,1,0,1.3,0.6,52.0,48.0,13,8,3,3,Home Win
2020-10-24,2020,Sevilla,Eibar,0,1,1.7,0.2,72.0,28.0,21,3,3,1,Away Win
2020-10-31,2020,Athletic Club,Sevilla,2,1,1.2,1.1,47.0,53.0,16,7,5,2,Home Win
2020-11-07,2020,Sevilla,Osasuna,1,0,1.1,0.7,66.0,34.0,8,10,0,2,Home Win
2020-11-21,2020,Sevilla,Celta Vigo,4,2,2.6,2.1,57.0,43.0,15,10,10,7,Home Win
2020-11-28,2020,Huesca,Sevilla,0,1,0.2,1.8,33.0,67.0,5,16,1,4,Away Win
2020-12-12,2020,Getafe,Sevilla,0,1,0.5,0.5,26.0,74.0,8,8,1,0,Away Win
2020-12-19,2020,Sevilla,Valladolid,1,1,1.7,1.0,59.0,41.0,13,12,2,5,Draw
2020-12-22,2020,Valencia,Sevilla,0,1,0.6,1.8,30.0,70.0,10,19,4,3,Away Win
2020-12-29,2020,Sevilla,Villarreal,2,0,2.2,0.6,43.0,57.0,9,6,2,2,Home Win
2021-01-09,2020,Sevilla,Real Sociedad,3,2,2.6,0.8,60.0,40.0,12,10,7,3,Home Win
2021-01-19,2020,Alaves,Sevilla,1,2,1.6,1.2,38.0,62.0,11,7,2,3,Away Win
2021-01-23,2020,Sevilla,Cadiz,3,0,2.3,0.7,79.0,21.0,15,9,7,3,Home Win
2021-01-30,2020,Eibar,Sevilla,0,2,0.9,1.5,49.0,51.0,17,6,6,3,Away Win
2021-02-06,2020,Sevilla,Getafe,3,0,2.2,0.2,75.0,25.0,18,4,5,0,Home Win
2021-02-13,2020,Sevilla,Huesca,1,0,1.5,1.3,65.0,35.0,14,9,4,5,Home Win
2021-02-22,2020,Osasuna,Sevilla,0,2,0.5,0.7,41.0,59.0,6,10,0,5,Away Win
2021-03-06,2020,Elche,Sevilla,2,1,0.9,1.2,37.0,63.0,6,11,3,3,Home Win
2021-03-14,2020,Sevilla,Betis,1,0,0.6,0.0,53.0,0.0,9,0,3,0,Home Win
2021-03-17,2020,Sevilla,Elche,2,0,1.5,0.7,66.0,34.0,13,11,8,5,Home Win
2021-03-20,2020,Valladolid,Sevilla,1,1,0.9,1.0,31.0,69.0,2,11,1,4,Draw
2021-04-12,2020,Celta Vigo,Sevilla,3,4,2.6,1.6,42.0,58.0,11,13,4,6,Away Win
2021-04-18,2020,Real Sociedad,Sevilla,1,2,0.3,3.4,48.0,52.0,5,15,2,6,Away Win
2021-04-21,2020,Levante,Sevilla,0,1,0.3,2.0,43.0,57.0,6,10,1,3,Away Win
2021-04-25,2020,Sevilla,Granada,2,1,1.3,0.9,64.0,36.0,9,3,3,1,Home Win
2021-05-03,2020,Sevilla,Athletic Club,0,1,1.1,0.7,73.0,27.0,18,8,3,2,Away Win
2021-05-12,2020,Sevilla,Valencia,1,0,0.9,0.4,61.0,39.0,10,6,4,2,Home Win
2021-05-16,2020,Villarreal,Sevilla,4,0,1.2,1.6,43.0,57.0,12,17,5,5,Home Win
2021-05-23,2020,Sevilla,Alaves,1,0,0.4,1.1,68.0,32.0,11,11,2,2,Home Win
2020-09-13,2020,Valladolid,Real Sociedad,1,1,0.8,0.3,40.0,60.0,8,8,2,2,Draw
2020-09-26,2020,Elche,Real Sociedad,0,3,1.0,3.1,40.0,60.0,5,26,2,6,Away Win
2020-09-29,2020,Real Sociedad,Valencia,0,1,0.5,0.9,65.0,35.0,11,9,3,5,Away Win
2020-10-03,2020,Real Sociedad,Getafe,3,0,2.2,0.3,54.0,46.0,10,5,5,1,Home Win
2020-10-25,2020,Real Sociedad,Huesca,4,1,2.5,0.5,51.0,49.0,12,7,5,4,Home Win
2020-11-01,2020,Celta Vigo,Real Sociedad,1,4,1.6,2.0,46.0,54.0,8,9,1,7,Away Win
2020-11-08,2020,Real Sociedad,Granada,2,0,3.4,0.8,72.0,28.0,20,1,7,0,Home Win
2020-11-22,2020,Cadiz,Real Sociedad,0,1,0.1,1.2,33.0,67.0,2,14,0,3,Away Win
2020-11-29,2020,Real Sociedad,Villarreal,1,1,1.7,1.2,55.0,45.0,7,9,3,1,Draw
2020-12-06,2020,Alaves,Real Sociedad,0,0,0.3,1.4,32.0,68.0,5,13,1,4,Draw
2020-12-13,2020,Real Sociedad,Eibar,1,1,1.2,1.7,49.0,51.0,8,16,2,4,Draw
2020-12-19,2020,Levante,Real Sociedad,2,1,1.8,1.8,45.0,55.0,13,15,5,5,Home Win
2020-12-31,2020,Athletic Club,Real Sociedad,0,1,0.2,1.6,60.0,40.0,4,13,0,3,Away Win
2021-01-03,2020,Real Sociedad,Osasuna,1,1,0.8,0.8,62.0,38.0,8,6,2,2,Draw
2021-01-23,2020,Real Sociedad,Betis,2,0,2.2,0.0,54.0,0.0,12,0,5,0,Home Win
2021-01-30,2020,Villarreal,Real Sociedad,1,1,0.2,1.3,35.0,65.0,4,12,2,3,Draw
2021-02-07,2020,Real Sociedad,Cadiz,4,1,4.6,0.5,74.0,26.0,16,2,5,1,Home Win
2021-02-14,2020,Getafe,Real Sociedad,0,1,0.4,1.0,44.0,56.0,4,3,0,2,Away Win
2021-02-21,2020,Real Sociedad,Alaves,4,0,2.4,0.8,64.0,36.0,8,7,4,2,Home Win
2021-03-07,2020,Real Sociedad,Levante,1,0,4.7,0.2,54.0,46.0,24,6,7,1,Home Win
2021-03-14,2020,Granada,Real Sociedad,1,0,0.4,0.4,33.0,67.0,7,7,2,1,Home Win
2021-04-07,2020,Real Sociedad,Athletic Club,1,1,0.9,0.7,51.0,49.0,12,11,2,2,Draw
2021-04-11,2020,Valencia,Real Sociedad,2,2,2.3,1.0,41.0,59.0,7,16,1,5,Draw
2021-04-22,2020,Real Sociedad,Celta Vigo,2,1,2.2,0.6,41.0,59.0,5,10,1,3,Home Win
2021-04-26,2020,Eibar,Real Sociedad,0,1,1.2,0.7,53.0,47.0,14,5,5,2,Away Win
2021-05-01,2020,Huesca,Real Sociedad,1,0,0.6,0.3,47.0,53.0,10,7,3,3,Home Win
2021-05-07,2020,Real Sociedad,Elche,2,0,2.4,0.2,72.0,28.0,16,1,3,0,Home Win
2021-05-16,2020,Real Sociedad,Valladolid,4,1,1.8,1.6,54.0,46.0,13,19,8,5,Home Win
2021-05-22,2020,Osasuna,Real Sociedad,0,1,0.4,2.0,44.0,56.0,7,11,1,1,Away Win
2020-09-20,2020,Real Betis,Valladolid,2,0,1.6,0.0,56.0,0.0,15,0,5,0,Home Win
2020-09-26,2020,Real Betis,Real Madrid,2,0,1.2,0.0,45.0,0.0,15,0,5,0,Home Win
2020-10-18,2020,Real Betis,Real Sociedad,0,0,0.4,0.0,55.0,0.0,7,0,1,0,Draw
2020-11-01,2020,Real Betis,Elche,3,0,3.2,0.0,59.0,0.0,16,0,9,0,Home Win
2020-11-30,2020,Real Betis,Eibar,0,0,0.7,0.0,63.0,0.0,7,0,3,0,Draw
2020-12-13,2020,Real Betis,Villarreal,1,0,0.6,0.0,46.0,0.0,11,0,5,0,Home Win
2020-12-23,2020,Real Betis,Cadiz,1,0,0.4,0.0,71.0,0.0,6,0,1,0,Home Win
2021-01-02,2020,Real Betis,Sevilla,1,0,2.1,0.0,45.0,0.0,14,0,1,0,Home Win
2021-01-20,2020,Real Betis,Celta Vigo,2,0,0.8,0.0,43.0,0.0,12,0,4,0,Home Win
2021-02-01,2020,Real Betis,Osasuna,1,0,1.5,0.0,65.0,0.0,8,0,3,0,Home Win
2021-02-07,2020,Real Betis,Barcelona,2,0,1.8,0.0,37.0,0.0,8,0,5,0,Home Win
2021-02-19,2020,Real Betis,Getafe,1,0,2.6,0.0,63.0,0.0,10,0,3,0,Home Win
2021-03-08,2020,Real Betis,Alaves,3,0,2.0,0.0,76.0,0.0,22,0,6,0,Home Win
2021-03-19,2020,Real Betis,Levante,2,0,2.2,0.0,56.0,0.0,16,0,6,0,Home Win
2021-04-11,2020,Real Betis,Atletico Madrid,1,0,0.8,0.0,53.0,0.0,8,0,4,0,Home Win
2021-04-18,2020,Real Betis,Valencia,2,0,0.7,0.0,56.0,0.0,9,0,5,0,Home Win
2021-04-21,2020,Real Betis,Athletic Club,0,0,0.2,0.0,41.0,0.0,6,0,2,0,Draw
2021-05-10,2020,Real Betis,Granada,2,0,1.7,0.0,61.0,0.0,14,0,5,0,Home Win
2021-05-16,2020,Real Betis,Huesca,1,0,1.1,0.0,47.0,0.0,9,0,1,0,Home Win
2020-09-13,2020,Villarreal,Huesca,1,1,2.5,0.6,65.0,35.0,14,10,3,3,Draw
2020-09-19,2020,Villarreal,Eibar,2,1,2.7,1.5,58.0,42.0,14,12,7,4,Home Win
2020-09-30,2020,Villarreal,Alaves,3,1,2.3,1.1,59.0,41.0,9,8,4,3,Home Win
2020-10-18,2020,Villarreal,Valencia,2,1,1.5,0.6,62.0,38.0,15,11,5,3,Home Win
2020-10-25,2020,Cadiz,Villarreal,0,0,0.2,0.8,25.0,75.0,5,7,0,2,Draw
2020-11-02,2020,Villarreal,Valladolid,2,0,1.8,0.7,59.0,41.0,11,11,5,1,Home Win
2020-11-08,2020,Getafe,Villarreal,1,3,0.7,2.3,46.0,54.0,13,9,4,5,Away Win
2020-12-06,2020,Villarreal,Elche,0,0,0.6,0.1,57.0,43.0,12,3,3,0,Draw
2020-12-19,2020,Osasuna,Villarreal,1,3,1.0,2.3,33.0,67.0,5,13,0,6,Away Win
2020-12-22,2020,Villarreal,Athletic Club,1,1,1.4,0.8,65.0,35.0,17,9,6,3,Draw
2021-01-02,2020,Villarreal,Levante,2,1,1.6,0.5,50.0,50.0,12,9,7,2,Home Win
2021-01-08,2020,Celta Vigo,Villarreal,0,4,0.4,2.7,57.0,43.0,8,15,3,6,Away Win
2021-01-20,2020,Villarreal,Granada,2,2,2.4,0.2,68.0,32.0,6,3,1,2,Draw
2021-01-23,2020,Huesca,Villarreal,0,0,0.2,0.5,44.0,56.0,5,8,1,2,Draw
2021-02-06,2020,Elche,Villarreal,2,2,1.3,1.4,45.0,55.0,8,9,2,4,Draw
2021-02-14,2020,Villarreal,Betis,1,0,1.3,0.0,56.0,0.0,8,0,4,0,Home Win
2021-02-21,2020,Athletic Club,Villarreal,1,1,2.6,0.1,48.0,52.0,18,3,8,2,Draw
2021-03-05,2020,Valencia,Villarreal,2,1,1.9,1.9,53.0,47.0,24,9,3,4,Home Win
2021-03-14,2020,Eibar,Villarreal,1,3,1.4,2.8,59.0,41.0,15,13,6,8,Away Win
2021-03-21,2020,Villarreal,Cadiz,2,1,2.2,0.9,57.0,43.0,12,9,3,3,Home Win
2021-04-03,2020,Granada,Villarreal,0,3,1.4,3.2,45.0,55.0,5,13,2,3,Away Win
2021-04-11,2020,Villarreal,Osasuna,1,2,1.6,1.3,68.0,32.0,15,12,6,4,Away Win
2021-04-18,2020,Levante,Villarreal,1,5,1.0,1.5,44.0,56.0,12,14,3,7,Away Win
2021-04-21,2020,Alaves,Villarreal,2,1,1.7,1.5,33.0,67.0,9,10,4,4,Home Win
2021-05-02,2020,Villarreal,Getafe,1,0,0.2,0.6,65.0,35.0,4,15,3,3,Home Win
2021-05-09,2020,Villarreal,Celta Vigo,2,4,3.0,2.0,60.0,40.0,15,9,6,4,Away Win
2021-05-13,2020,Valladolid,Villarreal,0,2,1.0,0.6,39.0,61.0,11,9,2,3,Away Win
2020-09-12,2020,Eibar,Celta Vigo,0,0,0.4,0.6,50.0,50.0,8,6,1,3,Draw
2020-09-19,2020,Celta Vigo,Valencia,2,1,2.0,0.5,51.0,49.0,23,9,6,3,Home Win
2020-09-27,2020,Valladolid,Celta Vigo,1,1,1.5,1.3,54.0,46.0,9,5,3,1,Draw
2020-10-04,2020,Osasuna,Celta Vigo,2,0,1.2,0.5,40.0,60.0,13,9,4,3,Home Win
2020-10-26,2020,Levante,Celta Vigo,1,1,1.2,0.8,58.0,42.0,9,11,2,3,Draw
2020-11-06,2020,Elche,Celta Vigo,1,1,1.5,2.1,51.0,49.0,7,14,0,6,Draw
2020-11-29,2020,Celta Vigo,Granada,3,1,4.2,1.6,67.0,33.0,17,9,7,2,Home Win
2020-12-04,2020,Athletic Club,Celta Vigo,0,2,0.5,1.2,51.0,49.0,10,6,0,4,Away Win
2020-12-14,2020,Celta Vigo,Cadiz,4,0,1.5,0.6,61.0,39.0,6,12,3,2,Home Win
2020-12-20,2020,Celta Vigo,Alaves,2,0,1.6,0.7,54.0,46.0,11,8,3,2,Home Win
2020-12-23,2020,Getafe,Celta Vigo,1,1,0.3,0.8,39.0,61.0,6,1,3,0,Draw
2020-12-30,2020,Celta Vigo,Huesca,2,1,2.3,1.3,56.0,44.0,15,17,6,6,Home Win
2021-01-24,2020,Celta Vigo,Eibar,1,1,1.6,0.9,56.0,44.0,8,9,4,2,Draw
2021-01-31,2020,Granada,Celta Vigo,0,0,0.3,0.6,36.0,64.0,10,7,5,1,Draw
2021-02-12,2020,Celta Vigo,Elche,3,1,2.1,1.1,50.0,50.0,9,7,6,2,Home Win
2021-02-20,2020,Valencia,Celta Vigo,2,0,1.2,0.7,57.0,43.0,10,5,3,2,Home Win
2021-02-28,2020,Celta Vigo,Valladolid,1,1,0.9,0.7,65.0,35.0,11,7,2,3,Draw
2021-03-07,2020,Huesca,Celta Vigo,3,4,2.2,0.9,51.0,49.0,19,10,5,7,Away Win
2021-03-14,2020,Celta Vigo,Athletic Club,0,0,1.2,0.7,65.0,35.0,12,6,3,1,Draw
2021-04-04,2020,Alaves,Celta Vigo,1,3,2.0,2.0,54.0,46.0,17,8,7,6,Away Win
2021-04-18,2020,Cadiz,Celta Vigo,0,0,0.4,0.5,24.0,76.0,5,11,2,4,Draw
2021-04-25,2020,Celta Vigo,Osasuna,2,1,0.7,1.4,49.0,51.0,7,11,2,2,Home Win
2021-04-30,2020,Celta Vigo,Levante,2,0,2.3,1.2,54.0,46.0,8,10,5,2,Home Win
2021-05-12,2020,Celta Vigo,Getafe,1,0,0.4,1.3,60.0,40.0,4,13,1,4,Home Win
2021-05-22,2020,Celta Vigo,Betis,2,0,1.3,0.0,64.0,0.0,10,0,3,0,Home Win
2020-09-12,2020,Granada,Athletic Club,2,0,0.4,0.5,40.0,60.0,4,9,2,2,Home Win
2020-09-20,2020,Granada,Alaves,2,1,2.2,0.7,56.0,44.0,10,5,3,3,Home Win
2020-10-04,2020,Cadiz,Granada,1,1,1.0,0.6,42.0,58.0,14,13,4,5,Draw
2020-10-25,2020,Getafe,Granada,0,1,0.9,1.1,65.0,35.0,10,4,1,1,Away Win
2020-11-01,2020,Granada,Levante,1,1,0.2,0.9,30.0,70.0,5,19,2,4,Draw
2020-11-22,2020,Granada,Valladolid,1,3,1.5,1.3,60.0,40.0,16,9,6,3,Away Win
2020-12-06,2020,Granada,Huesca,3,3,1.5,1.5,48.0,52.0,15,16,6,7,Draw
2020-12-13,2020,Elche,Granada,0,1,0.6,1.6,67.0,33.0,9,13,1,5,Away Win
2020-12-20,2020,Granada,Betis,2,0,1.4,0.0,31.0,0.0,7,0,2,0,Home Win
2020-12-30,2020,Granada,Valencia,2,1,2.2,1.5,53.0,47.0,24,16,5,6,Home Win
2021-01-03,2020,Eibar,Granada,2,0,1.9,0.9,56.0,44.0,14,6,6,3,Home Win
2021-01-12,2020,Granada,Osasuna,2,0,0.8,0.7,41.0,59.0,10,15,3,3,Home Win
2021-01-24,2020,Osasuna,Granada,3,1,1.7,0.7,48.0,52.0,7,12,4,1,Home Win
2021-02-06,2020,Levante,Granada,2,2,1.4,1.2,60.0,40.0,11,11,7,5,Draw
2021-02-21,2020,Huesca,Granada,3,2,2.3,1.0,59.0,41.0,14,8,6,5,Home Win
2021-02-28,2020,Granada,Elche,2,1,1.1,1.2,43.0,57.0,13,12,4,4,Home Win
2021-03-07,2020,Athletic Club,Granada,2,1,1.3,2.0,49.0,51.0,6,13,4,3,Home Win
2021-03-21,2020,Valencia,Granada,2,1,1.9,1.2,49.0,51.0,18,15,8,3,Home Win
2021-04-11,2020,Valladolid,Granada,1,2,1.2,1.5,54.0,46.0,6,12,2,6,Away Win
2021-04-22,2020,Granada,Eibar,4,1,1.4,1.7,36.0,64.0,8,16,4,3,Home Win
2021-05-02,2020,Granada,Cadiz,0,1,0.9,1.2,64.0,36.0,9,8,2,4,Away Win
2021-05-16,2020,Alaves,Granada,4,2,2.4,0.8,53.0,47.0,14,5,9,2,Home Win
2021-05-23,2020,Granada,Getafe,0,0,0.4,0.6,39.0,61.0,9,11,2,2,Draw
2020-09-27,2020,Eibar,Athletic Club,1,2,0.6,0.6,49.0,51.0,7,9,1,5,Away Win
2020-10-01,2020,Athletic Club,Cadiz,0,1,0.6,0.2,72.0,28.0,13,3,4,1,Away Win
2020-10-04,2020,Alaves,Athletic Club,1,0,0.6,0.6,41.0,59.0,8,8,3,0,Home Win
2020-10-18,2020,Athletic Club,Levante,2,0,2.3,0.3,52.0,48.0,14,6,4,1,Home Win
2020-10-24,2020,Osasuna,Athletic Club,1,0,1.2,0.7,39.0,61.0,6,13,1,5,Home Win
2020-11-08,2020,Valladolid,Athletic Club,2,1,2.1,1.7,30.0,70.0,6,16,3,1,Home Win
2020-11-23,2020,Athletic Club,Betis,4,0,2.5,0.0,41.0,0.0,14,0,9,0,Home Win
2020-11-29,2020,Getafe,Athletic Club,1,1,0.5,0.3,51.0,49.0,11,5,3,2,Draw
2020-12-12,2020,Valencia,Athletic Club,2,2,1.5,1.9,41.0,59.0,10,12,1,4,Draw
2020-12-18,2020,Athletic Club,Huesca,2,0,1.4,0.2,54.0,46.0,9,6,2,1,Home Win
2021-01-03,2020,Athletic Club,Elche,1,0,1.4,0.2,49.0,51.0,13,5,2,1,Home Win
2021-01-25,2020,Athletic Club,Getafe,5,1,2.0,1.3,51.0,49.0,11,5,8,1,Home Win
2021-02-07,2020,Athletic Club,Valencia,1,1,1.2,0.9,50.0,50.0,11,15,2,2,Draw
2021-02-15,2020,Cadiz,Athletic Club,0,4,0.5,2.2,43.0,57.0,11,13,2,7,Away Win
2021-02-26,2020,Levante,Athletic Club,1,1,1.2,1.9,45.0,55.0,9,10,3,4,Draw
2021-03-20,2020,Athletic Club,Eibar,1,1,1.6,0.6,56.0,44.0,18,4,4,2,Draw
2021-04-10,2020,Athletic Club,Alaves,0,0,1.8,0.5,45.0,55.0,11,9,4,0,Draw
2021-04-28,2020,Athletic Club,Valladolid,2,2,1.5,0.8,51.0,49.0,13,14,7,4,Draw
2021-05-08,2020,Athletic Club,Osasuna,2,2,1.6,1.3,45.0,55.0,13,13,3,4,Draw
2021-05-12,2020,Huesca,Athletic Club,1,0,1.0,0.2,51.0,49.0,18,4,6,3,Home Win
2021-05-22,2020,Elche,Athletic Club,2,0,1.0,0.5,45.0,55.0,8,8,3,2,Home Win
2020-09-12,2020,Cadiz,Osasuna,0,2,0.7,0.8,52.0,48.0,12,6,3,4,Away Win
2020-09-19,2020,Getafe,Osasuna,1,0,0.6,0.5,55.0,45.0,6,10,1,3,Home Win
2020-09-27,2020,Osasuna,Levante,1,3,0.7,3.1,41.0,59.0,8,10,3,4,Away Win
2020-10-18,2020,Eibar,Osasuna,0,0,0.3,1.0,52.0,48.0,10,8,6,2,Draw
2020-11-20,2020,Osasuna,Huesca,1,1,1.0,0.7,55.0,45.0,18,6,7,5,Draw
2020-12-06,2020,Osasuna,Betis,0,0,0.4,0.0,48.0,0.0,10,0,0,0,Draw
2020-12-11,2020,Valladolid,Osasuna,3,2,2.0,1.9,48.0,52.0,10,13,5,6,Home Win
2020-12-22,2020,Elche,Osasuna,2,2,1.2,1.6,65.0,35.0,7,15,2,6,Draw
2020-12-31,2020,Osasuna,Alaves,1,1,0.4,1.6,33.0,67.0,8,14,3,0,Draw
2021-01-21,2020,Valencia,Osasuna,1,1,0.5,1.6,64.0,36.0,10,14,3,5,Draw
2021-02-07,2020,Osasuna,Eibar,2,1,1.7,1.2,54.0,46.0,12,12,4,3,Home Win
2021-02-14,2020,Levante,Osasuna,0,1,1.5,0.7,63.0,37.0,12,7,3,2,Away Win
2021-02-27,2020,Alaves,Osasuna,0,1,0.4,1.5,53.0,47.0,4,6,1,2,Away Win
2021-03-13,2020,Osasuna,Valladolid,0,0,0.6,1.0,53.0,47.0,14,12,2,2,Draw
2021-03-20,2020,Huesca,Osasuna,0,0,0.8,0.6,56.0,44.0,15,7,3,2,Draw
2021-04-03,2020,Osasuna,Getafe,0,0,0.2,0.3,58.0,42.0,4,6,1,2,Draw
2021-04-18,2020,Osasuna,Elche,2,0,0.5,0.7,48.0,52.0,9,8,3,2,Home Win
2021-04-21,2020,Osasuna,Valencia,3,1,2.9,1.1,45.0,55.0,16,10,7,5,Home Win
2021-05-11,2020,Osasuna,Cadiz,3,2,2.1,1.7,63.0,37.0,13,9,3,3,Home Win
2020-09-20,2020,Huesca,Cadiz,0,2,0.3,1.2,70.0,30.0,5,6,1,4,Away Win
2020-10-30,2020,Eibar,Cadiz,0,2,0.5,1.0,72.0,28.0,9,6,3,4,Away Win
2020-11-28,2020,Elche,Cadiz,1,1,0.1,0.5,47.0,53.0,4,6,3,2,Draw
2020-12-20,2020,Cadiz,Getafe,0,2,0.4,1.0,61.0,39.0,8,6,1,4,Away Win
2020-12-29,2020,Cadiz,Valladolid,0,0,0.7,0.5,36.0,64.0,8,7,3,1,Draw
2021-01-04,2020,Valencia,Cadiz,1,1,0.8,0.8,71.0,29.0,11,9,4,2,Draw
2021-01-10,2020,Cadiz,Alaves,3,1,2.6,0.9,40.0,60.0,10,4,7,1,Home Win
2021-01-19,2020,Cadiz,Levante,2,2,0.8,1.9,31.0,69.0,8,8,2,5,Draw
2021-02-28,2020,Cadiz,Betis,0,0,0.2,0.0,36.0,0.0,5,0,3,0,Draw
2021-03-06,2020,Cadiz,Eibar,1,0,1.6,1.7,33.0,67.0,6,15,2,0,Home Win
2021-03-13,2020,Alaves,Cadiz,1,1,1.5,1.5,51.0,49.0,8,8,1,0,Draw
2021-04-04,2020,Cadiz,Valencia,2,1,0.6,1.2,34.0,66.0,6,11,2,6,Home Win
2021-04-10,2020,Getafe,Cadiz,0,1,2.1,0.7,57.0,43.0,19,8,3,3,Away Win
2021-04-24,2020,Valladolid,Cadiz,1,1,2.9,1.1,60.0,40.0,13,6,6,2,Draw
2021-05-08,2020,Cadiz,Huesca,2,1,0.9,0.7,34.0,66.0,11,13,1,5,Home Win
2021-05-16,2020,Cadiz,Elche,1,3,1.1,2.4,32.0,68.0,6,20,2,5,Away Win
2021-05-21,2020,Levante,Cadiz,2,2,1.5,0.5,70.0,30.0,17,6,4,2,Draw
2020-09-13,2020,Valencia,Levante,4,2,1.9,2.0,44.0,56.0,14,19,8,8,Home Win
2020-09-26,2020,Valencia,Huesca,1,1,0.6,0.9,48.0,52.0,5,17,2,4,Draw
2020-10-03,2020,Valencia,Betis,0,0,0.5,0.0,47.0,0.0,5,0,2,0,Draw
2020-10-23,2020,Elche,Valencia,2,1,0.1,1.6,47.0,53.0,3,14,2,3,Home Win
2020-11-01,2020,Valencia,Getafe,2,2,1.4,2.4,38.0,62.0,8,16,4,5,Draw
2020-11-22,2020,Alaves,Valencia,2,2,1.7,1.9,34.0,66.0,12,13,2,5,Draw
2020-12-07,2020,Eibar,Valencia,0,0,1.3,0.5,63.0,37.0,19,6,3,4,Draw
2021-01-10,2020,Valladolid,Valencia,0,1,0.7,1.2,42.0,58.0,11,17,4,6,Away Win
2021-01-30,2020,Valencia,Elche,1,0,2.8,0.4,45.0,55.0,13,10,2,1,Home Win
2021-02-27,2020,Getafe,Valencia,3,0,0.9,0.3,43.0,57.0,15,6,4,0,Home Win
2021-03-12,2020,Levante,Valencia,1,0,0.8,0.7,44.0,56.0,11,11,3,2,Home Win
2021-04-24,2020,Valencia,Alaves,1,1,1.0,1.0,54.0,46.0,9,6,2,2,Draw
2021-05-09,2020,Valencia,Valladolid,3,0,1.3,1.0,41.0,59.0,6,19,3,2,Home Win
2021-05-16,2020,Valencia,Eibar,4,1,1.3,2.3,43.0,57.0,9,20,5,8,Home Win
2021-05-22,2020,Huesca,Valencia,0,0,1.3,0.5,54.0,46.0,23,11,8,4,Draw
2020-11-08,2020,Levante,Alaves,1,1,2.1,0.8,71.0,29.0,17,6,5,2,Draw
2020-11-21,2020,Levante,Elche,1,1,0.7,0.6,44.0,56.0,13,11,5,5,Draw
2020-11-27,2020,Valladolid,Levante,1,1,1.6,1.1,36.0,64.0,10,9,4,2,Draw
2020-12-05,2020,Levante,Getafe,3,0,2.2,0.5,68.0,32.0,12,9,8,0,Home Win
2020-12-22,2020,Huesca,Levante,1,1,1.4,0.7,53.0,47.0,10,9,1,1,Draw
2020-12-29,2020,Levante,Betis,4,0,1.7,0.0,38.0,0.0,10,0,5,0,Home Win
2021-01-10,2020,Levante,Eibar,2,1,1.0,1.1,53.0,47.0,4,17,2,4,Home Win
2021-01-22,2020,Levante,Valladolid,2,2,1.0,0.6,58.0,42.0,11,7,3,3,Draw
2021-04-02,2020,Levante,Huesca,0,2,0.6,0.8,62.0,38.0,13,6,3,2,Away Win
2021-04-10,2020,Eibar,Levante,0,1,0.4,0.3,52.0,48.0,10,6,4,1,Away Win
2021-04-24,2020,Elche,Levante,1,0,0.4,0.3,34.0,66.0,8,6,3,1,Home Win
2021-05-08,2020,Alaves,Levante,2,2,1.2,0.8,53.0,47.0,15,6,5,3,Draw
2021-05-16,2020,Getafe,Levante,2,1,0.5,0.5,34.0,66.0,9,4,3,1,Home Win
2020-09-26,2020,Alaves,Getafe,0,0,1.3,1.1,47.0,53.0,9,11,0,4,Draw
2020-09-29,2020,Getafe,Betis,3,0,0.8,0.0,31.0,0.0,8,0,4,0,Home Win
2020-11-22,2020,Eibar,Getafe,0,0,1.3,0.4,51.0,49.0,14,8,4,3,Draw
2021-01-02,2020,Getafe,Valladolid,0,1,0.8,1.2,54.0,46.0,11,8,4,2,Away Win
2021-01-11,2020,Elche,Getafe,1,3,1.1,3.1,46.0,54.0,7,13,4,6,Away Win
2021-01-20,2020,Getafe,Huesca,1,0,0.8,0.8,48.0,52.0,12,15,5,3,Home Win
2021-01-31,2020,Getafe,Alaves,0,0,0.4,0.2,60.0,40.0,6,5,0,1,Draw
2021-03-06,2020,Valladolid,Getafe,2,1,1.2,0.9,50.0,50.0,4,9,3,2,Home Win
2021-03-21,2020,Getafe,Elche,1,1,1.8,1.5,48.0,52.0,11,6,4,2,Draw
2021-04-25,2020,Huesca,Getafe,0,2,0.8,0.7,68.0,32.0,8,6,1,4,Away Win
2021-05-09,2020,Getafe,Eibar,0,1,0.8,1.1,41.0,59.0,10,6,2,2,Away Win
2020-09-13,2020,Alaves,Betis,0,0,1.2,0.0,43.0,0.0,7,0,2,0,Draw
2020-10-18,2020,Alaves,Elche,0,2,1.7,0.8,47.0,53.0,13,7,2,3,Away Win
2020-10-25,2020,Valladolid,Alaves,0,2,0.3,2.5,45.0,55.0,5,13,1,3,Away Win
2020-12-12,2020,Huesca,Alaves,1,0,0.4,0.2,66.0,34.0,11,3,3,1,Home Win
2020-12-23,2020,Alaves,Eibar,2,1,1.9,1.0,44.0,56.0,13,8,3,4,Home Win
2021-02-05,2020,Alaves,Valladolid,1,0,1.5,0.1,55.0,45.0,20,3,5,1,Home Win
2021-04-18,2020,Alaves,Huesca,1,0,0.4,0.9,51.0,49.0,10,9,2,1,Home Win
2021-05-01,2020,Eibar,Alaves,3,0,1.5,0.2,45.0,55.0,15,6,4,2,Home Win
2021-05-11,2020,Elche,Alaves,0,2,0.8,1.6,67.0,33.0,11,9,3,2,Away Win
2020-09-30,2020,Eibar,Elche,0,1,1.2,0.4,61.0,39.0,11,5,4,2,Away Win
2020-10-03,2020,Elche,Huesca,0,0,0.1,1.6,51.0,49.0,2,18,0,4,Draw
2021-01-19,2020,Valladolid,Elche,2,2,1.0,0.6,62.0,38.0,13,9,2,3,Draw
2021-02-20,2020,Elche,Eibar,1,0,0.4,1.8,48.0,52.0,6,13,2,3,Home Win
2021-04-04,2020,Elche,Betis,1,0,1.0,0.0,46.0,0.0,7,0,3,0,Home Win
2021-04-09,2020,Huesca,Elche,3,1,1.2,1.0,34.0,66.0,7,8,4,2,Home Win
2021-04-21,2020,Elche,Valladolid,1,1,1.5,1.1,46.0,54.0,9,12,3,4,Draw
2020-10-18,2020,Huesca,Valladolid,2,2,1.1,1.0,66.0,34.0,12,4,7,2,Draw
2020-11-07,2020,Huesca,Eibar,1,1,2.2,0.9,59.0,41.0,14,8,5,3,Draw
2021-01-11,2020,Huesca,Betis,0,0,1.3,0.0,49.0,0.0,10,0,3,0,Draw
2021-01-29,2020,Valladolid,Huesca,1,3,1.8,1.2,55.0,45.0,14,11,4,5,Away Win
2021-02-27,2020,Eibar,Huesca,1,1,1.6,0.5,54.0,46.0,17,4,3,1,Draw
2020-10-03,2020,Valladolid,Eibar,1,2,1.1,1.7,53.0,47.0,8,10,2,4,Away Win
2021-02-13,2020,Eibar,Valladolid,1,1,2.5,1.0,54.0,46.0,14,4,2,0,Draw
2021-05-02,2020,Valladolid,Betis,1,0,1.2,0.0,45.0,0.0,10,0,2,0,Home Win
2021-05-13,2020,Eibar,Betis,1,0,1.2,0.0,64.0,0.0,14,0,4,0,Home Win
2019-08-17,2019,Celta Vigo,Real Madrid,1,3,1.6,2.1,56.0,44.0,7,17,3,11,Away Win
2019-08-24,2019,Real Madrid,Valladolid,1,1,1.7,1.2,66.0,34.0,22,9,4,2,Draw
2019-09-01,2019,Villarreal,Real Madrid,2,2,1.4,1.9,44.0,56.0,10,17,5,5,Draw
2019-09-14,2019,Real Madrid,Levante,3,2,2.9,1.2,65.0,35.0,25,8,11,3,Home Win
2019-09-22,2019,Sevilla,Real Madrid,0,1,0.5,1.2,55.0,45.0,9,7,0,4,Away Win
2019-09-25,2019,Real Madrid,Osasuna,2,0,1.6,0.2,55.0,45.0,15,4,4,0,Home Win
2019-09-28,2019,Atletico Madrid,Real Madrid,0,0,0.9,0.4,45.0,55.0,7,14,1,3,Draw
2019-10-05,2019,Real Madrid,Granada,4,2,2.6,1.6,61.0,39.0,17,7,10,4,Home Win
2019-10-19,2019,Mallorca,Real Madrid,1,0,0.2,1.0,37.0,63.0,5,14,1,4,Home Win
2019-10-30,2019,Real Madrid,Leganes,5,0,4.8,0.3,61.0,39.0,20,5,9,3,Home Win
2019-11-02,2019,Real Madrid,Betis,0,0,2.8,0.0,63.0,0.0,22,0,7,0,Draw
2019-11-09,2019,Eibar,Real Madrid,0,4,1.0,2.9,42.0,58.0,15,8,1,3,Away Win
2019-11-23,2019,Real Madrid,Real Sociedad,3,1,1.4,1.6,54.0,46.0,18,11,10,6,Home Win
2019-11-30,2019,Alaves,Real Madrid,1,2,1.3,1.8,36.0,64.0,7,12,1,6,Away Win
2019-12-07,2019,Real Madrid,Espanyol,2,0,2.4,0.5,60.0,40.0,18,6,8,2,Home Win
2019-12-15,2019,Valencia,Real Madrid,1,1,2.3,1.7,36.0,64.0,9,19,6,6,Draw
2019-12-18,2019,Barcelona,Real Madrid,0,0,0.9,0.8,52.0,48.0,9,17,1,3,Draw
2019-12-22,2019,Real Madrid,Athletic Club,0,0,2.5,0.4,69.0,31.0,20,8,8,2,Draw
2020-01-04,2019,Getafe,Real Madrid,0,3,1.3,1.8,45.0,55.0,15,9,4,7,Away Win
2020-01-18,2019,Real Madrid,Sevilla,2,1,1.3,0.4,52.0,48.0,13,8,4,3,Home Win
2020-01-26,2019,Valladolid,Real Madrid,0,1,0.3,0.6,39.0,61.0,4,12,0,3,Away Win
2020-02-01,2019,Real Madrid,Atletico Madrid,1,0,1.1,0.4,64.0,36.0,16,4,5,1,Home Win
2020-02-09,2019,Osasuna,Real Madrid,1,4,0.9,2.6,45.0,55.0,14,17,4,6,Away Win
2020-02-16,2019,Real Madrid,Celta Vigo,2,2,2.0,1.0,66.0,34.0,14,5,3,3,Draw
2020-02-22,2019,Levante,Real Madrid,1,0,0.7,1.9,37.0,63.0,8,19,2,7,Home Win
2020-03-01,2019,Real Madrid,Barcelona,2,0,1.1,1.5,44.0,56.0,13,9,4,4,Home Win
2020-06-14,2019,Real Madrid,Eibar,3,1,1.0,0.5,55.0,45.0,6,9,5,5,Home Win
2020-06-18,2019,Real Madrid,Valencia,3,0,1.9,0.2,63.0,37.0,19,4,14,2,Home Win
2020-06-21,2019,Real Sociedad,Real Madrid,1,2,0.4,1.3,51.0,49.0,10,9,2,5,Away Win
2020-06-24,2019,Real Madrid,Mallorca,2,0,1.3,0.6,55.0,45.0,14,11,6,4,Home Win
2020-06-28,2019,Espanyol,Real Madrid,0,1,0.8,2.1,32.0,68.0,8,14,5,6,Away Win
2020-07-02,2019,Real Madrid,Getafe,1,0,1.8,0.5,67.0,33.0,7,10,3,3,Home Win
2020-07-05,2019,Athletic Club,Real Madrid,0,1,0.3,2.5,44.0,56.0,7,9,1,3,Away Win
2020-07-10,2019,Real Madrid,Alaves,2,0,2.2,1.2,70.0,30.0,17,10,7,4,Home Win
2020-07-13,2019,Granada,Real Madrid,1,2,0.9,0.4,38.0,62.0,13,11,3,5,Away Win
2020-07-16,2019,Real Madrid,Villarreal,2,1,1.6,1.1,57.0,43.0,11,8,6,4,Home Win
2020-07-19,2019,Leganes,Real Madrid,2,2,1.4,0.8,36.0,64.0,15,7,7,4,Draw
2019-08-16,2019,Athletic Club,Barcelona,1,0,0.5,0.9,29.0,71.0,11,11,5,2,Home Win
2019-08-25,2019,Barcelona,Betis,5,0,2.6,0.0,70.0,0.0,20,0,7,0,Home Win
2019-08-31,2019,Osasuna,Barcelona,2,2,1.8,0.4,27.0,73.0,14,8,4,4,Draw
2019-09-14,2019,Barcelona,Valencia,5,2,2.4,1.5,64.0,36.0,17,9,10,3,Home Win
2019-09-21,2019,Granada,Barcelona,2,0,1.9,0.5,27.0,73.0,8,8,3,1,Home Win
2019-09-24,2019,Barcelona,Villarreal,2,1,0.5,0.6,57.0,43.0,8,11,4,3,Home Win
2019-09-28,2019,Getafe,Barcelona,0,2,1.0,1.3,39.0,61.0,9,10,1,6,Away Win
2019-10-06,2019,Barcelona,Sevilla,4,0,2.1,2.5,56.0,44.0,15,16,8,4,Home Win
2019-10-19,2019,Eibar,Barcelona,0,3,0.3,1.5,44.0,56.0,5,9,0,4,Away Win
2019-10-29,2019,Barcelona,Valladolid,5,1,2.7,1.1,61.0,39.0,18,9,9,1,Home Win
2019-11-02,2019,Levante,Barcelona,3,1,1.0,2.3,36.0,64.0,9,8,3,5,Home Win
2019-11-09,2019,Barcelona,Celta Vigo,4,1,1.4,0.4,60.0,40.0,9,6,6,5,Home Win
2019-11-23,2019,Leganes,Barcelona,1,2,0.4,1.7,24.0,76.0,9,11,4,6,Away Win
2019-12-01,2019,Atletico Madrid,Barcelona,0,1,1.4,0.9,35.0,65.0,17,13,2,5,Away Win
2019-12-07,2019,Barcelona,Mallorca,5,2,3.7,1.3,66.0,34.0,25,9,17,3,Home Win
2019-12-14,2019,Real Sociedad,Barcelona,2,2,2.7,1.2,53.0,47.0,18,9,4,4,Draw
2019-12-21,2019,Barcelona,Alaves,4,1,1.3,0.4,69.0,31.0,7,5,3,3,Home Win
2020-01-04,2019,Espanyol,Barcelona,2,2,0.7,2.2,31.0,69.0,7,14,3,7,Draw
2020-01-19,2019,Barcelona,Granada,1,0,1.2,0.2,81.0,19.0,18,5,6,1,Home Win
2020-01-25,2019,Valencia,Barcelona,2,0,1.2,1.1,27.0,73.0,7,14,5,5,Home Win
2020-02-02,2019,Barcelona,Levante,2,1,3.4,1.4,67.0,33.0,23,11,8,5,Home Win
2020-02-15,2019,Barcelona,Getafe,2,1,1.8,1.3,75.0,25.0,12,7,5,2,Home Win
2020-02-22,2019,Barcelona,Eibar,5,0,4.3,0.5,69.0,31.0,13,12,11,5,Home Win
2020-03-07,2019,Barcelona,Real Sociedad,1,0,2.2,0.5,54.0,46.0,12,9,5,1,Home Win
2020-06-13,2019,Mallorca,Barcelona,0,4,1.1,2.2,36.0,64.0,13,12,3,7,Away Win
2020-06-16,2019,Barcelona,Leganes,2,0,1.6,0.8,75.0,25.0,9,6,4,1,Home Win
2020-06-19,2019,Sevilla,Barcelona,0,0,0.8,0.8,36.0,64.0,8,10,4,3,Draw
2020-06-23,2019,Barcelona,Athletic Club,1,0,1.8,0.4,73.0,27.0,18,6,4,0,Home Win
2020-06-27,2019,Celta Vigo,Barcelona,2,2,1.9,1.5,33.0,67.0,10,18,6,2,Draw
2020-06-30,2019,Barcelona,Atletico Madrid,2,2,1.9,1.9,72.0,28.0,11,8,4,1,Draw
2020-07-05,2019,Villarreal,Barcelona,1,4,0.9,2.4,32.0,68.0,9,18,4,12,Away Win
2020-07-08,2019,Barcelona,Espanyol,1,0,1.0,0.9,74.0,26.0,9,11,2,2,Home Win
2020-07-11,2019,Valladolid,Barcelona,0,1,1.2,0.9,36.0,64.0,13,9,4,6,Away Win
2020-07-16,2019,Barcelona,Osasuna,1,2,1.1,0.8,79.0,21.0,18,9,2,5,Away Win
2020-07-19,2019,Alaves,Barcelona,0,5,0.3,3.3,32.0,68.0,8,16,0,8,Away Win
2019-08-18,2019,Atletico Madrid,Getafe,1,0,2.2,0.3,57.0,43.0,4,6,4,0,Home Win
2019-08-25,2019,Leganes,Atletico Madrid,0,1,0.4,1.8,42.0,58.0,10,6,4,4,Away Win
2019-09-01,2019,Atletico Madrid,Eibar,3,2,1.5,0.9,57.0,43.0,7,6,3,2,Home Win
2019-09-14,2019,Real Sociedad,Atletico Madrid,2,0,2.1,1.2,54.0,46.0,14,12,5,2,Home Win
2019-09-21,2019,Atletico Madrid,Celta Vigo,0,0,1.7,0.6,49.0,51.0,20,6,5,3,Draw
2019-09-25,2019,Mallorca,Atletico Madrid,0,2,0.5,1.0,48.0,52.0,9,13,2,3,Away Win
2019-10-06,2019,Valladolid,Atletico Madrid,0,0,1.0,0.8,46.0,54.0,4,9,1,1,Draw
2019-10-19,2019,Atletico Madrid,Valencia,1,1,1.6,0.7,44.0,56.0,14,11,3,3,Draw
2019-10-26,2019,Atletico Madrid,Athletic Club,2,0,1.5,0.4,45.0,55.0,9,9,2,2,Home Win
2019-10-29,2019,Alaves,Atletico Madrid,1,1,0.6,1.7,48.0,52.0,11,9,3,3,Draw
2019-11-02,2019,Sevilla,Atletico Madrid,1,1,0.7,2.8,55.0,45.0,11,13,4,3,Draw
2019-11-10,2019,Atletico Madrid,Espanyol,3,1,2.7,0.4,50.0,50.0,18,10,5,1,Home Win
2019-11-23,2019,Granada,Atletico Madrid,1,1,0.7,2.3,40.0,60.0,9,17,3,6,Draw
2019-12-06,2019,Villarreal,Atletico Madrid,0,0,1.5,1.6,53.0,47.0,23,18,3,3,Draw
2019-12-14,2019,Atletico Madrid,Osasuna,2,0,2.5,0.7,47.0,53.0,19,15,9,3,Home Win
2020-01-04,2019,Atletico Madrid,Levante,2,1,1.2,0.9,40.0,60.0,17,6,8,3,Home Win
2020-01-18,2019,Eibar,Atletico Madrid,2,0,0.8,1.1,39.0,61.0,9,12,4,4,Home Win
2020-01-26,2019,Atletico Madrid,Leganes,0,0,1.0,0.4,55.0,45.0,14,10,3,4,Draw
2020-02-08,2019,Atletico Madrid,Granada,1,0,0.6,0.9,51.0,49.0,6,10,3,1,Home Win
2020-02-14,2019,Valencia,Atletico Madrid,2,2,1.3,1.2,63.0,37.0,9,8,3,3,Draw
2020-02-23,2019,Atletico Madrid,Villarreal,3,1,1.7,0.4,42.0,58.0,17,10,9,4,Home Win
2020-03-01,2019,Espanyol,Atletico Madrid,1,1,1.2,0.9,38.0,62.0,9,5,3,2,Draw
2020-03-07,2019,Atletico Madrid,Sevilla,2,2,2.0,1.7,45.0,55.0,20,11,2,3,Draw
2020-06-14,2019,Athletic Club,Atletico Madrid,1,1,0.4,1.3,54.0,46.0,10,9,4,2,Draw
2020-06-17,2019,Osasuna,Atletico Madrid,0,5,1.0,1.7,47.0,53.0,13,10,3,6,Away Win
2020-06-20,2019,Atletico Madrid,Valladolid,1,0,1.1,0.3,61.0,39.0,15,6,4,2,Home Win
2020-06-23,2019,Levante,Atletico Madrid,0,1,0.9,0.9,57.0,43.0,12,12,0,7,Away Win
2020-06-27,2019,Atletico Madrid,Alaves,2,1,1.8,1.0,69.0,31.0,13,5,3,1,Home Win
2020-07-03,2019,Atletico Madrid,Mallorca,3,0,2.7,0.8,48.0,52.0,14,13,2,1,Home Win
2020-07-07,2019,Celta Vigo,Atletico Madrid,1,1,0.4,1.2,50.0,50.0,9,10,4,2,Draw
2020-07-11,2019,Atletico Madrid,Betis,1,0,0.7,0.0,38.0,0.0,9,0,4,0,Home Win
2020-07-16,2019,Getafe,Atletico Madrid,0,2,1.8,1.2,38.0,62.0,16,11,5,3,Away Win
2020-07-19,2019,Atletico Madrid,Real Sociedad,1,1,1.6,0.4,44.0,56.0,6,10,3,3,Draw
2019-08-18,2019,Espanyol,Sevilla,0,2,0.2,1.6,45.0,55.0,7,12,2,4,Away Win
2019-08-23,2019,Granada,Sevilla,0,1,0.5,1.1,46.0,54.0,12,11,0,6,Away Win
2019-08-30,2019,Sevilla,Celta Vigo,1,1,1.5,0.4,63.0,37.0,19,2,5,1,Draw
2019-09-15,2019,Alaves,Sevilla,0,1,0.8,1.1,39.0,61.0,7,19,0,7,Away Win
2019-09-26,2019,Eibar,Sevilla,3,2,1.5,1.4,47.0,53.0,10,7,3,3,Home Win
2019-09-29,2019,Sevilla,Real Sociedad,3,2,1.7,0.8,52.0,48.0,21,5,8,2,Home Win
2019-10-20,2019,Sevilla,Levante,1,0,2.7,0.5,59.0,41.0,19,12,5,5,Home Win
2019-10-27,2019,Sevilla,Getafe,2,0,2.0,0.7,63.0,37.0,15,9,8,4,Home Win
2019-10-30,2019,Valencia,Sevilla,1,1,0.8,0.6,46.0,54.0,10,10,3,1,Draw
2019-11-24,2019,Valladolid,Sevilla,0,1,0.5,1.4,46.0,54.0,7,3,1,1,Away Win
2019-12-01,2019,Sevilla,Leganes,1,0,2.1,0.7,62.0,38.0,16,8,7,4,Home Win
2019-12-08,2019,Osasuna,Sevilla,1,1,0.8,1.5,40.0,60.0,10,13,1,4,Draw
2019-12-15,2019,Sevilla,Villarreal,1,2,1.7,1.5,72.0,28.0,25,9,5,3,Away Win
2019-12-21,2019,Mallorca,Sevilla,0,2,0.8,1.6,40.0,60.0,8,12,1,5,Away Win
2020-01-03,2019,Sevilla,Athletic Club,1,1,1.3,0.2,65.0,35.0,9,6,1,1,Draw
2020-01-25,2019,Sevilla,Granada,2,0,0.8,0.6,59.0,41.0,12,8,4,1,Home Win
2020-02-02,2019,Sevilla,Alaves,1,1,1.7,0.7,73.0,27.0,13,4,2,3,Draw
2020-02-09,2019,Celta Vigo,Sevilla,2,1,1.6,1.2,45.0,55.0,13,11,7,4,Home Win
2020-02-16,2019,Sevilla,Espanyol,2,2,1.8,0.5,66.0,34.0,18,5,6,3,Draw
2020-02-23,2019,Getafe,Sevilla,0,3,0.5,2.5,50.0,50.0,10,8,2,5,Away Win
2020-03-01,2019,Sevilla,Osasuna,3,2,2.4,1.7,63.0,37.0,12,12,5,3,Home Win
2020-06-11,2019,Sevilla,Betis,2,0,1.7,0.0,46.0,0.0,12,0,4,0,Home Win
2020-06-15,2019,Levante,Sevilla,1,1,0.9,0.9,42.0,58.0,10,10,3,4,Draw
2020-06-22,2019,Villarreal,Sevilla,2,2,0.9,0.9,42.0,58.0,7,14,5,7,Draw
2020-06-26,2019,Sevilla,Valladolid,1,1,1.7,0.6,74.0,26.0,14,11,2,5,Draw
2020-06-30,2019,Leganes,Sevilla,0,3,0.8,0.6,42.0,58.0,9,11,3,6,Away Win
2020-07-06,2019,Sevilla,Eibar,1,0,1.3,1.5,62.0,38.0,8,19,3,2,Home Win
2020-07-09,2019,Athletic Club,Sevilla,1,2,0.9,1.7,34.0,66.0,13,20,4,7,Away Win
2020-07-12,2019,Sevilla,Mallorca,2,0,1.7,0.4,63.0,37.0,13,14,4,5,Home Win
2020-07-16,2019,Real Sociedad,Sevilla,0,0,0.8,0.7,38.0,62.0,11,8,4,3,Draw
2020-07-19,2019,Sevilla,Valencia,1,0,0.8,0.3,62.0,38.0,16,8,4,2,Home Win
2019-08-17,2019,Villarreal,Granada,4,4,1.9,1.9,54.0,46.0,11,13,6,6,Draw
2019-08-23,2019,Levante,Villarreal,2,1,2.1,3.0,49.0,51.0,14,23,2,6,Home Win
2019-09-14,2019,Leganes,Villarreal,0,3,0.4,1.6,49.0,51.0,10,8,4,3,Away Win
2019-09-21,2019,Villarreal,Valladolid,2,0,2.1,0.4,60.0,40.0,17,7,5,2,Home Win
2019-09-27,2019,Villarreal,Betis,5,0,3.2,0.0,43.0,0.0,16,0,9,0,Home Win
2019-10-05,2019,Osasuna,Villarreal,2,1,1.3,2.4,53.0,47.0,16,16,4,5,Home Win
2019-10-20,2019,Espanyol,Villarreal,0,1,1.0,1.6,51.0,49.0,18,11,3,5,Away Win
2019-10-25,2019,Villarreal,Alaves,4,1,2.5,0.8,63.0,37.0,19,12,8,3,Home Win
2019-10-31,2019,Eibar,Villarreal,2,1,2.4,1.5,46.0,54.0,25,9,8,2,Home Win
2019-11-03,2019,Villarreal,Athletic Club,0,0,0.8,0.9,56.0,44.0,11,12,7,1,Draw
2019-11-10,2019,Mallorca,Villarreal,3,1,1.7,3.2,35.0,65.0,3,20,1,5,Home Win
2019-11-24,2019,Villarreal,Celta Vigo,1,3,1.2,1.9,60.0,40.0,15,11,1,7,Away Win
2019-11-30,2019,Valencia,Villarreal,2,1,1.5,2.1,42.0,58.0,14,23,7,6,Home Win
2019-12-21,2019,Villarreal,Getafe,1,0,2.3,0.6,64.0,36.0,11,7,4,0,Home Win
2020-01-05,2019,Real Sociedad,Villarreal,1,2,0.9,1.4,63.0,37.0,10,13,2,1,Away Win
2020-01-19,2019,Villarreal,Espanyol,1,2,2.4,1.7,68.0,32.0,20,16,4,5,Away Win
2020-01-25,2019,Alaves,Villarreal,1,2,0.9,1.0,54.0,46.0,11,11,5,6,Away Win
2020-02-02,2019,Villarreal,Osasuna,3,1,2.1,0.9,55.0,45.0,8,17,3,5,Home Win
2020-02-08,2019,Valladolid,Villarreal,1,1,0.6,1.3,34.0,66.0,8,8,1,3,Draw
2020-02-15,2019,Villarreal,Levante,2,1,0.7,1.5,51.0,49.0,14,11,6,2,Home Win
2020-03-01,2019,Athletic Club,Villarreal,1,0,2.6,1.0,44.0,56.0,16,10,4,3,Home Win
2020-03-08,2019,Villarreal,Leganes,1,2,2.1,1.9,64.0,36.0,15,11,5,6,Away Win
2020-06-13,2019,Celta Vigo,Villarreal,0,1,0.2,1.7,41.0,59.0,4,16,0,4,Away Win
2020-06-16,2019,Villarreal,Mallorca,1,0,1.5,1.6,51.0,49.0,10,15,4,4,Home Win
2020-06-19,2019,Granada,Villarreal,0,1,1.0,0.5,51.0,49.0,14,5,4,1,Away Win
2020-06-28,2019,Villarreal,Valencia,2,0,2.1,0.2,57.0,43.0,17,4,4,0,Home Win
2020-07-08,2019,Getafe,Villarreal,1,3,0.3,2.1,42.0,58.0,5,4,2,1,Away Win
2020-07-13,2019,Villarreal,Real Sociedad,1,2,0.4,1.3,52.0,48.0,9,11,3,6,Away Win
2020-07-19,2019,Villarreal,Eibar,4,0,3.2,0.5,69.0,31.0,12,11,5,3,Home Win
2019-08-17,2019,Valencia,Real Sociedad,1,1,2.3,1.8,37.0,63.0,13,11,6,2,Draw
2019-08-25,2019,Mallorca,Real Sociedad,0,1,1.0,1.6,36.0,64.0,12,12,4,4,Away Win
2019-08-30,2019,Athletic Club,Real Sociedad,2,0,1.0,0.2,40.0,60.0,15,2,5,2,Home Win
2019-09-22,2019,Espanyol,Real Sociedad,1,3,0.9,1.3,56.0,44.0,17,10,3,5,Away Win
2019-09-26,2019,Real Sociedad,Alaves,3,0,3.8,0.3,59.0,41.0,19,5,5,0,Home Win
2019-10-06,2019,Real Sociedad,Getafe,1,2,0.6,0.9,50.0,50.0,6,13,3,4,Away Win
2019-10-20,2019,Real Sociedad,Betis,3,0,1.4,0.0,51.0,0.0,17,0,4,0,Home Win
2019-10-27,2019,Celta Vigo,Real Sociedad,0,1,0.9,0.8,42.0,58.0,9,9,1,4,Away Win
2019-10-30,2019,Real Sociedad,Levante,1,2,1.6,1.8,65.0,35.0,17,13,5,4,Away Win
2019-11-03,2019,Granada,Real Sociedad,1,2,0.2,1.0,39.0,61.0,5,9,3,5,Away Win
2019-11-08,2019,Real Sociedad,Leganes,1,1,1.1,1.0,65.0,35.0,10,6,5,2,Draw
2019-11-30,2019,Real Sociedad,Eibar,4,1,1.1,0.6,61.0,39.0,15,10,4,4,Home Win
2019-12-08,2019,Valladolid,Real Sociedad,0,0,0.6,1.7,35.0,65.0,4,16,2,2,Draw
2019-12-22,2019,Osasuna,Real Sociedad,3,4,3.4,2.2,48.0,52.0,18,13,7,7,Away Win
2020-01-26,2019,Real Sociedad,Mallorca,3,0,2.5,0.5,69.0,31.0,14,8,6,4,Home Win
2020-02-02,2019,Leganes,Real Sociedad,2,1,1.2,0.2,45.0,55.0,12,2,5,1,Home Win
2020-02-09,2019,Real Sociedad,Athletic Club,2,1,2.2,0.8,63.0,37.0,14,6,4,3,Home Win
2020-02-22,2019,Real Sociedad,Valencia,3,0,1.8,0.3,46.0,54.0,19,6,7,1,Home Win
2020-02-28,2019,Real Sociedad,Valladolid,1,0,2.0,0.8,54.0,46.0,13,6,4,1,Home Win
2020-03-10,2019,Eibar,Real Sociedad,1,2,2.0,1.2,57.0,43.0,12,5,2,1,Away Win
2020-06-14,2019,Real Sociedad,Osasuna,1,1,1.0,1.1,65.0,35.0,9,7,4,0,Draw
2020-06-18,2019,Alaves,Real Sociedad,2,0,1.5,0.5,35.0,65.0,15,9,7,1,Home Win
2020-06-24,2019,Real Sociedad,Celta Vigo,0,1,0.8,0.9,59.0,41.0,13,3,6,0,Away Win
2020-06-29,2019,Getafe,Real Sociedad,2,1,1.4,0.8,40.0,60.0,10,5,3,1,Home Win
2020-07-02,2019,Real Sociedad,Espanyol,2,1,1.5,0.2,63.0,37.0,12,4,4,3,Home Win
2020-07-06,2019,Levante,Real Sociedad,1,1,1.1,0.8,45.0,55.0,9,8,4,3,Draw
2020-07-10,2019,Real Sociedad,Granada,2,3,1.5,0.6,67.0,33.0,19,4,5,3,Away Win
2019-09-01,2019,Espanyol,Granada,0,3,1.4,1.4,67.0,33.0,15,14,3,5,Away Win
2019-09-15,2019,Celta Vigo,Granada,0,2,0.3,1.2,38.0,62.0,4,13,0,3,Away Win
2019-09-24,2019,Valladolid,Granada,1,1,1.4,0.6,48.0,52.0,9,6,5,4,Draw
2019-09-28,2019,Granada,Leganes,1,0,0.7,1.2,51.0,49.0,11,15,4,6,Home Win
2019-10-18,2019,Granada,Osasuna,1,0,0.6,0.6,44.0,56.0,6,9,2,4,Home Win
2019-10-27,2019,Granada,Betis,1,0,1.6,0.0,37.0,0.0,13,0,3,0,Home Win
2019-10-31,2019,Getafe,Granada,3,1,0.8,1.7,45.0,55.0,8,10,3,2,Home Win
2019-11-09,2019,Valencia,Granada,2,0,0.7,0.5,49.0,51.0,12,13,4,1,Home Win
2019-12-01,2019,Athletic Club,Granada,2,0,1.9,1.0,57.0,43.0,13,9,5,1,Home Win
2019-12-07,2019,Granada,Alaves,3,0,2.5,0.3,51.0,49.0,12,5,2,1,Home Win
2019-12-14,2019,Granada,Levante,1,2,1.2,1.0,48.0,52.0,18,13,4,6,Away Win
2019-12-20,2019,Eibar,Granada,3,0,1.9,1.7,50.0,50.0,21,12,7,1,Home Win
2020-01-05,2019,Granada,Mallorca,1,0,1.3,1.1,41.0,59.0,7,17,4,5,Home Win
2020-02-01,2019,Granada,Espanyol,2,1,1.0,3.0,45.0,55.0,8,21,2,3,Home Win
2020-02-15,2019,Granada,Valladolid,2,1,2.5,0.7,53.0,47.0,11,6,4,4,Home Win
2020-02-23,2019,Osasuna,Granada,0,3,0.9,1.3,61.0,39.0,14,10,1,4,Away Win
2020-02-29,2019,Granada,Celta Vigo,0,0,1.0,0.3,41.0,59.0,14,6,0,2,Draw
2020-03-08,2019,Levante,Granada,1,1,0.9,1.2,54.0,46.0,11,10,3,7,Draw
2020-06-12,2019,Granada,Getafe,2,1,2.3,0.6,52.0,48.0,10,6,3,2,Home Win
2020-06-22,2019,Leganes,Granada,0,0,1.2,0.1,60.0,40.0,9,4,2,1,Draw
2020-06-28,2019,Granada,Eibar,1,2,1.5,1.7,58.0,42.0,14,13,5,6,Away Win
2020-07-01,2019,Alaves,Granada,0,2,1.1,1.3,55.0,45.0,11,7,5,4,Away Win
2020-07-04,2019,Granada,Valencia,2,2,2.3,0.7,53.0,47.0,16,4,3,3,Draw
2020-07-16,2019,Mallorca,Granada,1,2,1.3,0.9,53.0,47.0,18,14,5,6,Away Win
2020-07-19,2019,Granada,Athletic Club,4,0,1.6,0.7,37.0,63.0,11,10,6,3,Home Win
2019-08-24,2019,Getafe,Athletic Club,1,1,0.3,0.5,47.0,53.0,7,4,2,2,Draw
2019-08-31,2019,Getafe,Alaves,1,1,1.0,1.0,61.0,39.0,15,5,1,1,Draw
2019-09-22,2019,Getafe,Mallorca,4,2,2.1,0.8,49.0,51.0,13,7,4,3,Home Win
2019-09-25,2019,Valencia,Getafe,3,3,1.2,2.0,62.0,38.0,8,18,3,5,Draw
2019-10-19,2019,Getafe,Leganes,2,0,1.0,0.6,46.0,54.0,5,7,2,3,Home Win
2019-11-03,2019,Celta Vigo,Getafe,0,1,0.2,0.4,61.0,39.0,6,9,2,4,Away Win
2019-11-10,2019,Getafe,Osasuna,0,0,1.3,0.1,54.0,46.0,14,4,5,1,Draw
2019-11-24,2019,Espanyol,Getafe,1,1,1.1,0.7,54.0,46.0,6,11,2,2,Draw
2019-12-01,2019,Getafe,Levante,4,0,1.8,0.6,39.0,61.0,12,7,8,2,Home Win
2019-12-08,2019,Eibar,Getafe,0,1,0.3,0.9,52.0,48.0,6,6,3,3,Away Win
2019-12-15,2019,Getafe,Valladolid,2,0,1.5,0.5,45.0,55.0,7,10,3,3,Home Win
2020-01-17,2019,Leganes,Getafe,0,3,0.4,1.3,60.0,40.0,8,8,2,3,Away Win
2020-01-26,2019,Getafe,Betis,1,0,1.4,0.0,39.0,0.0,6,0,2,0,Home Win
2020-02-02,2019,Athletic Club,Getafe,0,2,0.9,1.7,71.0,29.0,8,8,2,2,Away Win
2020-02-08,2019,Getafe,Valencia,3,0,2.9,0.3,53.0,47.0,22,5,10,0,Home Win
2020-03-01,2019,Mallorca,Getafe,0,1,0.1,0.9,55.0,45.0,4,9,1,5,Away Win
2020-03-07,2019,Getafe,Celta Vigo,0,0,1.1,0.2,56.0,44.0,19,3,6,2,Draw
2020-06-16,2019,Getafe,Espanyol,0,0,2.1,0.3,69.0,31.0,21,5,4,3,Draw
2020-06-20,2019,Getafe,Eibar,1,1,0.8,0.6,54.0,46.0,9,8,2,2,Draw
2020-06-23,2019,Valladolid,Getafe,1,1,1.5,0.7,47.0,53.0,5,15,1,1,Draw
2020-07-05,2019,Osasuna,Getafe,0,0,0.6,0.3,48.0,52.0,6,6,2,1,Draw
2020-07-13,2019,Alaves,Getafe,0,0,0.2,0.7,47.0,53.0,3,14,1,4,Draw
2020-07-19,2019,Levante,Getafe,1,0,2.4,1.4,55.0,45.0,14,12,5,4,Home Win
2019-08-24,2019,Celta Vigo,Valencia,1,0,1.9,1.0,55.0,46.0,10,10,5,1,Home Win
2019-09-01,2019,Valencia,Mallorca,2,0,2.3,1.2,50.0,50.0,8,12,2,1,Home Win
2019-09-22,2019,Valencia,Leganes,1,1,1.5,1.2,62.0,38.0,12,13,3,4,Draw
2019-09-28,2019,Athletic Club,Valencia,0,1,1.4,1.8,51.0,49.0,14,10,3,5,Away Win
2019-10-05,2019,Valencia,Alaves,2,1,1.3,1.7,56.0,44.0,9,10,2,4,Home Win
2019-10-27,2019,Osasuna,Valencia,3,1,2.8,0.9,65.0,35.0,29,3,14,1,Home Win
2019-11-02,2019,Espanyol,Valencia,1,2,1.3,1.9,46.0,54.0,12,10,3,3,Away Win
2019-12-07,2019,Levante,Valencia,2,4,2.1,3.0,50.0,50.0,16,10,5,6,Away Win
2019-12-21,2019,Valladolid,Valencia,1,1,0.8,1.2,48.0,52.0,14,5,6,2,Draw
2020-01-04,2019,Valencia,Eibar,1,0,1.0,1.0,51.0,49.0,9,10,1,3,Home Win
2020-01-19,2019,Mallorca,Valencia,4,1,1.9,0.4,43.0,57.0,14,8,6,1,Home Win
2020-02-01,2019,Valencia,Celta Vigo,1,0,1.0,1.3,50.0,50.0,9,11,5,3,Home Win
2020-02-29,2019,Valencia,Betis,2,0,1.0,0.0,36.0,0.0,10,0,5,0,Home Win
2020-03-06,2019,Alaves,Valencia,1,1,1.0,0.7,44.0,56.0,13,6,2,2,Draw
2020-06-12,2019,Valencia,Levante,1,1,1.0,1.4,51.0,49.0,12,13,3,3,Draw
2020-06-21,2019,Valencia,Osasuna,2,0,1.5,1.5,55.0,45.0,7,13,3,3,Home Win
2020-06-25,2019,Eibar,Valencia,1,0,0.6,0.4,34.0,66.0,14,7,5,0,Home Win
2020-07-01,2019,Valencia,Athletic Club,0,2,1.0,0.7,51.0,49.0,10,12,1,4,Away Win
2020-07-07,2019,Valencia,Valladolid,2,1,1.1,0.5,59.0,41.0,10,11,4,5,Home Win
2020-07-12,2019,Leganes,Valencia,1,0,1.2,1.5,32.0,68.0,9,15,0,4,Home Win
2020-07-16,2019,Valencia,Espanyol,1,0,1.4,1.3,48.0,52.0,9,18,3,6,Home Win
2019-08-17,2019,Leganes,Osasuna,0,1,1.4,0.2,52.0,48.0,13,4,2,2,Away Win
2019-08-24,2019,Osasuna,Eibar,0,0,0.5,0.8,49.0,51.0,6,12,2,0,Draw
2019-09-15,2019,Valladolid,Osasuna,1,1,0.7,2.5,50.0,50.0,11,17,1,5,Draw
2019-09-20,2019,Osasuna,Betis,0,0,2.1,0.0,50.0,0.0,11,0,5,0,Draw
2019-09-29,2019,Levante,Osasuna,1,1,1.6,1.1,48.0,52.0,10,18,5,3,Draw
2019-10-31,2019,Mallorca,Osasuna,2,2,2.4,1.0,46.0,54.0,9,12,1,4,Draw
2019-11-03,2019,Osasuna,Alaves,4,2,3.7,1.5,58.0,42.0,16,10,4,2,Home Win
2019-11-24,2019,Osasuna,Athletic Club,1,2,1.3,1.1,59.0,41.0,12,6,7,4,Away Win
2019-12-01,2019,Espanyol,Osasuna,2,4,1.6,2.7,53.0,47.0,11,13,4,7,Away Win
2020-01-05,2019,Celta Vigo,Osasuna,1,1,1.6,0.7,60.0,40.0,20,8,7,1,Draw
2020-01-18,2019,Osasuna,Valladolid,0,0,1.9,0.5,55.0,45.0,21,5,5,3,Draw
2020-01-24,2019,Osasuna,Levante,2,0,1.9,0.6,55.0,45.0,14,6,2,2,Home Win
2020-02-16,2019,Athletic Club,Osasuna,0,1,0.8,0.6,65.0,35.0,12,6,2,2,Away Win
2020-03-08,2019,Osasuna,Espanyol,1,0,2.4,0.3,51.0,49.0,16,8,5,2,Home Win
2020-06-24,2019,Alaves,Osasuna,0,1,0.9,1.1,53.0,47.0,5,7,0,1,Away Win
2020-06-27,2019,Osasuna,Leganes,2,1,1.0,1.6,51.0,49.0,6,21,5,7,Home Win
2020-07-02,2019,Eibar,Osasuna,0,2,0.9,0.9,55.0,45.0,11,9,4,6,Away Win
2020-07-11,2019,Osasuna,Celta Vigo,2,1,1.4,0.9,53.0,47.0,15,12,5,3,Home Win
2020-07-19,2019,Osasuna,Mallorca,2,2,0.9,0.8,43.0,57.0,12,12,5,4,Draw
2019-09-13,2019,Mallorca,Athletic Club,0,0,1.8,1.5,49.0,51.0,9,10,1,4,Draw
2019-09-22,2019,Athletic Club,Alaves,2,0,2.4,0.2,57.0,43.0,10,4,2,1,Home Win
2019-09-25,2019,Leganes,Athletic Club,1,1,0.5,1.2,40.0,60.0,7,8,3,1,Draw
2019-10-06,2019,Celta Vigo,Athletic Club,1,0,1.2,0.2,62.0,38.0,13,6,2,2,Home Win
2019-10-20,2019,Athletic Club,Valladolid,1,1,1.5,0.7,52.0,48.0,19,9,7,3,Draw
2019-10-30,2019,Athletic Club,Espanyol,3,0,0.3,0.9,46.0,54.0,7,12,5,5,Home Win
2019-11-10,2019,Athletic Club,Levante,2,1,1.6,0.6,57.0,43.0,23,8,10,2,Home Win
2019-12-14,2019,Athletic Club,Eibar,0,0,0.9,0.4,56.0,44.0,8,8,3,2,Draw
2020-01-19,2019,Athletic Club,Celta Vigo,1,1,3.7,0.7,62.0,38.0,21,7,4,3,Draw
2020-01-25,2019,Espanyol,Athletic Club,1,1,0.6,0.8,50.0,50.0,9,11,3,3,Draw
2020-02-23,2019,Alaves,Athletic Club,2,1,1.8,0.8,44.0,56.0,3,13,3,4,Home Win
2020-03-08,2019,Valladolid,Athletic Club,1,4,2.1,1.1,58.0,42.0,19,10,2,5,Away Win
2020-06-17,2019,Eibar,Athletic Club,2,2,2.1,1.4,48.0,52.0,11,5,5,2,Draw
2020-06-20,2019,Athletic Club,Betis,1,0,1.7,0.0,43.0,0.0,12,0,3,0,Home Win
2020-06-27,2019,Athletic Club,Mallorca,3,1,2.6,1.3,47.0,53.0,11,13,5,1,Home Win
2020-07-12,2019,Levante,Athletic Club,1,2,1.1,0.9,56.0,44.0,5,12,1,5,Away Win
2020-07-16,2019,Athletic Club,Leganes,0,2,0.7,2.0,61.0,39.0,10,16,3,4,Away Win
2019-08-18,2019,Alaves,Levante,1,0,0.5,1.1,38.0,62.0,9,16,2,4,Home Win
2019-08-31,2019,Levante,Valladolid,2,0,2.7,1.1,51.0,49.0,16,15,3,3,Home Win
2019-09-21,2019,Levante,Eibar,0,0,1.5,1.4,58.0,42.0,13,18,4,4,Draw
2019-10-05,2019,Leganes,Levante,1,2,2.8,1.2,59.0,41.0,24,8,9,1,Away Win
2019-10-27,2019,Levante,Espanyol,0,1,0.3,1.0,52.0,48.0,7,14,3,3,Away Win
2019-11-22,2019,Levante,Mallorca,2,1,1.8,1.7,50.0,50.0,13,14,6,7,Home Win
2019-12-22,2019,Levante,Celta Vigo,3,1,2.7,0.9,49.0,51.0,13,11,7,5,Home Win
2020-01-18,2019,Levante,Alaves,0,1,1.2,2.1,54.0,46.0,20,14,3,6,Away Win
2020-02-08,2019,Levante,Leganes,2,0,1.0,1.2,48.0,52.0,9,12,5,4,Home Win
2020-02-29,2019,Eibar,Levante,3,0,2.7,0.7,44.0,56.0,14,11,9,3,Home Win
2020-06-20,2019,Espanyol,Levante,1,3,0.6,1.9,47.0,53.0,10,14,3,8,Away Win
2020-06-28,2019,Levante,Betis,4,0,1.5,0.0,36.0,0.0,9,0,4,0,Home Win
2020-07-01,2019,Valladolid,Levante,0,0,1.6,0.4,48.0,52.0,14,8,3,3,Draw
2020-07-09,2019,Mallorca,Levante,2,0,1.3,1.1,45.0,55.0,15,14,5,2,Home Win
2020-07-16,2019,Celta Vigo,Levante,2,3,1.6,1.5,57.0,43.0,17,8,6,4,Away Win
2019-09-29,2019,Espanyol,Valladolid,0,2,1.3,1.8,59.0,41.0,16,8,2,5,Away Win
2019-10-26,2019,Valladolid,Eibar,2,0,1.7,0.6,36.0,64.0,8,13,4,3,Home Win
2019-11-03,2019,Valladolid,Mallorca,3,0,2.0,0.7,48.0,52.0,11,14,5,1,Home Win
2019-11-09,2019,Alaves,Valladolid,3,0,3.4,0.3,46.0,54.0,13,7,4,1,Home Win
2019-11-29,2019,Celta Vigo,Valladolid,0,0,1.1,0.4,58.0,42.0,13,9,5,2,Draw
2020-01-03,2019,Valladolid,Leganes,2,2,1.8,2.3,63.0,37.0,14,12,5,4,Draw
2020-02-01,2019,Mallorca,Valladolid,0,1,0.6,1.2,53.0,47.0,16,15,4,7,Away Win
2020-02-23,2019,Valladolid,Espanyol,2,1,1.1,1.2,64.0,36.0,21,5,6,1,Home Win
2020-06-13,2019,Leganes,Valladolid,1,2,1.4,1.0,67.0,33.0,10,6,1,2,Away Win
2020-06-17,2019,Valladolid,Celta Vigo,0,0,0.4,1.1,41.0,59.0,6,10,1,3,Draw
2020-07-04,2019,Valladolid,Alaves,1,0,0.5,0.4,52.0,48.0,5,7,3,0,Home Win
2020-07-16,2019,Eibar,Valladolid,3,1,2.7,2.0,49.0,51.0,12,16,6,7,Home Win
2020-07-19,2019,Valladolid,Betis,2,0,1.1,0.0,29.0,0.0,13,0,4,0,Home Win
2019-08-17,2019,Mallorca,Eibar,2,1,1.6,0.7,38.0,62.0,15,11,2,5,Home Win
2019-09-15,2019,Eibar,Espanyol,1,2,0.7,1.8,58.0,42.0,11,7,1,2,Away Win
2019-09-29,2019,Eibar,Celta Vigo,2,0,1.1,0.9,40.0,60.0,7,2,3,1,Home Win
2019-11-03,2019,Leganes,Eibar,1,2,1.4,0.9,54.0,46.0,12,7,5,4,Away Win
2019-11-24,2019,Eibar,Alaves,0,2,1.4,1.6,58.0,42.0,19,7,7,5,Away Win
2020-01-26,2019,Celta Vigo,Eibar,0,0,1.1,0.2,66.0,34.0,18,5,4,3,Draw
2020-02-02,2019,Eibar,Betis,1,0,2.2,0.0,36.0,0.0,7,0,2,0,Home Win
2020-02-07,2019,Alaves,Eibar,2,1,1.3,0.1,39.0,61.0,9,5,5,1,Home Win
2020-03-07,2019,Eibar,Mallorca,1,2,0.9,0.8,66.0,34.0,13,10,2,4,Away Win
2020-07-09,2019,Eibar,Leganes,0,0,0.2,0.4,58.0,42.0,4,10,1,1,Draw
2020-07-12,2019,Espanyol,Eibar,0,2,0.7,2.0,72.0,28.0,14,9,3,4,Away Win
2019-08-18,2019,Real Betis,Valladolid,1,0,1.5,0.0,48.0,0.0,13,0,4,0,Home Win
2019-08-31,2019,Real Betis,Leganes,2,0,2.1,0.0,68.0,0.0,17,0,5,0,Home Win
2019-09-15,2019,Real Betis,Getafe,1,0,1.1,0.0,61.0,0.0,6,0,1,0,Home Win
2019-09-24,2019,Real Betis,Levante,3,0,2.9,0.0,57.0,0.0,17,0,5,0,Home Win
2019-10-04,2019,Real Betis,Eibar,1,0,1.9,0.0,58.0,0.0,12,0,3,0,Home Win
2019-10-30,2019,Real Betis,Celta Vigo,2,0,1.0,0.0,40.0,0.0,11,0,7,0,Home Win
2019-11-10,2019,Real Betis,Sevilla,1,0,1.9,0.0,54.0,0.0,18,0,5,0,Home Win
2019-11-23,2019,Real Betis,Valencia,2,0,1.7,0.0,60.0,0.0,25,0,8,0,Home Win
2019-12-08,2019,Real Betis,Athletic Club,3,0,2.0,0.0,49.0,0.0,10,0,6,0,Home Win
2019-12-22,2019,Real Betis,Atletico Madrid,1,0,1.1,0.0,67.0,0.0,15,0,2,0,Home Win
2020-01-19,2019,Real Betis,Real Sociedad,3,0,1.8,0.0,48.0,0.0,14,0,6,0,Home Win
2020-02-09,2019,Real Betis,Barcelona,2,0,1.0,0.0,30.0,0.0,6,0,2,0,Home Win
2020-02-21,2019,Real Betis,Mallorca,3,0,3.3,0.0,69.0,0.0,17,0,4,0,Home Win
2020-03-08,2019,Real Betis,Real Madrid,2,0,1.3,0.0,43.0,0.0,14,0,3,0,Home Win
2020-06-15,2019,Real Betis,Granada,2,0,1.7,0.0,79.0,0.0,17,0,5,0,Home Win
2020-06-25,2019,Real Betis,Espanyol,1,0,0.9,0.0,64.0,0.0,12,0,6,0,Home Win
2020-07-01,2019,Real Betis,Villarreal,0,0,0.5,0.0,46.0,0.0,9,0,1,0,Draw
2020-07-08,2019,Real Betis,Osasuna,3,0,1.8,0.0,56.0,0.0,14,0,8,0,Home Win
2020-07-16,2019,Real Betis,Alaves,1,0,2.1,0.0,72.0,0.0,14,0,7,0,Home Win
2019-08-25,2019,Alaves,Espanyol,0,0,0.8,0.2,37.0,63.0,10,5,2,1,Draw
2019-09-29,2019,Alaves,Mallorca,2,0,2.1,0.2,54.0,46.0,10,5,5,1,Home Win
2019-10-20,2019,Alaves,Celta Vigo,2,0,2.1,1.3,38.0,62.0,12,13,5,2,Home Win
2019-12-13,2019,Alaves,Leganes,1,1,1.2,0.7,68.0,32.0,10,3,3,1,Draw
2020-01-05,2019,Alaves,Betis,1,0,0.3,0.0,33.0,0.0,6,0,1,0,Home Win
2020-02-15,2019,Mallorca,Alaves,1,0,2.1,0.9,47.0,53.0,13,10,5,0,Home Win
2020-02-29,2019,Leganes,Alaves,1,1,1.1,0.9,55.0,45.0,19,8,6,4,Draw
2020-06-13,2019,Espanyol,Alaves,2,0,2.5,0.1,68.0,32.0,19,1,9,0,Home Win
2020-06-21,2019,Celta Vigo,Alaves,6,0,2.9,0.2,72.0,28.0,13,4,8,2,Home Win
2019-09-26,2019,Celta Vigo,Espanyol,1,1,1.1,1.2,64.0,36.0,14,10,3,4,Draw
2019-12-08,2019,Leganes,Celta Vigo,3,2,1.0,0.5,34.0,66.0,15,9,8,4,Home Win
2019-12-15,2019,Celta Vigo,Mallorca,2,2,2.2,1.6,66.0,34.0,17,7,5,2,Draw
2020-02-22,2019,Celta Vigo,Leganes,1,0,0.2,0.4,43.0,57.0,3,11,1,2,Home Win
2020-06-30,2019,Mallorca,Celta Vigo,5,1,1.5,1.4,40.0,60.0,8,11,6,7,Home Win
2020-07-04,2019,Celta Vigo,Betis,1,0,0.2,0.0,45.0,0.0,5,0,1,0,Home Win
2020-07-19,2019,Espanyol,Celta Vigo,0,0,0.4,0.6,50.0,50.0,8,9,1,3,Draw
2019-10-26,2019,Leganes,Mallorca,1,0,1.7,0.8,43.0,57.0,9,9,3,1,Home Win
2019-12-22,2019,Leganes,Espanyol,2,0,1.0,0.7,41.0,59.0,11,9,5,3,Home Win
2020-02-16,2019,Leganes,Betis,0,0,0.6,0.0,36.0,0.0,11,0,1,0,Draw
2020-06-19,2019,Mallorca,Leganes,1,1,0.4,1.3,39.0,61.0,7,16,3,4,Draw
2020-07-05,2019,Espanyol,Leganes,0,1,0.8,0.4,63.0,37.0,7,4,2,2,Away Win
2019-10-06,2019,Mallorca,Espanyol,2,0,0.8,1.2,39.0,61.0,9,11,3,3,Home Win
2019-11-30,2019,Mallorca,Betis,1,0,2.8,0.0,46.0,0.0,15,0,6,0,Home Win
2020-02-09,2019,Espanyol,Mallorca,1,0,1.6,0.6,38.0,62.0,12,7,7,3,Home Win
2019-12-15,2019,Espanyol,Betis,2,0,1.4,0.0,39.0,0.0,16,0,4,0,Home Win
